id,client_id,summary,dateoccurred,responsedate,dateclosed,date_fully_closed,hasbeenclosed,status_id,agent_id,user_id,priority_id,tickettype_id,targetdate
5403,110,VPN connection dropping,2025-09-01T08:14:00,2025-09-01T08:49:00,2025-09-01T10:14:00,2025-09-01T10:14:00,true,9,,900,3,1,
4619,104,Firewall rule change,2025-09-01T08:58:00,2025-09-01T10:18:00,,,false,1,16,752,3,1,
5812,113,New starter setup,2025-09-01T09:18:00,2025-09-01T10:27:00,2025-09-02T02:18:00,2025-09-02T02:18:00,true,9,12,585,1,2,
5187,108,Laptop running slowly,2025-09-01T09:44:00,2025-09-01T11:04:00,,,false,2,14,868,1,2,
5083,108,Printer offline,2025-09-01T10:08:00,2025-09-01T11:05:00,2025-09-02T04:08:00,2025-09-02T04:08:00,true,9,13,692,4,1,
6390,119,Printer offline,2025-09-01T10:13:00,2025-09-01T10:51:00,2025-09-02T06:13:00,2025-09-02T06:13:00,true,9,11,753,1,1,
6724,122,New starter setup,2025-09-01T10:44:00,2025-09-01T12:06:00,2025-09-02T17:44:00,2025-09-02T17:44:00,true,9,15,655,3,1,
5087,108,New starter setup,2025-09-01T11:07:00,2025-09-01T11:36:00,2025-09-03T09:07:00,2025-09-03T09:07:00,true,9,13,889,2,1,
5811,113,Phone system fault,2025-09-01T11:11:00,2025-09-01T12:15:00,2025-09-02T03:11:00,2025-09-02T03:11:00,true,9,15,795,1,1,
6812,123,Backup job failed,2025-09-01T11:40:00,2025-09-01T13:02:00,2025-09-02T21:40:00,2025-09-02T21:40:00,true,9,11,812,2,2,
4449,103,Backup job failed,2025-09-01T11:46:00,2025-09-01T12:06:00,2025-09-02T03:46:00,2025-09-02T03:46:00,true,9,15,724,2,2,
5530,111,Laptop running slowly,2025-09-01T12:11:00,2025-09-01T12:44:00,2025-09-02T00:11:00,2025-09-02T00:11:00,true,9,13,571,4,2,
5539,111,VPN connection dropping,2025-09-01T12:45:00,2025-09-01T13:49:00,2025-09-01T14:45:00,2025-09-01T14:45:00,true,9,14,553,4,2,
4323,102,Firewall rule change,2025-09-01T14:34:00,2025-09-01T15:10:00,2025-09-02T05:34:00,2025-09-02T05:34:00,true,9,12,882,1,2,
5656,112,New starter setup,2025-09-01T14:58:00,2025-09-01T16:23:00,2025-09-02T02:58:00,2025-09-02T02:58:00,true,9,15,572,2,1,
4005,100,Password reset,2025-09-01T15:08:00,2025-09-01T15:39:00,2025-09-01T17:08:00,2025-09-01T17:08:00,true,9,13,646,2,2,
6385,119,MFA reset,2025-09-01T15:14:00,2025-09-01T15:44:00,2025-09-02T02:14:00,2025-09-02T02:14:00,true,9,11,667,2,2,
6813,123,VPN connection dropping,2025-09-01T15:32:00,,,,false,2,11,696,2,2,
6389,119,Printer offline,2025-09-01T15:58:00,2025-09-01T16:20:00,2025-09-02T02:58:00,2025-09-02T02:58:00,true,9,16,607,1,1,
4457,103,New starter setup,2025-09-01T16:02:00,2025-09-01T17:12:00,2025-09-02T23:02:00,2025-09-02T23:02:00,true,9,16,645,4,2,
6108,116,Shared drive access,2025-09-01T16:14:00,2025-09-01T17:27:00,2025-09-03T05:14:00,2025-09-03T05:14:00,true,9,15,569,4,1,
4937,107,Mailbox full,2025-09-01T16:17:00,2025-09-01T17:09:00,2025-09-03T11:17:00,2025-09-03T11:17:00,true,9,15,701,1,2,
4943,107,Shared drive access,2025-09-01T16:31:00,,,,false,3,11,701,1,1,
4177,101,Backup job failed,2025-09-01T16:32:00,2025-09-01T18:15:00,2025-09-02T09:32:00,2025-09-02T09:32:00,true,9,16,582,2,2,
6387,119,Outlook not syncing,2025-09-01T17:04:00,2025-09-01T17:35:00,2025-09-03T03:04:00,2025-09-03T03:04:00,true,9,12,595,1,1,
6314,118,Phone system fault,2025-09-01T17:25:00,2025-09-01T19:03:00,2025-09-03T01:25:00,2025-09-03T01:25:00,true,9,15,810,1,2,
6109,116,MFA reset,2025-09-01T17:55:00,2025-09-01T19:08:00,2025-09-01T22:55:00,2025-09-01T22:55:00,true,9,15,737,2,2,
4167,101,Teams audio issue,2025-09-01T17:56:00,2025-09-01T18:41:00,2025-09-02T23:56:00,2025-09-02T23:56:00,true,9,16,764,4,2,
5655,112,Laptop running slowly,2025-09-01T19:01:00,2025-09-01T20:36:00,2025-09-02T23:01:00,2025-09-02T23:01:00,true,9,11,716,3,1,
5405,110,Password reset,2025-09-01T23:04:00,2025-09-02T00:55:00,2025-09-02T15:04:00,2025-09-02T15:04:00,true,9,,896,2,1,
4001,100,Laptop running slowly,2025-09-02T08:34:00,2025-09-02T10:29:00,2025-09-03T04:34:00,2025-09-03T04:34:00,true,9,11,606,4,2,
5660,112,Laptop running slowly,2025-09-02T15:32:00,2025-09-02T17:00:00,2025-09-02T23:32:00,2025-09-02T23:32:00,true,9,12,887,4,1,
5662,112,VPN connection dropping,2025-09-02T16:32:00,2025-09-02T18:01:00,2025-09-04T01:32:00,2025-09-04T01:32:00,true,9,11,618,3,1,
5228,109,VPN connection dropping,2025-09-02T17:31:00,2025-09-02T18:45:00,2025-09-03T18:31:00,2025-09-03T18:31:00,true,9,13,687,4,2,
4176,101,Teams audio issue,2025-09-02T17:39:00,2025-09-02T18:27:00,2025-09-03T21:39:00,2025-09-03T21:39:00,true,9,11,880,4,1,
4793,106,New starter setup,2025-09-03T08:09:00,,,,false,3,16,847,3,1,
5219,109,Firewall rule change,2025-09-03T08:49:00,2025-09-03T10:34:00,,,false,3,16,817,1,1,
5399,110,Outlook not syncing,2025-09-03T09:29:00,2025-09-03T10:15:00,2025-09-05T04:29:00,2025-09-05T04:29:00,true,9,,579,4,1,
4647,105,MFA reset,2025-09-03T09:52:00,2025-09-03T10:36:00,2025-09-03T11:52:00,2025-09-03T11:52:00,true,9,15,797,3,1,
5531,111,Teams audio issue,2025-09-03T10:16:00,2025-09-03T10:45:00,2025-09-03T19:16:00,2025-09-03T19:16:00,true,9,15,550,2,1,
6400,119,Backup job failed,2025-09-03T10:47:00,,,,false,3,16,891,4,2,
5661,112,Password reset,2025-09-03T11:35:00,2025-09-03T12:36:00,2025-09-05T04:35:00,2025-09-05T04:35:00,true,9,14,715,3,2,
4795,106,Phone system fault,2025-09-03T12:28:00,2025-09-03T12:59:00,2025-09-04T02:28:00,2025-09-04T02:28:00,true,9,16,652,2,2,
4447,103,Server disk space,2025-09-03T13:45:00,2025-09-03T15:08:00,2025-09-05T09:45:00,2025-09-05T09:45:00,true,9,13,895,1,1,
4452,103,VPN connection dropping,2025-09-04T08:19:00,2025-09-04T08:45:00,2025-09-04T12:19:00,2025-09-04T12:19:00,true,9,13,731,2,2,
5940,114,Mailbox full,2025-09-04T11:17:00,2025-09-04T12:31:00,2025-09-06T00:17:00,2025-09-06T00:17:00,true,9,15,664,4,1,
5538,111,Laptop running slowly,2025-09-04T12:25:00,2025-09-04T14:07:00,2025-09-04T15:25:00,2025-09-04T15:25:00,true,9,11,534,3,2,
4004,100,Teams audio issue,2025-09-04T14:10:00,2025-09-04T15:50:00,2025-09-05T08:10:00,2025-09-05T08:10:00,true,9,14,685,1,1,
5222,109,Printer offline,2025-09-04T15:42:00,2025-09-04T16:13:00,2025-09-05T17:42:00,2025-09-05T17:42:00,true,9,14,523,1,2,
5402,110,Phone system fault,2025-09-05T09:06:00,2025-09-05T10:03:00,2025-09-05T18:06:00,2025-09-05T18:06:00,true,9,,598,2,2,
6728,122,Printer offline,2025-09-05T12:48:00,2025-09-05T13:24:00,2025-09-06T20:48:00,2025-09-06T20:48:00,true,9,14,847,3,1,
6601,121,Firewall rule change,2025-09-05T13:35:00,2025-09-05T14:51:00,2025-09-07T13:35:00,2025-09-07T13:35:00,true,9,14,733,2,1,
4791,106,Mailbox full,2025-09-05T13:40:00,2025-09-05T15:27:00,2025-09-05T21:40:00,2025-09-05T21:40:00,true,9,11,831,3,1,
6106,116,Mailbox full,2025-09-05T14:35:00,2025-09-05T15:57:00,2025-09-05T20:35:00,2025-09-05T20:35:00,true,9,16,548,1,2,
5077,108,Laptop running slowly,2025-09-05T14:43:00,2025-09-05T15:07:00,2025-09-07T14:43:00,2025-09-07T14:43:00,true,9,15,507,4,2,
5082,108,Server disk space,2025-09-05T15:00:00,2025-09-05T15:52:00,2025-09-07T04:00:00,2025-09-07T04:00:00,true,9,12,584,4,2,
4446,103,MFA reset,2025-09-06T03:58:00,2025-09-06T04:22:00,2025-09-07T11:58:00,2025-09-07T11:58:00,true,9,12,891,2,1,
5220,109,Teams audio issue,2025-09-08T03:35:00,2025-09-08T04:45:00,2025-09-09T15:35:00,2025-09-09T15:35:00,true,9,14,721,4,2,
6811,123,Laptop running slowly,2025-09-08T08:06:00,2025-09-08T09:38:00,2025-09-09T21:06:00,2025-09-09T21:06:00,true,9,15,817,1,1,
4158,101,Laptop running slowly,2025-09-08T08:32:00,2025-09-08T10:21:00,2025-09-09T18:32:00,2025-09-09T18:32:00,true,9,13,583,2,2,
5223,109,Password reset,2025-09-08T09:20:00,2025-09-08T09:51:00,2025-09-09T22:20:00,2025-09-09T22:20:00,true,9,14,658,3,1,
4324,102,Teams audio issue,2025-09-08T09:58:00,,,,false,3,11,561,2,1,
4932,107,New starter setup,2025-09-08T10:41:00,2025-09-08T12:00:00,2025-09-09T05:41:00,2025-09-09T05:41:00,true,9,14,701,2,1,
6810,123,Phone system fault,2025-09-08T10:48:00,,,,false,1,13,886,3,1,
5808,113,Outlook not syncing,2025-09-08T12:04:00,2025-09-08T12:59:00,2025-09-08T19:04:00,2025-09-08T19:04:00,true,9,12,667,4,2,
4649,105,Mailbox full,2025-09-08T12:17:00,2025-09-08T13:26:00,2025-09-10T09:17:00,2025-09-10T09:17:00,true,9,15,691,1,2,
4651,105,Mailbox full,2025-09-08T12:46:00,,,,false,1,14,899,2,1,
4456,103,Laptop running slowly,2025-09-08T12:50:00,2025-09-08T14:31:00,2025-09-08T22:50:00,2025-09-08T22:50:00,true,9,14,539,4,1,
5941,114,Laptop running slowly,2025-09-08T13:05:00,2025-09-08T14:29:00,2025-09-08T22:05:00,2025-09-08T22:05:00,true,9,15,882,3,1,
5221,109,Backup job failed,2025-09-08T13:23:00,2025-09-08T15:18:00,2025-09-09T15:23:00,2025-09-09T15:23:00,true,9,15,691,1,1,
6726,122,MFA reset,2025-09-08T13:34:00,2025-09-08T15:21:00,2025-09-10T13:34:00,2025-09-10T13:34:00,true,9,16,886,4,1,
6028,115,Printer offline,2025-09-08T15:31:00,2025-09-08T17:22:00,2025-09-08T17:31:00,2025-09-08T17:31:00,true,9,16,655,3,1,
4161,101,Password reset,2025-09-08T17:54:00,2025-09-08T18:29:00,2025-09-08T20:54:00,2025-09-08T20:54:00,true,9,12,637,3,1,
5813,113,MFA reset,2025-09-08T19:20:00,2025-09-08T19:57:00,2025-09-09T07:20:00,2025-09-09T07:20:00,true,9,13,782,1,1,
4938,107,Laptop running slowly,2025-09-09T09:42:00,2025-09-09T11:36:00,,,false,1,15,701,4,1,
4455,103,Server disk space,2025-09-09T09:53:00,2025-09-09T10:44:00,2025-09-09T19:53:00,2025-09-09T19:53:00,true,9,14,544,4,2,
5535,111,VPN connection dropping,2025-09-09T10:06:00,2025-09-09T11:03:00,2025-09-09T21:06:00,2025-09-09T21:06:00,true,9,11,671,3,2,
4325,102,Phone system fault,2025-09-09T12:11:00,2025-09-09T12:50:00,2025-09-10T02:11:00,2025-09-10T02:11:00,true,9,12,583,1,1,
4175,101,Software install request,2025-09-09T13:11:00,2025-09-09T14:52:00,2025-09-10T16:11:00,2025-09-10T16:11:00,true,9,13,700,1,1,
5218,109,Printer offline,2025-09-09T15:57:00,2025-09-09T17:27:00,2025-09-10T16:57:00,2025-09-10T16:57:00,true,9,12,889,4,2,
6865,124,Software install request,2025-09-09T16:03:00,2025-09-09T17:48:00,2025-09-11T00:03:00,2025-09-11T00:03:00,true,9,14,900,1,1,
4166,101,Printer offline,2025-09-09T21:24:00,2025-09-09T21:51:00,2025-09-11T09:24:00,2025-09-11T09:24:00,true,9,13,851,4,1,
5226,109,Laptop running slowly,2025-09-09T22:18:00,2025-09-09T22:38:00,2025-09-11T20:18:00,2025-09-11T20:18:00,true,9,16,510,1,2,
6394,119,Teams audio issue,2025-09-10T11:59:00,2025-09-10T12:12:00,2025-09-12T03:59:00,2025-09-12T03:59:00,true,9,13,725,2,1,
4454,103,Teams audio issue,2025-09-10T12:44:00,2025-09-10T14:17:00,2025-09-12T07:44:00,2025-09-12T07:44:00,true,9,11,689,4,2,
6388,119,Printer offline,2025-09-10T13:12:00,2025-09-10T13:38:00,2025-09-12T02:12:00,2025-09-12T02:12:00,true,9,11,854,3,1,
5397,110,Shared drive access,2025-09-10T14:32:00,2025-09-10T15:22:00,,,false,3,,785,1,1,
4159,101,Outlook not syncing,2025-09-10T16:32:00,2025-09-10T17:13:00,2025-09-11T21:32:00,2025-09-11T21:32:00,true,9,16,509,1,2,
4010,100,Backup job failed,2025-09-10T21:01:00,2025-09-10T21:38:00,2025-09-12T21:01:00,2025-09-12T21:01:00,true,9,11,730,4,1,
6596,121,Teams audio issue,2025-09-11T08:07:00,2025-09-11T09:28:00,2025-09-11T20:07:00,2025-09-11T20:07:00,true,9,12,616,3,1,
5529,111,Outlook not syncing,2025-09-11T09:42:00,2025-09-11T10:32:00,2025-09-11T14:42:00,2025-09-11T14:42:00,true,9,12,726,3,1,
5654,112,Server disk space,2025-09-11T13:05:00,2025-09-11T14:23:00,2025-09-12T18:05:00,2025-09-12T18:05:00,true,9,13,537,3,1,
6313,118,New starter setup,2025-09-11T15:41:00,2025-09-11T17:22:00,2025-09-13T13:41:00,2025-09-13T13:41:00,true,9,13,649,1,1,
6867,124,MFA reset,2025-09-11T16:19:00,2025-09-11T17:13:00,2025-09-11T20:19:00,2025-09-11T20:19:00,true,9,12,814,2,2,
6386,119,Printer offline,2025-09-11T16:21:00,,,,false,2,11,613,2,1,
5807,113,Outlook not syncing,2025-09-11T16:42:00,2025-09-11T17:27:00,2025-09-12T16:42:00,2025-09-12T16:42:00,true,9,15,524,4,1,
4940,107,MFA reset,2025-09-11T16:54:00,2025-09-11T18:18:00,2025-09-12T01:54:00,2025-09-12T01:54:00,true,9,11,701,2,1,
6516,120,Phone system fault,2025-09-12T10:11:00,2025-09-12T11:04:00,2025-09-12T16:11:00,2025-09-12T16:11:00,true,9,11,733,1,2,
5191,108,Firewall rule change,2025-09-12T11:09:00,2025-09-12T11:37:00,,,false,2,11,511,2,1,
4322,102,Firewall rule change,2025-09-12T12:24:00,2025-09-12T12:51:00,2025-09-13T12:24:00,2025-09-13T12:24:00,true,9,12,792,2,1,
5537,111,Backup job failed,2025-09-12T12:39:00,2025-09-12T14:31:00,2025-09-12T18:39:00,2025-09-12T18:39:00,true,9,14,629,4,2,
6518,120,Phone system fault,2025-09-12T14:50:00,2025-09-12T16:12:00,2025-09-14T02:50:00,2025-09-14T02:50:00,true,9,13,676,4,1,
6107,116,Software install request,2025-09-12T14:53:00,2025-09-12T16:05:00,2025-09-13T16:53:00,2025-09-13T16:53:00,true,9,14,751,3,1,
6138,117,Outlook not syncing,2025-09-12T17:56:00,2025-09-12T18:13:00,2025-09-14T01:56:00,2025-09-14T01:56:00,true,9,11,669,3,1,
4444,103,Printer offline,2025-09-12T17:59:00,2025-09-12T19:07:00,2025-09-14T03:59:00,2025-09-14T03:59:00,true,9,15,783,3,1,
4170,101,VPN connection dropping,2025-09-14T03:01:00,2025-09-14T03:17:00,2025-09-14T10:01:00,2025-09-14T10:01:00,true,9,12,585,2,2,
6309,118,Firewall rule change,2025-09-15T08:47:00,2025-09-15T09:38:00,2025-09-15T20:47:00,2025-09-15T20:47:00,true,9,13,659,4,2,
5664,112,Password reset,2025-09-15T09:27:00,2025-09-15T10:03:00,2025-09-16T05:27:00,2025-09-16T05:27:00,true,9,11,783,3,2,
4941,107,Password reset,2025-09-15T09:32:00,2025-09-15T09:58:00,2025-09-16T19:32:00,2025-09-16T19:32:00,true,9,16,701,4,1,
4448,103,Password reset,2025-09-15T09:54:00,,,,false,2,16,815,4,1,
5810,113,New starter setup,2025-09-15T10:04:00,2025-09-15T10:49:00,2025-09-17T09:04:00,2025-09-17T09:04:00,true,9,12,666,1,2,
6723,122,VPN connection dropping,2025-09-15T10:17:00,2025-09-15T10:42:00,2025-09-17T07:17:00,2025-09-17T07:17:00,true,9,15,686,1,2,
4445,103,Outlook not syncing,2025-09-15T10:21:00,2025-09-15T11:56:00,2025-09-15T17:21:00,2025-09-15T17:21:00,true,9,12,829,4,2,
4174,101,Teams audio issue,2025-09-15T10:40:00,2025-09-15T11:05:00,2025-09-16T20:40:00,2025-09-16T20:40:00,true,9,12,862,2,2,
6396,119,Laptop running slowly,2025-09-15T11:25:00,2025-09-15T11:41:00,2025-09-16T10:25:00,2025-09-16T10:25:00,true,9,13,581,1,2,
5663,112,Laptop running slowly,2025-09-15T12:42:00,2025-09-15T13:54:00,2025-09-17T09:42:00,2025-09-17T09:42:00,true,9,13,640,3,2,
5225,109,Password reset,2025-09-15T13:07:00,2025-09-15T14:31:00,2025-09-17T00:07:00,2025-09-17T00:07:00,true,9,13,840,3,2,
4321,102,Laptop running slowly,2025-09-15T13:32:00,2025-09-15T13:45:00,2025-09-16T16:32:00,2025-09-16T16:32:00,true,9,15,527,4,1,
4935,107,Mailbox full,2025-09-15T13:40:00,2025-09-15T14:21:00,2025-09-16T19:40:00,2025-09-16T19:40:00,true,9,12,701,3,2,
6399,119,Printer offline,2025-09-15T14:10:00,2025-09-15T14:33:00,2025-09-16T10:10:00,2025-09-16T10:10:00,true,9,11,849,3,2,
5398,110,MFA reset,2025-09-15T14:19:00,2025-09-15T16:08:00,2025-09-15T20:19:00,2025-09-15T20:19:00,true,9,,812,4,1,
4645,105,VPN connection dropping,2025-09-15T14:36:00,2025-09-15T16:22:00,2025-09-16T06:36:00,2025-09-16T06:36:00,true,9,15,740,1,1,
4933,107,Teams audio issue,2025-09-15T14:52:00,2025-09-15T16:20:00,2025-09-17T13:52:00,2025-09-17T13:52:00,true,9,15,701,4,2,
6599,121,Laptop running slowly,2025-09-15T14:59:00,2025-09-15T15:34:00,2025-09-17T06:59:00,2025-09-17T06:59:00,true,9,14,722,1,1,
4164,101,VPN connection dropping,2025-09-15T15:16:00,2025-09-15T16:00:00,2025-09-17T15:16:00,2025-09-17T15:16:00,true,9,12,637,3,2,
6729,122,Password reset,2025-09-15T15:19:00,2025-09-15T16:05:00,2025-09-17T12:19:00,2025-09-17T12:19:00,true,9,11,545,1,2,
6110,116,Shared drive access,2025-09-15T15:35:00,2025-09-15T16:59:00,,,false,3,12,675,3,2,
5076,108,New starter setup,2025-09-15T16:32:00,2025-09-15T17:01:00,2025-09-15T18:32:00,2025-09-15T18:32:00,true,9,15,891,2,1,
4162,101,New starter setup,2025-09-15T16:44:00,2025-09-15T18:06:00,2025-09-17T13:44:00,2025-09-17T13:44:00,true,9,16,779,1,1,
4169,101,Shared drive access,2025-09-15T17:09:00,2025-09-15T18:06:00,2025-09-17T01:09:00,2025-09-17T01:09:00,true,9,15,504,3,1,
6592,121,Firewall rule change,2025-09-15T17:25:00,2025-09-15T19:04:00,2025-09-16T13:25:00,2025-09-16T13:25:00,true,9,14,588,3,1,
4007,100,Server disk space,2025-09-15T17:32:00,2025-09-15T19:06:00,2025-09-17T06:32:00,2025-09-17T06:32:00,true,9,12,706,1,1,
5533,111,Outlook not syncing,2025-09-16T02:14:00,2025-09-16T03:03:00,2025-09-16T07:14:00,2025-09-16T07:14:00,true,9,12,653,4,1,
4934,107,Software install request,2025-09-16T03:01:00,2025-09-16T04:00:00,,,false,3,16,701,1,1,
4157,101,Password reset,2025-09-16T08:11:00,2025-09-16T09:52:00,2025-09-17T07:11:00,2025-09-17T07:11:00,true,9,11,645,3,2,
4168,101,New starter setup,2025-09-16T08:59:00,2025-09-16T10:47:00,2025-09-17T05:59:00,2025-09-17T05:59:00,true,9,13,581,1,1,
4165,101,Laptop running slowly,2025-09-16T09:32:00,2025-09-16T11:32:00,2025-09-17T22:32:00,2025-09-17T22:32:00,true,9,11,883,1,2,
6392,119,Shared drive access,2025-09-16T09:35:00,2025-09-16T10:11:00,2025-09-16T16:35:00,2025-09-16T16:35:00,true,9,11,832,3,1,
6519,120,Printer offline,2025-09-16T11:35:00,2025-09-16T13:17:00,2025-09-18T09:35:00,2025-09-18T09:35:00,true,9,14,787,1,1,
6862,124,MFA reset,2025-09-16T11:40:00,2025-09-16T12:12:00,2025-09-17T07:40:00,2025-09-17T07:40:00,true,9,13,671,3,1,
4792,106,Shared drive access,2025-09-16T11:54:00,2025-09-16T12:29:00,2025-09-17T15:54:00,2025-09-17T15:54:00,true,9,14,660,1,1,
5534,111,MFA reset,2025-09-16T13:31:00,2025-09-16T14:52:00,2025-09-16T16:31:00,2025-09-16T16:31:00,true,9,15,846,2,1,
4002,100,Backup job failed,2025-09-16T13:50:00,2025-09-16T15:31:00,2025-09-18T04:50:00,2025-09-18T04:50:00,true,9,13,574,2,1,
6141,117,Outlook not syncing,2025-09-16T14:47:00,2025-09-16T15:16:00,,,false,3,13,815,4,1,
6864,124,Outlook not syncing,2025-09-16T16:59:00,2025-09-16T17:37:00,2025-09-17T00:59:00,2025-09-17T00:59:00,true,9,11,580,3,2,
4453,103,Software install request,2025-09-17T08:28:00,2025-09-17T09:38:00,2025-09-17T14:28:00,2025-09-17T14:28:00,true,9,11,647,4,1,
6593,121,Outlook not syncing,2025-09-17T09:00:00,2025-09-17T10:54:00,2025-09-18T07:00:00,2025-09-18T07:00:00,true,9,15,856,1,1,
6139,117,Teams audio issue,2025-09-17T09:02:00,2025-09-17T09:53:00,2025-09-19T00:02:00,2025-09-19T00:02:00,true,9,14,583,1,2,
4617,104,Backup job failed,2025-09-17T09:20:00,2025-09-17T10:14:00,2025-09-19T03:20:00,2025-09-19T03:20:00,true,9,11,848,1,2,
6514,120,Phone system fault,2025-09-17T09:25:00,2025-09-17T09:55:00,2025-09-18T15:25:00,2025-09-18T15:25:00,true,9,16,818,3,2,
4008,100,Printer offline,2025-09-17T09:44:00,2025-09-17T10:42:00,2025-09-19T02:44:00,2025-09-19T02:44:00,true,9,15,625,3,1,
4794,106,Teams audio issue,2025-09-17T12:12:00,2025-09-17T13:41:00,2025-09-19T05:12:00,2025-09-19T05:12:00,true,9,15,626,2,1,
6140,117,Laptop running slowly,2025-09-17T12:47:00,2025-09-17T13:32:00,2025-09-17T16:47:00,2025-09-17T16:47:00,true,9,11,722,4,1,
5938,114,Password reset,2025-09-17T15:28:00,,,,false,2,16,608,4,1,
6590,121,VPN connection dropping,2025-09-17T16:25:00,2025-09-17T17:25:00,2025-09-19T03:25:00,2025-09-19T03:25:00,true,9,15,633,1,1,
4451,103,Teams audio issue,2025-09-17T17:11:00,2025-09-17T18:36:00,2025-09-18T02:11:00,2025-09-18T02:11:00,true,9,11,829,4,2,
4006,100,Server disk space,2025-09-17T17:13:00,2025-09-17T17:32:00,,,false,1,16,897,3,1,
6311,118,Teams audio issue,2025-09-17T17:42:00,2025-09-17T18:19:00,2025-09-18T15:42:00,2025-09-18T15:42:00,true,9,15,805,4,1,
6395,119,Software install request,2025-09-17T23:39:00,2025-09-17T23:51:00,2025-09-18T07:39:00,2025-09-18T07:39:00,true,9,13,529,3,2,
5229,109,Outlook not syncing,2025-09-18T08:04:00,2025-09-18T10:03:00,2025-09-19T02:04:00,2025-09-19T02:04:00,true,9,15,576,1,1,
6591,121,Software install request,2025-09-18T10:49:00,2025-09-18T11:31:00,2025-09-18T19:49:00,2025-09-18T19:49:00,true,9,11,831,3,2,
6111,116,Firewall rule change,2025-09-18T11:10:00,2025-09-18T12:16:00,2025-09-19T09:10:00,2025-09-19T09:10:00,true,9,12,797,1,1,
4650,105,Laptop running slowly,2025-09-18T11:41:00,,,,false,2,16,885,1,2,
5400,110,New starter setup,2025-09-18T11:44:00,,,,false,1,,776,1,2,
6515,120,Shared drive access,2025-09-18T11:48:00,2025-09-18T12:46:00,2025-09-20T02:48:00,2025-09-20T02:48:00,true,9,15,742,2,2,
4652,105,Software install request,2025-09-18T12:51:00,,,,false,1,13,525,2,2,
4450,103,New starter setup,2025-09-18T23:27:00,2025-09-19T01:22:00,2025-09-20T07:27:00,2025-09-20T07:27:00,true,9,15,774,2,1,
6594,121,Mailbox full,2025-09-19T08:34:00,2025-09-19T08:59:00,2025-09-21T01:34:00,2025-09-21T01:34:00,true,9,13,710,4,2,
6026,115,New starter setup,2025-09-19T08:45:00,2025-09-19T09:44:00,,,false,1,11,593,4,2,
4160,101,New starter setup,2025-09-19T09:43:00,2025-09-19T10:37:00,2025-09-20T09:43:00,2025-09-20T09:43:00,true,9,16,589,3,1,
6031,115,Firewall rule change,2025-09-19T11:49:00,2025-09-19T13:33:00,,,false,2,12,513,3,2,
6603,121,Password reset,2025-09-19T11:51:00,2025-09-19T13:14:00,2025-09-20T21:51:00,2025-09-20T21:51:00,true,9,15,736,3,2,
5079,108,VPN connection dropping,2025-09-19T12:04:00,2025-09-19T13:39:00,2025-09-21T01:04:00,2025-09-21T01:04:00,true,9,12,798,3,1,
4936,107,Laptop running slowly,2025-09-19T12:24:00,2025-09-19T13:49:00,2025-09-19T22:24:00,2025-09-19T22:24:00,true,9,14,701,4,1,
5081,108,New starter setup,2025-09-19T12:49:00,2025-09-19T13:37:00,2025-09-21T07:49:00,2025-09-21T07:49:00,true,9,15,546,2,1,
5815,113,Teams audio issue,2025-09-19T14:20:00,,,,false,3,14,768,2,2,
6144,117,Phone system fault,2025-09-19T15:21:00,2025-09-19T16:59:00,2025-09-19T19:21:00,2025-09-19T19:21:00,true,9,16,708,1,1,
4939,107,Firewall rule change,2025-09-19T16:05:00,2025-09-19T17:32:00,2025-09-20T22:05:00,2025-09-20T22:05:00,true,9,13,701,4,2,
6517,120,Mailbox full,2025-09-19T16:23:00,2025-09-19T18:11:00,2025-09-20T14:23:00,2025-09-20T14:23:00,true,9,16,716,1,2,
6393,119,Phone system fault,2025-09-20T03:00:00,2025-09-20T03:23:00,2025-09-21T02:00:00,2025-09-21T02:00:00,true,9,11,799,2,2,
6595,121,Teams audio issue,2025-09-21T20:26:00,2025-09-21T21:48:00,2025-09-21T22:26:00,2025-09-21T22:26:00,true,9,14,846,3,1,
4644,105,Password reset,2025-09-22T08:38:00,,,,false,1,11,517,3,1,
4620,104,Teams audio issue,2025-09-22T09:41:00,2025-09-22T10:23:00,2025-09-23T11:41:00,2025-09-23T11:41:00,true,9,16,797,4,1,
4172,101,Password reset,2025-09-22T10:02:00,2025-09-22T11:22:00,2025-09-23T14:02:00,2025-09-23T14:02:00,true,9,11,823,4,2,
5224,109,Software install request,2025-09-22T11:10:00,2025-09-22T12:21:00,2025-09-23T16:10:00,2025-09-23T16:10:00,true,9,14,703,1,1,
4443,103,Software install request,2025-09-22T11:49:00,2025-09-22T13:39:00,2025-09-23T06:49:00,2025-09-23T06:49:00,true,9,12,535,2,1,
5665,112,MFA reset,2025-09-22T11:53:00,2025-09-22T12:31:00,2025-09-22T18:53:00,2025-09-22T18:53:00,true,9,16,564,2,2,
4009,100,Phone system fault,2025-09-22T12:02:00,2025-09-22T12:42:00,2025-09-22T23:02:00,2025-09-22T23:02:00,true,9,15,710,1,1,
4797,106,Printer offline,2025-09-22T12:07:00,2025-09-22T12:46:00,2025-09-23T21:07:00,2025-09-23T21:07:00,true,9,16,621,1,1,
5084,108,Mailbox full,2025-09-22T12:08:00,2025-09-22T14:06:00,2025-09-24T01:08:00,2025-09-24T01:08:00,true,9,12,616,4,1,
4003,100,Laptop running slowly,2025-09-22T12:15:00,2025-09-22T12:47:00,2025-09-23T04:15:00,2025-09-23T04:15:00,true,9,11,881,1,2,
6310,118,Laptop running slowly,2025-09-22T12:15:00,2025-09-22T12:30:00,2025-09-23T23:15:00,2025-09-23T23:15:00,true,9,11,667,3,1,
5657,112,Outlook not syncing,2025-09-22T12:28:00,2025-09-22T14:01:00,2025-09-23T23:28:00,2025-09-23T23:28:00,true,9,12,830,1,1,
4618,104,VPN connection dropping,2025-09-22T12:50:00,2025-09-22T14:42:00,2025-09-23T21:50:00,2025-09-23T21:50:00,true,9,11,707,2,1,
5190,108,Outlook not syncing,2025-09-22T12:53:00,2025-09-22T14:02:00,,,false,3,15,633,1,1,
6598,121,Laptop running slowly,2025-09-22T12:57:00,2025-09-22T13:35:00,2025-09-23T00:57:00,2025-09-23T00:57:00,true,9,16,724,2,2,
5189,108,Printer offline,2025-09-22T13:14:00,2025-09-22T14:22:00,,,false,1,16,661,1,2,
4648,105,Firewall rule change,2025-09-22T13:28:00,,,,false,2,12,567,4,2,
5227,109,Backup job failed,2025-09-22T13:46:00,2025-09-22T15:09:00,2025-09-24T09:46:00,2025-09-24T09:46:00,true,9,13,841,4,1,
4796,106,MFA reset,2025-09-22T13:49:00,2025-09-22T14:09:00,2025-09-23T06:49:00,2025-09-23T06:49:00,true,9,11,585,3,2,
5230,109,Server disk space,2025-09-22T13:50:00,2025-09-22T14:08:00,2025-09-23T14:50:00,2025-09-23T14:50:00,true,9,11,735,4,2,
5816,113,Mailbox full,2025-09-22T13:58:00,2025-09-22T15:50:00,2025-09-22T15:58:00,2025-09-22T15:58:00,true,9,16,872,4,1,
6814,123,Phone system fault,2025-09-22T14:06:00,2025-09-22T15:40:00,2025-09-22T23:06:00,2025-09-22T23:06:00,true,9,14,858,4,1,
6142,117,Teams audio issue,2025-09-22T14:15:00,2025-09-22T14:48:00,,,false,2,16,552,3,2,
6868,124,New starter setup,2025-09-22T16:21:00,2025-09-22T17:43:00,2025-09-24T10:21:00,2025-09-24T10:21:00,true,9,11,833,1,1,
6600,121,Phone system fault,2025-09-23T05:22:00,2025-09-23T05:59:00,2025-09-24T07:22:00,2025-09-24T07:22:00,true,9,14,873,4,1,
4163,101,Shared drive access,2025-09-23T12:44:00,2025-09-23T14:25:00,2025-09-24T18:44:00,2025-09-24T18:44:00,true,9,16,517,3,1,
6602,121,Phone system fault,2025-09-23T13:48:00,2025-09-23T14:06:00,2025-09-25T08:48:00,2025-09-25T08:48:00,true,9,12,888,4,2,
6866,124,Teams audio issue,2025-09-23T13:52:00,2025-09-23T15:33:00,2025-09-23T19:52:00,2025-09-23T19:52:00,true,9,16,802,3,1,
5659,112,Backup job failed,2025-09-23T13:58:00,2025-09-23T15:32:00,2025-09-25T05:58:00,2025-09-25T05:58:00,true,9,13,868,3,1,
5085,108,Teams audio issue,2025-09-24T08:01:00,2025-09-24T08:36:00,,,false,2,12,520,3,2,
5809,113,Password reset,2025-09-24T08:15:00,2025-09-24T09:24:00,2025-09-25T15:15:00,2025-09-25T15:15:00,true,9,16,542,4,2,
4173,101,MFA reset,2025-09-24T09:10:00,2025-09-24T10:15:00,2025-09-25T00:10:00,2025-09-25T00:10:00,true,9,14,806,4,1,
5942,114,Password reset,2025-09-24T11:42:00,2025-09-24T13:35:00,,,false,2,16,573,4,2,
5404,110,Software install request,2025-09-24T12:33:00,2025-09-24T13:00:00,2025-09-25T17:33:00,2025-09-25T17:33:00,true,9,,560,2,2,
6597,121,Printer offline,2025-09-24T12:39:00,2025-09-24T14:09:00,2025-09-25T15:39:00,2025-09-25T15:39:00,true,9,16,718,3,1,
4646,105,Software install request,2025-09-24T14:59:00,,,,false,3,14,764,1,1,
5540,111,Password reset,2025-09-24T15:47:00,2025-09-24T16:20:00,2025-09-24T19:47:00,2025-09-24T19:47:00,true,9,11,824,1,1,
4171,101,MFA reset,2025-09-24T17:13:00,2025-09-24T18:12:00,2025-09-25T15:13:00,2025-09-25T15:13:00,true,9,15,776,4,2,
5658,112,Mailbox full,2025-09-24T20:05:00,2025-09-24T21:29:00,2025-09-25T06:05:00,2025-09-25T06:05:00,true,9,11,644,1,1,
4616,104,VPN connection dropping,2025-09-25T05:33:00,2025-09-25T06:29:00,2025-09-25T13:33:00,2025-09-25T13:33:00,true,9,12,730,4,2,
6722,122,Backup job failed,2025-09-25T08:14:00,2025-09-25T10:02:00,2025-09-25T13:14:00,2025-09-25T13:14:00,true,9,16,535,4,1,
6143,117,Mailbox full,2025-09-25T08:35:00,2025-09-25T09:18:00,2025-09-26T22:35:00,2025-09-26T22:35:00,true,9,11,883,2,2,
5939,114,Firewall rule change,2025-09-25T08:43:00,2025-09-25T10:28:00,2025-09-26T09:43:00,2025-09-26T09:43:00,true,9,15,593,3,1,
5536,111,MFA reset,2025-09-25T10:03:00,2025-09-25T10:47:00,,,false,1,16,611,2,2,
5532,111,Mailbox full,2025-09-25T13:37:00,2025-09-25T14:42:00,2025-09-25T23:37:00,2025-09-25T23:37:00,true,9,15,849,1,1,
6398,119,Software install request,2025-09-25T16:57:00,2025-09-25T17:20:00,2025-09-26T18:57:00,2025-09-26T18:57:00,true,9,16,572,3,2,
6863,124,Laptop running slowly,2025-09-25T17:17:00,2025-09-25T19:14:00,2025-09-26T10:17:00,2025-09-26T10:17:00,true,9,16,834,4,1,
6312,118,VPN connection dropping,2025-09-25T17:20:00,2025-09-25T18:25:00,2025-09-26T20:20:00,2025-09-26T20:20:00,true,9,13,582,2,1,
5943,114,Software install request,2025-09-25T17:28:00,2025-09-25T18:28:00,2025-09-26T10:28:00,2025-09-26T10:28:00,true,9,12,613,1,1,
5937,114,Phone system fault,2025-09-26T11:34:00,2025-09-26T13:16:00,2025-09-27T10:34:00,2025-09-27T10:34:00,true,9,12,705,1,1,
5080,108,Software install request,2025-09-26T12:34:00,2025-09-26T13:55:00,2025-09-27T05:34:00,2025-09-27T05:34:00,true,9,11,711,2,1,
6391,119,Phone system fault,2025-09-26T12:51:00,2025-09-26T13:32:00,2025-09-28T06:51:00,2025-09-28T06:51:00,true,9,16,643,1,1,
6029,115,Printer offline,2025-09-26T13:05:00,2025-09-26T14:24:00,2025-09-28T12:05:00,2025-09-28T12:05:00,true,9,14,861,3,1,
5814,113,Server disk space,2025-09-26T15:13:00,2025-09-26T17:13:00,2025-09-27T23:13:00,2025-09-27T23:13:00,true,9,15,702,2,1,
5086,108,Outlook not syncing,2025-09-27T19:21:00,2025-09-27T19:44:00,2025-09-28T19:21:00,2025-09-28T19:21:00,true,9,11,705,4,1,
6027,115,Shared drive access,2025-09-27T21:14:00,2025-09-27T22:29:00,,,false,3,12,778,4,2,
6725,122,MFA reset,2025-09-28T05:35:00,2025-09-28T07:20:00,2025-09-29T04:35:00,2025-09-29T04:35:00,true,9,16,647,1,1,
5817,113,Printer offline,2025-09-29T06:13:00,2025-09-29T08:12:00,2025-09-29T15:13:00,2025-09-29T15:13:00,true,9,14,878,4,2,
4180,101,New starter setup,2025-09-29T08:48:00,2025-09-29T09:48:00,2025-09-29T16:48:00,2025-09-29T16:48:00,true,9,15,706,1,2,
6397,119,Outlook not syncing,2025-09-29T08:57:00,2025-09-29T09:31:00,2025-09-30T06:57:00,2025-09-30T06:57:00,true,9,15,517,4,1,
4790,106,Mailbox full,2025-09-29T09:32:00,2025-09-29T10:07:00,2025-09-30T10:32:00,2025-09-30T10:32:00,true,9,12,538,2,1,
5078,108,Backup job failed,2025-09-29T10:27:00,2025-09-29T11:44:00,2025-09-29T18:27:00,2025-09-29T18:27:00,true,9,13,773,3,1,
5188,108,New starter setup,2025-09-29T10:28:00,2025-09-29T11:55:00,,,false,3,16,641,3,2,
4664,105,MFA reset,2025-09-29T11:22:00,,,,false,3,15,675,2,1,
5089,108,Backup job failed,2025-09-29T11:37:00,2025-09-29T12:13:00,2025-09-30T01:37:00,2025-09-30T01:37:00,true,9,14,679,2,1,
6403,119,Laptop running slowly,2025-09-29T12:44:00,2025-09-29T13:23:00,2025-09-30T19:44:00,2025-09-30T19:44:00,true,9,16,670,2,1,
5217,109,Printer offline,2025-09-29T12:57:00,2025-09-29T14:37:00,2025-09-29T19:57:00,2025-09-29T19:57:00,true,9,11,553,3,2,
6727,122,Phone system fault,2025-09-29T13:09:00,2025-09-29T15:09:00,2025-09-30T22:09:00,2025-09-30T22:09:00,true,9,13,728,2,1,
6030,115,Backup job failed,2025-09-29T13:45:00,2025-09-29T15:35:00,2025-10-01T00:45:00,2025-10-01T00:45:00,true,9,15,889,1,2,
4653,105,Outlook not syncing,2025-09-29T14:03:00,,,,false,2,14,589,3,2,
4930,107,Phone system fault,2025-09-29T14:26:00,2025-09-29T14:47:00,2025-09-30T02:26:00,2025-09-30T02:26:00,true,9,12,702,2,2,
4942,107,VPN connection dropping,2025-09-29T17:22:00,2025-09-29T19:02:00,2025-09-29T23:22:00,2025-09-29T23:22:00,true,9,14,701,3,1,
4931,107,Backup job failed,2025-09-29T17:24:00,2025-09-29T17:57:00,2025-09-30T01:24:00,2025-09-30T01:24:00,true,9,13,701,3,1,
5401,110,New starter setup,2025-09-29T17:49:00,2025-09-29T19:28:00,2025-09-30T22:49:00,2025-09-30T22:49:00,true,9,,664,2,2,
6401,119,Outlook not syncing,2025-09-29T23:04:00,2025-09-29T23:29:00,2025-09-30T12:04:00,2025-09-30T12:04:00,true,9,16,727,1,1,
4192,101,Teams audio issue,2025-09-30T08:00:00,2025-09-30T08:54:00,2025-10-02T07:00:00,2025-10-02T07:00:00,true,9,11,531,4,2,
5240,109,Firewall rule change,2025-09-30T09:56:00,2025-09-30T11:56:00,2025-09-30T22:56:00,2025-09-30T22:56:00,true,9,16,696,4,1,
5195,108,Firewall rule change,2025-09-30T11:07:00,2025-09-30T12:26:00,,,false,1,12,766,1,2,
6520,120,Backup job failed,2025-09-30T12:58:00,2025-09-30T14:30:00,2025-10-01T00:58:00,2025-10-01T00:58:00,true,9,12,792,4,2,
4181,101,New starter setup,2025-09-30T13:20:00,2025-09-30T14:46:00,2025-10-01T12:20:00,2025-10-01T12:20:00,true,9,12,760,4,1,
6147,117,VPN connection dropping,2025-09-30T15:04:00,2025-09-30T15:58:00,2025-10-01T14:04:00,2025-10-01T14:04:00,true,9,14,578,4,1,
4660,105,Outlook not syncing,2025-09-30T15:32:00,,,,false,1,12,833,2,1,
5192,108,MFA reset,2025-10-01T08:47:00,2025-10-01T09:39:00,,,false,1,15,607,1,1,
4188,101,Laptop running slowly,2025-10-01T10:08:00,2025-10-01T11:06:00,2025-10-02T09:08:00,2025-10-02T09:08:00,true,9,15,863,3,1,
6321,118,Printer offline,2025-10-01T10:12:00,2025-10-01T10:53:00,2025-10-01T18:12:00,2025-10-01T18:12:00,true,9,14,769,3,1,
6732,122,Password reset,2025-10-01T10:47:00,2025-10-01T11:50:00,2025-10-03T07:47:00,2025-10-03T07:47:00,true,9,13,839,4,1,
6115,116,Shared drive access,2025-10-01T11:22:00,2025-10-01T13:01:00,2025-10-01T23:22:00,2025-10-01T23:22:00,true,9,14,770,1,2,
6034,115,MFA reset,2025-10-01T12:36:00,2025-10-01T14:01:00,2025-10-02T01:36:00,2025-10-02T01:36:00,true,9,11,745,1,1,
4945,107,VPN connection dropping,2025-10-01T13:08:00,2025-10-01T14:07:00,2025-10-02T00:08:00,2025-10-02T00:08:00,true,9,13,701,3,1,
4946,107,Password reset,2025-10-01T17:38:00,2025-10-01T18:09:00,2025-10-02T23:38:00,2025-10-02T23:38:00,true,9,12,701,2,1,
6611,121,Firewall rule change,2025-10-01T23:36:00,2025-10-02T01:22:00,2025-10-02T04:36:00,2025-10-02T04:36:00,true,9,12,546,4,1,
4193,101,Mailbox full,2025-10-02T02:08:00,2025-10-02T04:02:00,2025-10-03T07:08:00,2025-10-03T07:08:00,true,9,14,666,1,2,
6404,119,Server disk space,2025-10-02T08:08:00,2025-10-02T08:39:00,2025-10-03T21:08:00,2025-10-03T21:08:00,true,9,12,775,1,1,
4622,104,Software install request,2025-10-02T08:37:00,2025-10-02T10:19:00,2025-10-02T19:37:00,2025-10-02T19:37:00,true,9,14,593,4,1,
4016,100,Outlook not syncing,2025-10-02T11:33:00,2025-10-02T13:03:00,2025-10-03T01:33:00,2025-10-03T01:33:00,true,9,11,712,2,1,
5092,108,Software install request,2025-10-02T13:49:00,2025-10-02T14:22:00,2025-10-03T23:49:00,2025-10-03T23:49:00,true,9,14,868,3,1,
5194,108,Server disk space,2025-10-02T13:59:00,2025-10-02T14:58:00,,,false,2,16,636,4,1,
5233,109,Printer offline,2025-10-02T16:06:00,2025-10-02T17:31:00,2025-10-04T10:06:00,2025-10-04T10:06:00,true,9,13,586,3,1,
6874,124,Password reset,2025-10-02T16:53:00,2025-10-02T17:33:00,2025-10-03T23:53:00,2025-10-03T23:53:00,true,9,12,748,4,1,
5682,112,Software install request,2025-10-02T16:56:00,2025-10-02T17:16:00,2025-10-03T04:56:00,2025-10-03T04:56:00,true,9,11,828,4,1,
5674,112,VPN connection dropping,2025-10-03T06:51:00,2025-10-03T07:28:00,2025-10-03T14:51:00,2025-10-03T14:51:00,true,9,13,824,1,2,
5945,114,Laptop running slowly,2025-10-03T10:08:00,2025-10-03T10:43:00,,,false,2,11,565,4,2,
6522,120,Laptop running slowly,2025-10-03T15:29:00,2025-10-03T16:53:00,2025-10-04T20:29:00,2025-10-04T20:29:00,true,9,16,875,2,1,
6409,119,Phone system fault,2025-10-03T17:31:00,2025-10-03T18:07:00,2025-10-04T12:31:00,2025-10-04T12:31:00,true,9,12,518,3,1,
5681,112,New starter setup,2025-10-03T22:38:00,2025-10-03T23:19:00,2025-10-04T14:38:00,2025-10-04T14:38:00,true,9,16,710,4,1,
6316,118,Teams audio issue,2025-10-04T21:32:00,2025-10-04T22:18:00,2025-10-05T20:32:00,2025-10-05T20:32:00,true,9,16,661,2,1,
6735,122,Firewall rule change,2025-10-06T08:26:00,2025-10-06T09:10:00,2025-10-07T17:26:00,2025-10-07T17:26:00,true,9,14,872,3,2,
6121,116,Firewall rule change,2025-10-06T09:18:00,2025-10-06T10:01:00,2025-10-06T14:18:00,2025-10-06T14:18:00,true,9,13,838,1,1,
6817,123,Outlook not syncing,2025-10-06T09:25:00,2025-10-06T09:53:00,2025-10-06T20:25:00,2025-10-06T20:25:00,true,9,12,519,3,2,
6406,119,New starter setup,2025-10-06T10:13:00,2025-10-06T10:24:00,2025-10-07T13:13:00,2025-10-07T13:13:00,true,9,15,540,2,1,
4328,102,New starter setup,2025-10-06T10:23:00,2025-10-06T10:35:00,2025-10-07T15:23:00,2025-10-07T15:23:00,true,9,15,810,1,2,
6032,115,Phone system fault,2025-10-06T10:40:00,2025-10-06T12:00:00,2025-10-06T20:40:00,2025-10-06T20:40:00,true,9,14,741,3,1,
4803,106,Software install request,2025-10-06T11:06:00,2025-10-06T12:36:00,2025-10-07T03:06:00,2025-10-07T03:06:00,true,9,15,784,1,2,
5544,111,New starter setup,2025-10-06T11:18:00,2025-10-06T12:34:00,2025-10-06T15:18:00,2025-10-06T15:18:00,true,9,11,817,4,2,
6146,117,Phone system fault,2025-10-06T12:44:00,2025-10-06T13:15:00,2025-10-08T12:44:00,2025-10-08T12:44:00,true,9,11,604,4,1,
4663,105,Firewall rule change,2025-10-06T13:23:00,,,,false,1,13,783,1,1,
4947,107,Backup job failed,2025-10-06T15:55:00,2025-10-06T17:00:00,2025-10-06T22:55:00,2025-10-06T22:55:00,true,9,11,701,4,1,
6402,119,Firewall rule change,2025-10-06T16:49:00,2025-10-06T17:23:00,2025-10-07T15:49:00,2025-10-07T15:49:00,true,9,15,606,3,2,
5944,114,Server disk space,2025-10-06T17:04:00,,,,false,3,13,665,2,2,
6156,117,Printer offline,2025-10-06T17:46:00,2025-10-06T19:18:00,2025-10-08T16:46:00,2025-10-08T16:46:00,true,9,13,833,2,1,
5543,111,Teams audio issue,2025-10-06T17:56:00,2025-10-06T19:43:00,2025-10-06T19:56:00,2025-10-06T19:56:00,true,9,16,687,4,1,
5678,112,Outlook not syncing,2025-10-07T06:15:00,2025-10-07T07:38:00,2025-10-07T21:15:00,2025-10-07T21:15:00,true,9,11,615,3,2,
6155,117,Firewall rule change,2025-10-07T08:54:00,2025-10-07T10:29:00,2025-10-08T00:54:00,2025-10-08T00:54:00,true,9,13,663,4,2,
5823,113,Shared drive access,2025-10-07T10:02:00,2025-10-07T11:01:00,2025-10-09T02:02:00,2025-10-09T02:02:00,true,9,13,538,1,2,
6320,118,Outlook not syncing,2025-10-07T11:01:00,2025-10-07T11:32:00,2025-10-07T21:01:00,2025-10-07T21:01:00,true,9,13,559,4,1,
5231,109,Firewall rule change,2025-10-07T11:38:00,2025-10-07T13:14:00,2025-10-09T07:38:00,2025-10-09T07:38:00,true,9,12,704,1,1,
6035,115,Outlook not syncing,2025-10-07T12:10:00,2025-10-07T13:24:00,2025-10-08T22:10:00,2025-10-08T22:10:00,true,9,15,732,2,2,
5238,109,Server disk space,2025-10-07T12:16:00,2025-10-07T13:11:00,2025-10-08T14:16:00,2025-10-08T14:16:00,true,9,15,584,2,2,
5541,111,Shared drive access,2025-10-07T13:57:00,,,,false,2,15,840,1,1,
5088,108,Software install request,2025-10-07T15:34:00,2025-10-07T17:11:00,2025-10-08T12:34:00,2025-10-08T12:34:00,true,9,13,520,2,2,
5680,112,Software install request,2025-10-07T16:28:00,2025-10-07T17:28:00,2025-10-09T16:28:00,2025-10-09T16:28:00,true,9,11,881,1,1,
5666,112,Mailbox full,2025-10-07T16:55:00,2025-10-07T17:57:00,2025-10-07T21:55:00,2025-10-07T21:55:00,true,9,16,613,4,1,
5953,114,Firewall rule change,2025-10-07T17:55:00,2025-10-07T19:22:00,2025-10-09T04:55:00,2025-10-09T04:55:00,true,9,13,583,4,2,
4334,102,Outlook not syncing,2025-10-07T20:09:00,2025-10-07T20:50:00,2025-10-08T07:09:00,2025-10-08T07:09:00,true,9,16,860,1,2,
6119,116,Firewall rule change,2025-10-07T22:47:00,2025-10-07T23:40:00,2025-10-08T08:47:00,2025-10-08T08:47:00,true,9,13,592,4,1,
6322,118,Server disk space,2025-10-08T08:00:00,2025-10-08T09:37:00,2025-10-09T01:00:00,2025-10-09T01:00:00,true,9,11,769,1,1,
4014,100,Password reset,2025-10-08T08:50:00,2025-10-08T09:12:00,2025-10-10T02:50:00,2025-10-10T02:50:00,true,9,12,641,3,1,
6608,121,VPN connection dropping,2025-10-08T08:50:00,,,,false,1,12,584,3,2,
4179,101,Password reset,2025-10-08T09:33:00,2025-10-08T10:22:00,2025-10-08T15:33:00,2025-10-08T15:33:00,true,9,14,757,2,1,
4184,101,Software install request,2025-10-08T11:47:00,2025-10-08T12:10:00,2025-10-09T15:47:00,2025-10-09T15:47:00,true,9,11,712,4,2,
6405,119,Shared drive access,2025-10-08T13:09:00,2025-10-08T13:29:00,,,false,2,15,680,3,2,
6606,121,Outlook not syncing,2025-10-08T15:20:00,,,,false,2,15,862,3,1,
4182,101,Mailbox full,2025-10-08T15:53:00,2025-10-08T17:44:00,2025-10-09T07:53:00,2025-10-09T07:53:00,true,9,15,548,2,1,
5407,110,MFA reset,2025-10-08T15:58:00,2025-10-08T16:34:00,,,false,1,,783,3,1,
6150,117,Server disk space,2025-10-08T17:47:00,2025-10-08T19:31:00,2025-10-09T10:47:00,2025-10-09T10:47:00,true,9,14,767,2,2,
6610,121,Printer offline,2025-10-09T10:24:00,2025-10-09T11:54:00,2025-10-09T18:24:00,2025-10-09T18:24:00,true,9,15,815,2,1,
6153,117,Password reset,2025-10-09T10:32:00,2025-10-09T12:15:00,2025-10-10T01:32:00,2025-10-10T01:32:00,true,9,13,842,3,2,
6117,116,Laptop running slowly,2025-10-09T10:34:00,2025-10-09T11:02:00,2025-10-10T05:34:00,2025-10-10T05:34:00,true,9,14,557,4,1,
6734,122,Shared drive access,2025-10-09T11:09:00,2025-10-09T12:50:00,2025-10-10T17:09:00,2025-10-10T17:09:00,true,9,11,692,1,1,
4621,104,Teams audio issue,2025-10-09T11:13:00,2025-10-09T11:30:00,2025-10-11T02:13:00,2025-10-11T02:13:00,true,9,13,604,3,2,
6152,117,Printer offline,2025-10-09T15:40:00,2025-10-09T17:33:00,2025-10-11T10:40:00,2025-10-11T10:40:00,true,9,15,706,2,2,
4019,100,Server disk space,2025-10-09T15:50:00,2025-10-09T17:34:00,,,false,3,12,777,3,2,
4806,106,Printer offline,2025-10-09T16:22:00,,,,false,1,16,674,4,2,
4800,106,Phone system fault,2025-10-10T08:03:00,2025-10-10T08:35:00,2025-10-11T03:03:00,2025-10-11T03:03:00,true,9,12,703,3,1,
4799,106,Teams audio issue,2025-10-10T10:20:00,2025-10-10T10:52:00,2025-10-11T21:20:00,2025-10-11T21:20:00,true,9,12,610,2,1,
4017,100,Software install request,2025-10-10T10:56:00,2025-10-10T12:53:00,2025-10-10T21:56:00,2025-10-10T21:56:00,true,9,12,699,4,2,
4186,101,Backup job failed,2025-10-10T14:42:00,2025-10-10T15:46:00,2025-10-12T03:42:00,2025-10-12T03:42:00,true,9,11,514,4,2,
5671,112,Teams audio issue,2025-10-10T15:28:00,2025-10-10T15:59:00,2025-10-11T11:28:00,2025-10-11T11:28:00,true,9,16,858,2,2,
4662,105,Server disk space,2025-10-10T17:36:00,2025-10-10T18:38:00,2025-10-11T13:36:00,2025-10-11T13:36:00,true,9,16,523,1,1,
5241,109,Teams audio issue,2025-10-11T19:22:00,2025-10-11T20:35:00,2025-10-11T21:22:00,2025-10-11T21:22:00,true,9,11,766,2,2,
5236,109,Teams audio issue,2025-10-12T02:03:00,2025-10-12T03:31:00,2025-10-13T09:03:00,2025-10-13T09:03:00,true,9,13,531,2,2,
6323,118,Firewall rule change,2025-10-13T08:22:00,,,,false,2,14,725,2,2,
5239,109,Shared drive access,2025-10-13T08:31:00,2025-10-13T10:13:00,,,false,2,12,699,3,2,
4330,102,Mailbox full,2025-10-13T08:47:00,2025-10-13T09:21:00,2025-10-14T08:47:00,2025-10-14T08:47:00,true,9,16,679,3,1,
4326,102,Printer offline,2025-10-13T09:10:00,2025-10-13T09:22:00,2025-10-14T09:10:00,2025-10-14T09:10:00,true,9,11,889,3,1,
6815,123,Shared drive access,2025-10-13T09:12:00,2025-10-13T09:53:00,2025-10-13T18:12:00,2025-10-13T18:12:00,true,9,12,567,3,1,
4801,106,Password reset,2025-10-13T09:40:00,2025-10-13T10:57:00,2025-10-13T22:40:00,2025-10-13T22:40:00,true,9,14,603,4,1,
4665,105,Shared drive access,2025-10-13T10:09:00,2025-10-13T12:05:00,2025-10-14T05:09:00,2025-10-14T05:09:00,true,9,14,815,3,1,
5672,112,Mailbox full,2025-10-13T10:13:00,2025-10-13T10:30:00,2025-10-13T15:13:00,2025-10-13T15:13:00,true,9,12,666,1,1,
5952,114,Backup job failed,2025-10-13T10:38:00,2025-10-13T11:08:00,2025-10-15T10:38:00,2025-10-15T10:38:00,true,9,11,686,1,2,
6816,123,Shared drive access,2025-10-13T10:48:00,2025-10-13T12:08:00,2025-10-14T11:48:00,2025-10-14T11:48:00,true,9,16,614,3,2,
5091,108,Printer offline,2025-10-13T11:16:00,2025-10-13T13:11:00,2025-10-14T21:16:00,2025-10-14T21:16:00,true,9,14,678,4,2,
6038,115,Software install request,2025-10-13T11:26:00,2025-10-13T13:22:00,2025-10-13T19:26:00,2025-10-13T19:26:00,true,9,12,591,2,1,
6120,116,MFA reset,2025-10-13T12:14:00,2025-10-13T13:53:00,2025-10-14T00:14:00,2025-10-14T00:14:00,true,9,12,765,2,1,
4624,104,Password reset,2025-10-13T12:49:00,2025-10-13T14:17:00,2025-10-14T09:49:00,2025-10-14T09:49:00,true,9,16,676,1,2,
4012,100,Firewall rule change,2025-10-13T12:58:00,2025-10-13T13:13:00,2025-10-14T19:58:00,2025-10-14T19:58:00,true,9,14,520,4,2,
4464,103,Phone system fault,2025-10-13T13:06:00,2025-10-13T13:41:00,2025-10-15T02:06:00,2025-10-15T02:06:00,true,9,15,857,4,2,
5235,109,Firewall rule change,2025-10-13T13:33:00,2025-10-13T15:11:00,2025-10-14T02:33:00,2025-10-14T02:33:00,true,9,14,696,2,2,
4183,101,Shared drive access,2025-10-13T14:07:00,2025-10-13T14:46:00,2025-10-14T23:07:00,2025-10-14T23:07:00,true,9,16,511,4,1,
5196,108,Firewall rule change,2025-10-13T14:51:00,2025-10-13T15:11:00,,,false,2,14,564,2,1,
4331,102,Software install request,2025-10-13T15:10:00,2025-10-13T15:46:00,2025-10-15T12:10:00,2025-10-15T12:10:00,true,9,11,764,4,1,
4332,102,Laptop running slowly,2025-10-13T15:27:00,2025-10-13T15:57:00,,,false,3,11,728,4,1,
5237,109,MFA reset,2025-10-13T16:28:00,2025-10-13T18:19:00,2025-10-15T12:28:00,2025-10-15T12:28:00,true,9,11,664,3,2,
6609,121,Server disk space,2025-10-14T05:20:00,2025-10-14T06:22:00,2025-10-14T11:20:00,2025-10-14T11:20:00,true,9,14,846,2,1,
4466,103,Outlook not syncing,2025-10-14T11:26:00,2025-10-14T11:54:00,2025-10-15T17:26:00,2025-10-15T17:26:00,true,9,16,528,2,2,
5948,114,Backup job failed,2025-10-14T14:06:00,2025-10-14T15:26:00,2025-10-14T23:06:00,2025-10-14T23:06:00,true,9,13,641,1,1,
6871,124,VPN connection dropping,2025-10-14T14:23:00,2025-10-14T16:06:00,2025-10-15T22:23:00,2025-10-15T22:23:00,true,9,14,622,2,2,
6605,121,New starter setup,2025-10-14T15:19:00,2025-10-14T16:04:00,2025-10-15T23:19:00,2025-10-15T23:19:00,true,9,15,547,2,1,
4461,103,New starter setup,2025-10-15T06:04:00,2025-10-15T06:51:00,2025-10-16T00:04:00,2025-10-16T00:04:00,true,9,13,753,4,2,
5821,113,VPN connection dropping,2025-10-15T08:02:00,2025-10-15T08:27:00,2025-10-17T06:02:00,2025-10-17T06:02:00,true,9,15,645,3,1,
4329,102,Firewall rule change,2025-10-15T08:03:00,2025-10-15T08:19:00,2025-10-17T03:03:00,2025-10-17T03:03:00,true,9,12,892,4,1,
5414,110,Password reset,2025-10-15T08:14:00,2025-10-15T09:36:00,2025-10-15T13:14:00,2025-10-15T13:14:00,true,9,,719,1,1,
5413,110,Software install request,2025-10-15T10:51:00,2025-10-15T12:11:00,2025-10-17T09:51:00,2025-10-17T09:51:00,true,9,,708,4,1,
4802,106,Backup job failed,2025-10-15T11:01:00,2025-10-15T12:00:00,2025-10-16T03:01:00,2025-10-16T03:01:00,true,9,15,700,1,2,
6604,121,Shared drive access,2025-10-15T11:37:00,2025-10-15T13:12:00,2025-10-15T22:37:00,2025-10-15T22:37:00,true,9,12,638,3,1,
4463,103,Phone system fault,2025-10-15T13:54:00,2025-10-15T14:35:00,2025-10-16T19:54:00,2025-10-16T19:54:00,true,9,12,761,3,1,
6036,115,Outlook not syncing,2025-10-15T14:37:00,2025-10-15T15:05:00,2025-10-16T12:37:00,2025-10-16T12:37:00,true,9,15,668,1,2,
5247,109,Shared drive access,2025-10-15T15:08:00,2025-10-15T15:42:00,2025-10-16T15:08:00,2025-10-16T15:08:00,true,9,11,688,1,1,
4013,100,Password reset,2025-10-15T15:26:00,,,,false,3,13,603,3,2,
6118,116,MFA reset,2025-10-16T08:14:00,2025-10-16T08:54:00,2025-10-17T12:14:00,2025-10-17T12:14:00,true,9,15,544,2,2,
5090,108,Firewall rule change,2025-10-16T09:22:00,2025-10-16T10:35:00,2025-10-17T19:22:00,2025-10-17T19:22:00,true,9,14,612,1,2,
4336,102,Password reset,2025-10-16T11:03:00,2025-10-16T11:38:00,2025-10-17T23:03:00,2025-10-17T23:03:00,true,9,11,689,4,2,
5949,114,Outlook not syncing,2025-10-16T11:32:00,2025-10-16T11:49:00,2025-10-16T21:32:00,2025-10-16T21:32:00,true,9,15,836,4,2,
6113,116,Shared drive access,2025-10-16T11:46:00,2025-10-16T13:01:00,2025-10-17T21:46:00,2025-10-17T21:46:00,true,9,14,674,4,2,
4191,101,Phone system fault,2025-10-16T14:52:00,2025-10-16T16:15:00,,,false,1,16,851,1,1,
4335,102,Software install request,2025-10-16T15:36:00,2025-10-16T16:21:00,2025-10-18T08:36:00,2025-10-18T08:36:00,true,9,14,552,2,1,
6151,117,New starter setup,2025-10-16T16:48:00,2025-10-16T18:17:00,2025-10-17T07:48:00,2025-10-17T07:48:00,true,9,11,890,2,1,
4018,100,Laptop running slowly,2025-10-16T16:58:00,2025-10-16T17:37:00,2025-10-17T17:58:00,2025-10-17T17:58:00,true,9,13,781,1,1,
5946,114,Password reset,2025-10-17T05:20:00,2025-10-17T05:41:00,2025-10-17T12:20:00,2025-10-17T12:20:00,true,9,13,681,4,2,
5246,109,Teams audio issue,2025-10-17T08:29:00,2025-10-17T09:42:00,2025-10-17T17:29:00,2025-10-17T17:29:00,true,9,12,791,4,1,
5244,109,Phone system fault,2025-10-17T10:05:00,2025-10-17T11:52:00,2025-10-19T05:05:00,2025-10-19T05:05:00,true,9,13,723,3,1,
5677,112,Backup job failed,2025-10-17T10:40:00,2025-10-17T12:07:00,2025-10-18T21:40:00,2025-10-18T21:40:00,true,9,11,652,1,2,
6114,116,Backup job failed,2025-10-17T11:52:00,2025-10-17T13:36:00,2025-10-19T01:52:00,2025-10-19T01:52:00,true,9,16,775,4,2,
4656,105,Laptop running slowly,2025-10-17T12:26:00,,,,false,1,12,626,1,1,
6607,121,Password reset,2025-10-17T13:10:00,2025-10-17T14:33:00,2025-10-17T17:10:00,2025-10-17T17:10:00,true,9,14,651,1,1,
5408,110,Server disk space,2025-10-17T13:14:00,2025-10-17T14:41:00,2025-10-17T16:14:00,2025-10-17T16:14:00,true,9,,735,3,1,
5669,112,Server disk space,2025-10-17T13:34:00,2025-10-17T14:11:00,2025-10-18T20:34:00,2025-10-18T20:34:00,true,9,14,684,2,2,
5242,109,Outlook not syncing,2025-10-17T13:38:00,2025-10-17T15:37:00,2025-10-18T10:38:00,2025-10-18T10:38:00,true,9,15,716,3,2,
6112,116,Software install request,2025-10-17T15:16:00,2025-10-17T16:09:00,2025-10-17T19:16:00,2025-10-17T19:16:00,true,9,16,719,3,1,
5234,109,Firewall rule change,2025-10-17T22:20:00,2025-10-17T22:42:00,2025-10-18T16:20:00,2025-10-18T16:20:00,true,9,13,535,1,2,
6872,124,MFA reset,2025-10-18T19:45:00,2025-10-18T21:10:00,2025-10-18T23:45:00,2025-10-18T23:45:00,true,9,14,726,4,1,
5245,109,Firewall rule change,2025-10-18T21:57:00,2025-10-18T23:04:00,2025-10-19T15:57:00,2025-10-19T15:57:00,true,9,16,685,3,2,
5950,114,MFA reset,2025-10-18T22:56:00,2025-10-19T00:34:00,2025-10-19T14:56:00,2025-10-19T14:56:00,true,9,16,678,2,2,
6408,119,Outlook not syncing,2025-10-20T08:00:00,2025-10-20T08:28:00,2025-10-22T01:00:00,2025-10-22T01:00:00,true,9,12,530,3,2,
5406,110,Server disk space,2025-10-20T09:01:00,2025-10-20T10:48:00,2025-10-20T12:01:00,2025-10-20T12:01:00,true,9,,777,3,1,
6875,124,Backup job failed,2025-10-20T09:02:00,2025-10-20T10:08:00,2025-10-21T19:02:00,2025-10-21T19:02:00,true,9,11,684,3,2,
6870,124,Password reset,2025-10-20T09:03:00,2025-10-20T10:51:00,2025-10-21T02:03:00,2025-10-21T02:03:00,true,9,15,530,2,1,
6523,120,Phone system fault,2025-10-20T09:44:00,2025-10-20T11:20:00,2025-10-22T09:44:00,2025-10-22T09:44:00,true,9,14,700,4,1,
6733,122,Backup job failed,2025-10-20T09:48:00,,,,false,3,16,808,4,2,
5676,112,Firewall rule change,2025-10-20T09:56:00,2025-10-20T11:06:00,2025-10-21T00:56:00,2025-10-21T00:56:00,true,9,13,535,2,1,
6521,120,Teams audio issue,2025-10-20T10:03:00,,,,false,1,16,724,4,2,
6407,119,Password reset,2025-10-20T10:32:00,2025-10-20T10:57:00,,,false,3,15,746,3,1,
4667,105,Printer offline,2025-10-20T12:15:00,,,,false,2,11,533,2,2,
4015,100,Outlook not syncing,2025-10-20T12:48:00,2025-10-20T14:18:00,2025-10-21T07:48:00,2025-10-21T07:48:00,true,9,13,585,2,1,
4804,106,Server disk space,2025-10-20T13:02:00,2025-10-20T14:43:00,2025-10-21T08:02:00,2025-10-21T08:02:00,true,9,14,627,2,1,
4623,104,Printer offline,2025-10-20T13:55:00,2025-10-20T15:53:00,2025-10-22T07:55:00,2025-10-22T07:55:00,true,9,12,660,4,2,
6319,118,Backup job failed,2025-10-20T14:05:00,2025-10-20T14:23:00,2025-10-22T06:05:00,2025-10-22T06:05:00,true,9,11,576,2,1,
5193,108,Teams audio issue,2025-10-20T15:16:00,2025-10-20T16:10:00,,,false,2,14,711,4,1,
5542,111,New starter setup,2025-10-20T15:22:00,2025-10-20T15:47:00,2025-10-21T03:22:00,2025-10-21T03:22:00,true,9,13,834,3,1,
6149,117,Phone system fault,2025-10-20T15:24:00,2025-10-20T16:23:00,2025-10-21T18:24:00,2025-10-21T18:24:00,true,9,12,661,1,1,
6317,118,Software install request,2025-10-20T15:40:00,2025-10-20T17:17:00,2025-10-22T09:40:00,2025-10-22T09:40:00,true,9,12,642,2,2,
4459,103,Teams audio issue,2025-10-20T16:19:00,,,,false,3,13,884,2,1,
4178,101,Password reset,2025-10-20T16:23:00,2025-10-20T18:19:00,2025-10-22T16:23:00,2025-10-22T16:23:00,true,9,13,874,4,1,
4337,102,New starter setup,2025-10-20T16:38:00,2025-10-20T17:23:00,2025-10-22T04:38:00,2025-10-22T04:38:00,true,9,14,583,1,1,
5824,113,Password reset,2025-10-20T17:04:00,2025-10-20T17:31:00,2025-10-21T11:04:00,2025-10-21T11:04:00,true,9,12,539,1,2,
5243,109,Server disk space,2025-10-20T17:22:00,2025-10-20T18:48:00,2025-10-21T10:22:00,2025-10-21T10:22:00,true,9,11,761,2,1,
6876,124,Backup job failed,2025-10-20T17:58:00,2025-10-20T19:49:00,2025-10-21T05:58:00,2025-10-21T05:58:00,true,9,15,862,3,1,
5412,110,Server disk space,2025-10-21T08:35:00,2025-10-21T09:06:00,2025-10-21T12:35:00,2025-10-21T12:35:00,true,9,,644,4,1,
6731,122,Phone system fault,2025-10-21T12:56:00,2025-10-21T13:45:00,2025-10-22T23:56:00,2025-10-22T23:56:00,true,9,11,721,1,1,
5670,112,VPN connection dropping,2025-10-21T12:59:00,2025-10-21T13:35:00,2025-10-22T01:59:00,2025-10-22T01:59:00,true,9,16,844,3,2,
5673,112,New starter setup,2025-10-21T13:03:00,2025-10-21T13:20:00,2025-10-23T01:03:00,2025-10-23T01:03:00,true,9,11,656,1,1,
5415,110,Backup job failed,2025-10-21T13:05:00,2025-10-21T14:07:00,2025-10-22T05:05:00,2025-10-22T05:05:00,true,9,,840,2,1,
4657,105,Firewall rule change,2025-10-21T17:00:00,,,,false,1,12,537,1,1,
4798,106,New starter setup,2025-10-22T03:30:00,2025-10-22T03:57:00,2025-10-23T13:30:00,2025-10-23T13:30:00,true,9,14,629,1,1,
4654,105,Phone system fault,2025-10-22T10:56:00,2025-10-22T12:52:00,2025-10-23T17:56:00,2025-10-23T17:56:00,true,9,12,526,2,2,
5820,113,Outlook not syncing,2025-10-22T11:37:00,2025-10-22T12:12:00,2025-10-24T09:37:00,2025-10-24T09:37:00,true,9,16,637,2,2,
6869,124,Firewall rule change,2025-10-22T14:13:00,2025-10-22T14:51:00,2025-10-24T00:13:00,2025-10-24T00:13:00,true,9,16,668,3,2,
5951,114,Server disk space,2025-10-22T17:26:00,2025-10-22T19:15:00,2025-10-24T11:26:00,2025-10-24T11:26:00,true,9,13,583,3,2,
6145,117,MFA reset,2025-10-23T08:10:00,2025-10-23T09:40:00,2025-10-23T17:10:00,2025-10-23T17:10:00,true,9,13,807,3,2,
4805,106,Software install request,2025-10-23T09:08:00,2025-10-23T09:25:00,2025-10-23T11:08:00,2025-10-23T11:08:00,true,9,14,524,1,1,
4948,107,Firewall rule change,2025-10-23T09:28:00,,,,false,1,12,701,4,1,
6116,116,Outlook not syncing,2025-10-23T11:59:00,2025-10-23T13:27:00,2025-10-24T09:59:00,2025-10-24T09:59:00,true,9,14,676,4,1,
5411,110,Phone system fault,2025-10-23T12:23:00,2025-10-23T13:11:00,2025-10-24T08:23:00,2025-10-24T08:23:00,true,9,,898,3,1,
4190,101,Laptop running slowly,2025-10-23T13:38:00,2025-10-23T14:50:00,2025-10-25T12:38:00,2025-10-25T12:38:00,true,9,11,861,1,1,
6033,115,Teams audio issue,2025-10-23T13:53:00,2025-10-23T15:35:00,2025-10-23T16:53:00,2025-10-23T16:53:00,true,9,13,680,3,2,
4655,105,Shared drive access,2025-10-23T15:00:00,2025-10-23T15:47:00,2025-10-24T23:00:00,2025-10-24T23:00:00,true,9,11,530,4,2,
6154,117,Printer offline,2025-10-23T16:46:00,2025-10-23T18:23:00,2025-10-25T08:46:00,2025-10-25T08:46:00,true,9,14,878,1,1,
4658,105,Phone system fault,2025-10-24T11:25:00,2025-10-24T12:47:00,2025-10-24T21:25:00,2025-10-24T21:25:00,true,9,15,786,2,2,
4458,103,Teams audio issue,2025-10-24T12:23:00,2025-10-24T14:19:00,2025-10-24T22:23:00,2025-10-24T22:23:00,true,9,14,675,4,2,
6318,118,VPN connection dropping,2025-10-24T13:37:00,2025-10-24T14:45:00,2025-10-24T15:37:00,2025-10-24T15:37:00,true,9,12,717,2,1,
6524,120,MFA reset,2025-10-24T14:15:00,2025-10-24T16:15:00,2025-10-25T18:15:00,2025-10-25T18:15:00,true,9,13,671,1,1,
4661,105,New starter setup,2025-10-24T14:18:00,2025-10-24T16:05:00,2025-10-24T23:18:00,2025-10-24T23:18:00,true,9,12,662,2,1,
6315,118,MFA reset,2025-10-26T05:56:00,2025-10-26T07:32:00,2025-10-27T23:56:00,2025-10-27T23:56:00,true,9,14,612,3,1,
5947,114,VPN connection dropping,2025-10-26T22:21:00,2025-10-26T23:15:00,,,false,3,11,840,3,2,
5409,110,Phone system fault,2025-10-26T22:55:00,2025-10-27T00:23:00,2025-10-28T11:55:00,2025-10-28T11:55:00,true,9,,568,2,1,
4666,105,VPN connection dropping,2025-10-27T08:12:00,2025-10-27T08:49:00,2025-10-27T23:12:00,2025-10-27T23:12:00,true,9,15,892,3,1,
5822,113,Mailbox full,2025-10-27T08:42:00,2025-10-27T10:18:00,2025-10-27T14:42:00,2025-10-27T14:42:00,true,9,14,882,1,2,
4465,103,VPN connection dropping,2025-10-27T09:11:00,2025-10-27T09:43:00,2025-10-28T04:11:00,2025-10-28T04:11:00,true,9,13,526,3,1,
5668,112,Backup job failed,2025-10-27T09:27:00,2025-10-27T11:22:00,2025-10-28T03:27:00,2025-10-28T03:27:00,true,9,12,811,3,2,
4189,101,MFA reset,2025-10-27T09:38:00,2025-10-27T10:52:00,2025-10-27T21:38:00,2025-10-27T21:38:00,true,9,12,735,2,1,
6148,117,Mailbox full,2025-10-27T09:44:00,2025-10-27T10:31:00,2025-10-27T17:44:00,2025-10-27T17:44:00,true,9,14,847,3,1,
4462,103,VPN connection dropping,2025-10-27T09:49:00,2025-10-27T10:37:00,2025-10-29T03:49:00,2025-10-29T03:49:00,true,9,16,719,3,1,
5667,112,Phone system fault,2025-10-27T09:53:00,2025-10-27T10:50:00,2025-10-27T11:53:00,2025-10-27T11:53:00,true,9,12,558,2,1,
6037,115,Laptop running slowly,2025-10-27T10:55:00,2025-10-27T11:39:00,2025-10-27T13:55:00,2025-10-27T13:55:00,true,9,13,791,1,1,
4807,106,Shared drive access,2025-10-27T11:51:00,2025-10-27T13:44:00,2025-10-29T07:51:00,2025-10-29T07:51:00,true,9,16,731,3,1,
6525,120,Password reset,2025-10-27T11:52:00,2025-10-27T12:10:00,2025-10-28T17:52:00,2025-10-28T17:52:00,true,9,15,846,3,1,
4185,101,MFA reset,2025-10-27T11:58:00,,,,false,1,13,610,4,1,
4333,102,Server disk space,2025-10-27T12:16:00,,,,false,3,12,545,3,1,
5818,113,Server disk space,2025-10-27T12:41:00,2025-10-27T13:23:00,2025-10-28T10:41:00,2025-10-28T10:41:00,true,9,16,679,1,2,
4187,101,Mailbox full,2025-10-27T13:45:00,2025-10-27T14:55:00,2025-10-29T08:45:00,2025-10-29T08:45:00,true,9,15,808,1,1,
5819,113,VPN connection dropping,2025-10-27T13:50:00,,,,false,1,14,547,1,2,
4327,102,Teams audio issue,2025-10-27T14:41:00,2025-10-27T15:21:00,2025-10-28T16:41:00,2025-10-28T16:41:00,true,9,14,729,2,1,
5675,112,Teams audio issue,2025-10-27T15:08:00,2025-10-27T15:54:00,,,false,1,12,831,2,2,
5093,108,Software install request,2025-10-27T15:20:00,2025-10-27T17:10:00,2025-10-28T17:20:00,2025-10-28T17:20:00,true,9,13,728,1,1,
5232,109,Shared drive access,2025-10-27T15:38:00,2025-10-27T16:40:00,2025-10-29T13:38:00,2025-10-29T13:38:00,true,9,16,778,1,1,
5410,110,Laptop running slowly,2025-10-27T17:32:00,2025-10-27T17:59:00,2025-10-28T08:32:00,2025-10-28T08:32:00,true,9,,802,4,1,
4944,107,Firewall rule change,2025-10-28T08:52:00,2025-10-28T09:30:00,2025-10-30T06:52:00,2025-10-30T06:52:00,true,9,12,702,2,1,
4011,100,Firewall rule change,2025-10-28T08:56:00,2025-10-28T10:21:00,2025-10-28T23:56:00,2025-10-28T23:56:00,true,9,14,739,2,2,
5679,112,Backup job failed,2025-10-28T13:06:00,2025-10-28T15:06:00,,,false,3,15,728,4,1,
6873,124,Phone system fault,2025-10-28T14:39:00,2025-10-28T15:13:00,2025-10-30T12:39:00,2025-10-30T12:39:00,true,9,16,762,4,2,
4460,103,VPN connection dropping,2025-10-28T15:13:00,2025-10-28T16:37:00,2025-10-29T08:13:00,2025-10-29T08:13:00,true,9,13,633,3,1,
6730,122,Firewall rule change,2025-10-28T16:36:00,2025-10-28T17:15:00,2025-10-28T20:36:00,2025-10-28T20:36:00,true,9,15,622,2,1,
4659,105,Phone system fault,2025-10-28T17:28:00,2025-10-28T18:46:00,2025-10-29T04:28:00,2025-10-29T04:28:00,true,9,13,878,4,1,
4479,103,Shared drive access,2025-10-29T09:19:00,2025-10-29T11:11:00,2025-10-30T09:19:00,2025-10-30T09:19:00,true,9,16,871,3,2,
5555,111,Backup job failed,2025-10-29T11:17:00,2025-10-29T12:31:00,2025-10-29T15:17:00,2025-10-29T15:17:00,true,9,16,864,3,1,
6157,117,Mailbox full,2025-10-29T16:47:00,2025-10-29T17:35:00,2025-10-30T13:47:00,2025-10-30T13:47:00,true,9,11,735,1,2,
6620,121,Mailbox full,2025-10-29T17:00:00,2025-10-29T18:34:00,2025-10-30T07:00:00,2025-10-30T07:00:00,true,9,16,681,1,1,
5684,112,Backup job failed,2025-10-29T17:13:00,2025-10-29T17:55:00,2025-10-30T20:13:00,2025-10-30T20:13:00,true,9,12,864,4,1,
5256,109,Shared drive access,2025-10-29T21:54:00,2025-10-29T22:23:00,2025-10-30T17:54:00,2025-10-30T17:54:00,true,9,14,787,3,2,
5686,112,Laptop running slowly,2025-10-30T08:20:00,2025-10-30T09:03:00,2025-10-31T10:20:00,2025-10-31T10:20:00,true,9,12,707,2,2,
4626,104,Software install request,2025-10-30T09:07:00,2025-10-30T10:57:00,2025-11-01T05:07:00,2025-11-01T05:07:00,true,9,12,545,4,1,
6615,121,Firewall rule change,2025-10-30T09:24:00,2025-10-30T10:02:00,2025-10-30T11:24:00,2025-10-30T11:24:00,true,9,15,551,4,1,
5421,110,Shared drive access,2025-10-30T09:35:00,2025-10-30T10:34:00,2025-10-31T05:35:00,2025-10-31T05:35:00,true,9,,869,3,1,
6612,121,Printer offline,2025-10-30T10:39:00,2025-10-30T10:55:00,2025-11-01T09:39:00,2025-11-01T09:39:00,true,9,11,696,2,2,
4478,103,Mailbox full,2025-10-30T11:55:00,2025-10-30T12:40:00,2025-10-31T03:55:00,2025-10-31T03:55:00,true,9,15,691,2,2,
5258,109,VPN connection dropping,2025-10-30T12:28:00,2025-10-30T13:38:00,2025-10-30T15:28:00,2025-10-30T15:28:00,true,9,13,724,2,1,
6417,119,Shared drive access,2025-10-30T15:57:00,2025-10-30T16:17:00,2025-11-01T00:57:00,2025-11-01T00:57:00,true,9,15,782,4,2,
5830,113,Shared drive access,2025-10-31T08:33:00,2025-10-31T09:12:00,2025-11-01T08:33:00,2025-11-01T08:33:00,true,9,16,837,1,1,
6167,117,Outlook not syncing,2025-10-31T09:15:00,2025-10-31T11:06:00,2025-11-01T22:15:00,2025-11-01T22:15:00,true,9,14,870,4,1,
4676,105,Shared drive access,2025-10-31T09:21:00,,,,false,3,11,657,4,1,
5422,110,Software install request,2025-10-31T10:28:00,2025-10-31T11:39:00,2025-11-01T05:28:00,2025-11-01T05:28:00,true,9,,586,4,1,
6413,119,Printer offline,2025-10-31T10:31:00,2025-10-31T10:51:00,2025-11-01T04:31:00,2025-11-01T04:31:00,true,9,13,512,4,1,
4633,104,Password reset,2025-10-31T11:24:00,,,,false,1,13,675,3,1,
6328,118,Printer offline,2025-10-31T12:10:00,,,,false,1,16,534,1,1,
5959,114,Mailbox full,2025-10-31T15:24:00,2025-10-31T16:49:00,2025-11-01T16:24:00,2025-11-01T16:24:00,true,9,16,720,1,2,
4202,101,Mailbox full,2025-10-31T16:43:00,2025-10-31T17:57:00,2025-11-01T21:43:00,2025-11-01T21:43:00,true,9,11,765,4,2,
4631,104,Backup job failed,2025-11-03T08:29:00,2025-11-03T08:47:00,,,false,1,16,510,4,1,
4203,101,Password reset,2025-11-03T08:48:00,2025-11-03T09:49:00,2025-11-04T15:48:00,2025-11-04T15:48:00,true,9,12,823,1,2,
4628,104,Server disk space,2025-11-03T09:41:00,2025-11-03T10:12:00,2025-11-04T09:41:00,2025-11-04T09:41:00,true,9,14,574,4,2,
4199,101,Shared drive access,2025-11-03T09:44:00,2025-11-03T11:11:00,2025-11-05T00:44:00,2025-11-05T00:44:00,true,9,16,807,4,1,
6530,120,Phone system fault,2025-11-03T09:54:00,2025-11-03T11:54:00,2025-11-05T06:54:00,2025-11-05T06:54:00,true,9,13,511,1,2,
4349,102,Phone system fault,2025-11-03T10:59:00,2025-11-03T11:25:00,2025-11-03T15:59:00,2025-11-03T15:59:00,true,9,16,810,1,1,
6527,120,Mailbox full,2025-11-03T11:14:00,2025-11-03T12:54:00,2025-11-04T13:14:00,2025-11-04T13:14:00,true,9,11,836,3,1,
5418,110,Password reset,2025-11-03T11:49:00,,,,false,1,,890,2,2,
6160,117,Password reset,2025-11-03T12:15:00,2025-11-03T12:51:00,2025-11-05T03:15:00,2025-11-05T03:15:00,true,9,12,514,3,2,
5833,113,MFA reset,2025-11-03T12:19:00,2025-11-03T13:24:00,2025-11-04T21:19:00,2025-11-04T21:19:00,true,9,14,748,2,1,
6526,120,VPN connection dropping,2025-11-03T12:20:00,2025-11-03T13:03:00,2025-11-04T08:20:00,2025-11-04T08:20:00,true,9,15,560,3,2,
4346,102,Laptop running slowly,2025-11-03T13:08:00,2025-11-03T13:35:00,2025-11-04T06:08:00,2025-11-04T06:08:00,true,9,15,868,4,2,
5828,113,Firewall rule change,2025-11-03T13:22:00,2025-11-03T15:11:00,2025-11-05T05:22:00,2025-11-05T05:22:00,true,9,13,591,1,1,
5556,111,Phone system fault,2025-11-03T14:16:00,2025-11-03T15:14:00,2025-11-03T20:16:00,2025-11-03T20:16:00,true,9,14,885,4,1,
6039,115,Software install request,2025-11-03T14:30:00,2025-11-03T15:45:00,,,false,3,11,712,4,2,
5557,111,Server disk space,2025-11-03T14:33:00,2025-11-03T15:52:00,2025-11-04T01:33:00,2025-11-04T01:33:00,true,9,13,570,4,1,
6162,117,Phone system fault,2025-11-03T14:41:00,2025-11-03T15:03:00,2025-11-05T11:41:00,2025-11-05T11:41:00,true,9,12,524,1,1,
6619,121,VPN connection dropping,2025-11-03T15:23:00,2025-11-03T17:01:00,2025-11-05T12:23:00,2025-11-05T12:23:00,true,9,16,818,2,1,
4340,102,Mailbox full,2025-11-03T16:14:00,2025-11-03T16:47:00,2025-11-04T12:14:00,2025-11-04T12:14:00,true,9,12,580,4,1,
5831,113,Server disk space,2025-11-03T16:20:00,2025-11-03T18:14:00,2025-11-03T22:20:00,2025-11-03T22:20:00,true,9,14,542,1,1,
6626,121,Shared drive access,2025-11-03T16:37:00,2025-11-03T17:22:00,2025-11-04T04:37:00,2025-11-04T04:37:00,true,9,15,590,2,1,
4818,106,Server disk space,2025-11-03T16:53:00,,,,false,3,14,753,4,2,
6742,122,Outlook not syncing,2025-11-03T17:20:00,2025-11-03T19:20:00,2025-11-05T00:20:00,2025-11-05T00:20:00,true,9,12,673,2,1,
4200,101,Mailbox full,2025-11-03T17:40:00,2025-11-03T17:59:00,,,false,3,13,817,3,2,
6820,123,Password reset,2025-11-04T05:57:00,2025-11-04T06:29:00,2025-11-05T09:57:00,2025-11-05T09:57:00,true,9,16,844,3,2,
6623,121,Teams audio issue,2025-11-04T09:00:00,2025-11-04T09:48:00,2025-11-05T08:00:00,2025-11-05T08:00:00,true,9,16,760,2,2,
6418,119,Outlook not syncing,2025-11-04T10:58:00,2025-11-04T11:23:00,2025-11-05T05:58:00,2025-11-05T05:58:00,true,9,12,719,1,2,
6878,124,Server disk space,2025-11-04T11:58:00,2025-11-04T13:43:00,2025-11-06T09:58:00,2025-11-06T09:58:00,true,9,15,649,1,1,
4195,101,Teams audio issue,2025-11-04T14:09:00,2025-11-04T15:57:00,2025-11-04T17:09:00,2025-11-04T17:09:00,true,9,13,672,4,1,
6420,119,Software install request,2025-11-04T14:42:00,2025-11-04T15:07:00,2025-11-06T06:42:00,2025-11-06T06:42:00,true,9,11,528,3,2,
6414,119,New starter setup,2025-11-04T15:31:00,2025-11-04T16:05:00,2025-11-05T17:31:00,2025-11-05T17:31:00,true,9,11,871,2,2,
5098,108,Outlook not syncing,2025-11-05T10:29:00,2025-11-05T10:58:00,2025-11-06T19:29:00,2025-11-06T19:29:00,true,9,16,654,2,2,
6158,117,Phone system fault,2025-11-05T11:43:00,2025-11-05T13:07:00,2025-11-05T22:43:00,2025-11-05T22:43:00,true,9,13,824,4,1,
4949,107,Backup job failed,2025-11-05T11:57:00,2025-11-05T12:49:00,2025-11-05T16:57:00,2025-11-05T16:57:00,true,9,16,701,4,2,
4476,103,Password reset,2025-11-05T12:37:00,2025-11-05T14:16:00,2025-11-06T04:37:00,2025-11-06T04:37:00,true,9,12,631,2,1,
6614,121,Teams audio issue,2025-11-05T13:00:00,2025-11-05T14:37:00,2025-11-07T00:00:00,2025-11-07T00:00:00,true,9,13,820,4,1,
5546,111,Server disk space,2025-11-05T13:32:00,2025-11-05T14:45:00,2025-11-05T21:32:00,2025-11-05T21:32:00,true,9,13,691,3,1,
4471,103,MFA reset,2025-11-05T14:51:00,2025-11-05T16:38:00,2025-11-06T03:51:00,2025-11-06T03:51:00,true,9,11,899,3,1,
5248,109,Printer offline,2025-11-05T16:43:00,2025-11-05T18:11:00,,,false,1,15,782,2,1,
5837,113,Teams audio issue,2025-11-05T16:52:00,2025-11-05T17:12:00,2025-11-06T06:52:00,2025-11-06T06:52:00,true,9,12,896,1,2,
5836,113,New starter setup,2025-11-05T16:53:00,,,,false,3,13,817,3,2,
5683,112,Server disk space,2025-11-05T17:30:00,2025-11-05T18:13:00,2025-11-07T03:30:00,2025-11-07T03:30:00,true,9,11,899,4,1,
4627,104,New starter setup,2025-11-05T17:41:00,2025-11-05T19:16:00,2025-11-05T22:41:00,2025-11-05T22:41:00,true,9,16,517,3,1,
4629,104,Shared drive access,2025-11-05T17:47:00,2025-11-05T18:56:00,2025-11-06T07:47:00,2025-11-06T07:47:00,true,9,13,503,4,2,
6624,121,MFA reset,2025-11-06T08:51:00,2025-11-06T10:12:00,2025-11-07T12:51:00,2025-11-07T12:51:00,true,9,14,822,4,1,
6168,117,Mailbox full,2025-11-06T10:39:00,2025-11-06T12:23:00,2025-11-07T10:39:00,2025-11-07T10:39:00,true,9,16,745,3,2,
4952,107,Password reset,2025-11-06T11:36:00,2025-11-06T13:36:00,2025-11-07T14:36:00,2025-11-07T14:36:00,true,9,16,701,3,2,
4023,100,Laptop running slowly,2025-11-06T12:12:00,2025-11-06T12:35:00,2025-11-07T09:12:00,2025-11-07T09:12:00,true,9,14,755,3,1,
6618,121,Firewall rule change,2025-11-06T12:21:00,2025-11-06T14:03:00,2025-11-07T18:21:00,2025-11-07T18:21:00,true,9,16,561,3,1,
6166,117,Firewall rule change,2025-11-06T12:56:00,2025-11-06T14:40:00,2025-11-07T21:56:00,2025-11-07T21:56:00,true,9,13,887,3,1,
4819,106,Shared drive access,2025-11-06T14:49:00,2025-11-06T15:26:00,2025-11-07T09:49:00,2025-11-07T09:49:00,true,9,15,813,1,1,
4339,102,Backup job failed,2025-11-06T15:50:00,2025-11-06T16:32:00,2025-11-08T06:50:00,2025-11-08T06:50:00,true,9,13,798,2,1,
5834,113,Phone system fault,2025-11-06T15:55:00,2025-11-06T17:01:00,2025-11-08T14:55:00,2025-11-08T14:55:00,true,9,14,729,2,2,
6159,117,Laptop running slowly,2025-11-06T17:37:00,,,,false,3,11,854,3,1,
4477,103,Shared drive access,2025-11-07T08:41:00,2025-11-07T09:55:00,2025-11-08T03:41:00,2025-11-08T03:41:00,true,9,13,779,4,1,
6412,119,Firewall rule change,2025-11-07T09:59:00,2025-11-07T10:39:00,2025-11-08T02:59:00,2025-11-08T02:59:00,true,9,12,504,4,2,
5545,111,Teams audio issue,2025-11-07T11:12:00,2025-11-07T13:02:00,2025-11-07T16:12:00,2025-11-07T16:12:00,true,9,15,745,1,1,
4025,100,VPN connection dropping,2025-11-07T12:51:00,2025-11-07T13:44:00,2025-11-08T18:51:00,2025-11-08T18:51:00,true,9,13,535,1,1,
6743,122,Phone system fault,2025-11-07T13:43:00,2025-11-07T15:05:00,2025-11-08T18:43:00,2025-11-08T18:43:00,true,9,16,785,1,1,
5104,108,Mailbox full,2025-11-07T13:45:00,2025-11-07T15:41:00,2025-11-07T23:45:00,2025-11-07T23:45:00,true,9,12,533,3,2,
5551,111,VPN connection dropping,2025-11-10T08:59:00,2025-11-10T09:37:00,2025-11-10T10:59:00,2025-11-10T10:59:00,true,9,12,597,1,1,
6621,121,Server disk space,2025-11-10T08:59:00,2025-11-10T09:41:00,,,false,1,11,800,2,1,
4342,102,Mailbox full,2025-11-10T09:08:00,2025-11-10T09:38:00,2025-11-12T00:08:00,2025-11-12T00:08:00,true,9,12,586,3,1,
4668,105,Shared drive access,2025-11-10T09:11:00,,,,false,2,12,716,3,1,
5251,109,VPN connection dropping,2025-11-10T09:16:00,2025-11-10T10:01:00,2025-11-11T03:16:00,2025-11-11T03:16:00,true,9,15,580,4,1,
4815,106,Laptop running slowly,2025-11-10T09:22:00,2025-11-10T11:08:00,,,false,3,13,512,4,1,
6740,122,Phone system fault,2025-11-10T09:28:00,2025-11-10T11:28:00,2025-11-11T18:28:00,2025-11-11T18:28:00,true,9,11,711,3,2,
4625,104,Backup job failed,2025-11-10T09:57:00,2025-11-10T10:18:00,2025-11-10T21:57:00,2025-11-10T21:57:00,true,9,12,565,2,1,
4675,105,Phone system fault,2025-11-10T10:00:00,2025-11-10T11:39:00,2025-11-11T23:00:00,2025-11-11T23:00:00,true,9,16,865,3,1,
4210,101,Laptop running slowly,2025-11-10T10:18:00,2025-11-10T10:40:00,2025-11-11T17:18:00,2025-11-11T17:18:00,true,9,12,821,2,1,
5254,109,Laptop running slowly,2025-11-10T10:22:00,2025-11-10T11:35:00,2025-11-11T15:22:00,2025-11-11T15:22:00,true,9,12,525,4,1,
4197,101,VPN connection dropping,2025-11-10T10:41:00,2025-11-10T11:30:00,2025-11-11T14:41:00,2025-11-11T14:41:00,true,9,12,867,3,1,
5416,110,MFA reset,2025-11-10T11:02:00,2025-11-10T12:41:00,2025-11-11T09:02:00,2025-11-11T09:02:00,true,9,,804,4,1,
4204,101,Shared drive access,2025-11-10T11:19:00,2025-11-10T12:05:00,2025-11-11T23:19:00,2025-11-11T23:19:00,true,9,13,544,1,1,
6625,121,MFA reset,2025-11-10T11:29:00,2025-11-10T12:59:00,2025-11-10T15:29:00,2025-11-10T15:29:00,true,9,13,844,4,2,
6041,115,Outlook not syncing,2025-11-10T12:31:00,2025-11-10T13:11:00,2025-11-11T19:31:00,2025-11-11T19:31:00,true,9,12,502,4,1,
6329,118,Printer offline,2025-11-10T12:38:00,,,,false,2,12,573,2,2,
4208,101,Phone system fault,2025-11-10T13:15:00,2025-11-10T13:35:00,,,false,2,12,607,4,1,
4469,103,Teams audio issue,2025-11-10T13:41:00,2025-11-10T14:32:00,2025-11-12T12:41:00,2025-11-12T12:41:00,true,9,15,621,4,2,
4020,100,Teams audio issue,2025-11-10T14:06:00,2025-11-10T14:39:00,2025-11-11T16:06:00,2025-11-11T16:06:00,true,9,16,870,4,2,
6880,124,MFA reset,2025-11-10T14:08:00,2025-11-10T14:52:00,2025-11-10T17:08:00,2025-11-10T17:08:00,true,9,15,723,3,1,
4198,101,Server disk space,2025-11-10T14:47:00,2025-11-10T16:27:00,2025-11-12T11:47:00,2025-11-12T11:47:00,true,9,15,819,4,1,
4341,102,Software install request,2025-11-10T15:35:00,2025-11-10T16:01:00,2025-11-11T22:35:00,2025-11-11T22:35:00,true,9,15,533,1,1,
6627,121,Mailbox full,2025-11-10T16:23:00,2025-11-10T17:28:00,2025-11-12T14:23:00,2025-11-12T14:23:00,true,9,13,538,1,2,
4338,102,Laptop running slowly,2025-11-10T16:35:00,2025-11-10T17:16:00,2025-11-10T18:35:00,2025-11-10T18:35:00,true,9,14,637,4,2,
6737,122,Firewall rule change,2025-11-10T16:57:00,2025-11-10T18:53:00,,,false,1,15,563,1,1,
6325,118,MFA reset,2025-11-10T17:38:00,2025-11-10T18:32:00,2025-11-10T19:38:00,2025-11-10T19:38:00,true,9,13,605,1,2,
6736,122,Software install request,2025-11-10T17:41:00,2025-11-10T19:15:00,2025-11-10T22:41:00,2025-11-10T22:41:00,true,9,12,501,2,1,
5958,114,New starter setup,2025-11-10T17:50:00,2025-11-10T19:29:00,2025-11-11T11:50:00,2025-11-11T11:50:00,true,9,15,770,3,2,
4630,104,Outlook not syncing,2025-11-11T08:51:00,2025-11-11T10:41:00,2025-11-12T13:51:00,2025-11-12T13:51:00,true,9,13,609,3,1,
6738,122,Software install request,2025-11-11T12:14:00,2025-11-11T13:25:00,2025-11-11T19:14:00,2025-11-11T19:14:00,true,9,11,837,1,1,
5550,111,Shared drive access,2025-11-11T12:47:00,2025-11-11T13:03:00,2025-11-11T21:47:00,2025-11-11T21:47:00,true,9,12,594,1,1,
4953,107,VPN connection dropping,2025-11-11T16:43:00,2025-11-11T17:40:00,2025-11-13T08:43:00,2025-11-13T08:43:00,true,9,12,702,3,2,
4472,103,VPN connection dropping,2025-11-11T16:59:00,2025-11-11T18:55:00,2025-11-13T14:59:00,2025-11-13T14:59:00,true,9,14,521,4,1,
5554,111,MFA reset,2025-11-11T17:05:00,,,,false,1,13,707,1,2,
5838,113,Printer offline,2025-11-11T20:39:00,2025-11-11T20:56:00,2025-11-13T07:39:00,2025-11-13T07:39:00,true,9,13,677,3,1,
4820,106,Teams audio issue,2025-11-12T03:15:00,2025-11-12T03:43:00,2025-11-13T08:15:00,2025-11-13T08:15:00,true,9,15,671,1,2,
4632,104,Phone system fault,2025-11-12T10:18:00,2025-11-12T12:10:00,2025-11-13T21:18:00,2025-11-13T21:18:00,true,9,11,642,2,2,
6163,117,Backup job failed,2025-11-12T10:33:00,,,,false,1,11,595,4,2,
4344,102,Shared drive access,2025-11-12T12:09:00,2025-11-12T12:27:00,2025-11-14T00:09:00,2025-11-14T00:09:00,true,9,12,851,2,2,
4959,107,Mailbox full,2025-11-12T12:19:00,2025-11-12T13:14:00,2025-11-14T01:19:00,2025-11-14T01:19:00,true,9,14,701,4,1,
5840,113,Password reset,2025-11-12T12:53:00,2025-11-12T14:38:00,2025-11-12T21:53:00,2025-11-12T21:53:00,true,9,15,563,3,2,
6744,122,New starter setup,2025-11-12T13:27:00,2025-11-12T14:26:00,2025-11-12T22:27:00,2025-11-12T22:27:00,true,9,16,766,4,1,
4021,100,Outlook not syncing,2025-11-12T13:54:00,2025-11-12T15:42:00,2025-11-12T16:54:00,2025-11-12T16:54:00,true,9,16,874,3,2,
4470,103,New starter setup,2025-11-12T14:52:00,2025-11-12T15:33:00,2025-11-13T23:52:00,2025-11-13T23:52:00,true,9,15,693,2,1,
4955,107,Laptop running slowly,2025-11-12T16:03:00,2025-11-12T17:15:00,2025-11-13T07:03:00,2025-11-13T07:03:00,true,9,12,701,3,2,
4474,103,MFA reset,2025-11-12T17:20:00,2025-11-12T18:35:00,2025-11-12T21:20:00,2025-11-12T21:20:00,true,9,15,775,1,1,
6741,122,Phone system fault,2025-11-13T15:00:00,2025-11-13T16:51:00,2025-11-13T19:00:00,2025-11-13T19:00:00,true,9,12,892,3,1,
4672,105,Mailbox full,2025-11-13T17:03:00,2025-11-13T18:05:00,2025-11-14T15:03:00,2025-11-14T15:03:00,true,9,16,616,1,2,
4028,100,New starter setup,2025-11-14T08:31:00,2025-11-14T09:00:00,2025-11-15T22:31:00,2025-11-15T22:31:00,true,9,13,852,4,2,
4348,102,VPN connection dropping,2025-11-14T10:50:00,,,,false,1,16,674,1,2,
5250,109,Software install request,2025-11-14T11:11:00,2025-11-14T13:03:00,2025-11-15T23:11:00,2025-11-15T23:11:00,true,9,12,701,4,2,
5549,111,New starter setup,2025-11-14T11:19:00,2025-11-14T12:54:00,2025-11-14T19:19:00,2025-11-14T19:19:00,true,9,14,837,2,2,
6617,121,Laptop running slowly,2025-11-14T12:19:00,2025-11-14T12:55:00,2025-11-15T00:19:00,2025-11-15T00:19:00,true,9,15,778,4,2,
4343,102,Laptop running slowly,2025-11-14T14:01:00,2025-11-14T14:11:00,2025-11-15T10:01:00,2025-11-15T10:01:00,true,9,13,896,3,1,
6622,121,Teams audio issue,2025-11-14T14:21:00,2025-11-14T15:54:00,2025-11-15T18:21:00,2025-11-15T18:21:00,true,9,12,730,4,2,
4347,102,Firewall rule change,2025-11-14T15:30:00,,,,false,3,11,529,2,1,
4810,106,Shared drive access,2025-11-14T15:44:00,2025-11-14T16:51:00,2025-11-16T08:44:00,2025-11-16T08:44:00,true,9,15,527,2,1,
5547,111,MFA reset,2025-11-14T17:02:00,2025-11-14T17:49:00,2025-11-15T02:02:00,2025-11-15T02:02:00,true,9,12,695,4,1,
4673,105,Laptop running slowly,2025-11-14T17:29:00,2025-11-14T19:25:00,2025-11-15T16:29:00,2025-11-15T16:29:00,true,9,11,834,4,2,
5957,114,Mailbox full,2025-11-15T20:20:00,2025-11-15T20:39:00,2025-11-16T21:20:00,2025-11-16T21:20:00,true,9,14,891,2,2,
4674,105,Server disk space,2025-11-16T05:59:00,,,,false,2,13,640,4,1,
5102,108,Firewall rule change,2025-11-17T08:28:00,2025-11-17T09:57:00,2025-11-19T02:28:00,2025-11-19T02:28:00,true,9,16,688,2,1,
4196,101,Mailbox full,2025-11-17T08:33:00,2025-11-17T09:35:00,2025-11-17T13:33:00,2025-11-17T13:33:00,true,9,11,775,4,1,
4808,106,Teams audio issue,2025-11-17T09:33:00,2025-11-17T10:21:00,2025-11-18T19:33:00,2025-11-18T19:33:00,true,9,15,522,1,1,
6529,120,Shared drive access,2025-11-17T10:07:00,2025-11-17T11:09:00,2025-11-18T07:07:00,2025-11-18T07:07:00,true,9,11,664,4,1,
4956,107,Outlook not syncing,2025-11-17T10:43:00,,,,false,3,14,701,2,1,
5199,108,Teams audio issue,2025-11-17T11:15:00,2025-11-17T12:36:00,,,false,3,11,747,4,1,
5198,108,Phone system fault,2025-11-17T12:24:00,2025-11-17T13:25:00,,,false,1,12,794,4,2,
6616,121,MFA reset,2025-11-17T12:51:00,2025-11-17T13:31:00,2025-11-19T11:51:00,2025-11-19T11:51:00,true,9,11,553,1,2,
6043,115,MFA reset,2025-11-17T14:26:00,2025-11-17T15:05:00,2025-11-19T11:26:00,2025-11-19T11:26:00,true,9,14,853,1,2,
4958,107,Backup job failed,2025-11-17T14:47:00,2025-11-17T15:40:00,2025-11-19T02:47:00,2025-11-19T02:47:00,true,9,11,701,3,1,
4814,106,Phone system fault,2025-11-17T14:54:00,2025-11-17T16:50:00,2025-11-18T10:54:00,2025-11-18T10:54:00,true,9,14,511,1,1,
5103,108,Teams audio issue,2025-11-17T15:09:00,,,,false,1,16,650,4,1,
6165,117,Phone system fault,2025-11-17T15:16:00,,,,false,2,12,803,2,1,
6613,121,Laptop running slowly,2025-11-17T15:40:00,2025-11-17T16:44:00,2025-11-18T13:40:00,2025-11-18T13:40:00,true,9,16,724,3,1,
4951,107,Password reset,2025-11-17T16:06:00,2025-11-17T16:38:00,2025-11-18T16:06:00,2025-11-18T16:06:00,true,9,14,701,4,2,
4467,103,Outlook not syncing,2025-11-17T16:18:00,2025-11-17T17:28:00,,,false,3,11,658,3,2,
6879,124,Phone system fault,2025-11-17T17:13:00,2025-11-17T18:43:00,2025-11-19T09:13:00,2025-11-19T09:13:00,true,9,13,519,3,1,
4950,107,Outlook not syncing,2025-11-18T02:15:00,2025-11-18T03:02:00,2025-11-19T17:15:00,2025-11-19T17:15:00,true,9,14,701,2,2,
4029,100,Laptop running slowly,2025-11-18T08:59:00,2025-11-18T09:21:00,2025-11-18T15:59:00,2025-11-18T15:59:00,true,9,12,604,4,1,
5954,114,New starter setup,2025-11-18T09:39:00,2025-11-18T10:19:00,2025-11-19T06:39:00,2025-11-19T06:39:00,true,9,14,856,2,2,
5417,110,Laptop running slowly,2025-11-18T10:42:00,2025-11-18T12:03:00,2025-11-18T14:42:00,2025-11-18T14:42:00,true,9,,525,2,1,
5548,111,MFA reset,2025-11-18T13:39:00,2025-11-18T15:13:00,2025-11-18T22:39:00,2025-11-18T22:39:00,true,9,15,766,4,1,
5253,109,Backup job failed,2025-11-18T14:39:00,2025-11-18T16:24:00,2025-11-19T00:39:00,2025-11-19T00:39:00,true,9,14,529,4,2,
4473,103,Server disk space,2025-11-18T15:27:00,2025-11-18T16:13:00,2025-11-19T17:27:00,2025-11-19T17:27:00,true,9,16,752,3,2,
6410,119,Software install request,2025-11-18T16:09:00,2025-11-18T16:34:00,2025-11-18T18:09:00,2025-11-18T18:09:00,true,9,11,849,3,1,
4027,100,Teams audio issue,2025-11-18T21:48:00,2025-11-18T22:59:00,2025-11-20T08:48:00,2025-11-20T08:48:00,true,9,11,817,4,2,
5252,109,Laptop running slowly,2025-11-19T08:14:00,2025-11-19T08:49:00,2025-11-21T07:14:00,2025-11-21T07:14:00,true,9,11,712,4,1,
6416,119,Outlook not syncing,2025-11-19T11:43:00,2025-11-19T12:00:00,2025-11-21T04:43:00,2025-11-21T04:43:00,true,9,12,731,1,1,
5101,108,Password reset,2025-11-19T12:17:00,2025-11-19T13:48:00,2025-11-21T08:17:00,2025-11-21T08:17:00,true,9,15,636,3,2,
4816,106,Password reset,2025-11-19T14:08:00,2025-11-19T15:29:00,2025-11-20T06:08:00,2025-11-20T06:08:00,true,9,12,506,4,1,
5832,113,Password reset,2025-11-19T16:31:00,2025-11-19T17:11:00,2025-11-20T03:31:00,2025-11-20T03:31:00,true,9,14,552,1,2,
4345,102,New starter setup,2025-11-19T17:00:00,2025-11-19T17:10:00,2025-11-20T05:00:00,2025-11-20T05:00:00,true,9,13,820,3,2,
5105,108,Server disk space,2025-11-19T17:04:00,2025-11-19T18:21:00,2025-11-20T23:04:00,2025-11-20T23:04:00,true,9,16,817,2,1,
6528,120,Printer offline,2025-11-19T17:22:00,2025-11-19T17:57:00,2025-11-21T01:22:00,2025-11-21T01:22:00,true,9,13,603,1,1,
4670,105,Laptop running slowly,2025-11-19T23:21:00,2025-11-20T00:27:00,2025-11-20T20:21:00,2025-11-20T20:21:00,true,9,13,728,4,1,
4957,107,Outlook not syncing,2025-11-20T08:19:00,2025-11-20T09:44:00,2025-11-21T03:19:00,2025-11-21T03:19:00,true,9,14,701,4,2,
4821,106,Firewall rule change,2025-11-20T08:49:00,2025-11-20T09:56:00,2025-11-22T01:49:00,2025-11-22T01:49:00,true,9,14,685,2,1,
4205,101,Printer offline,2025-11-20T09:31:00,2025-11-20T11:31:00,2025-11-22T01:31:00,2025-11-22T01:31:00,true,9,11,863,2,1,
4022,100,MFA reset,2025-11-20T11:48:00,2025-11-20T13:09:00,2025-11-21T01:48:00,2025-11-21T01:48:00,true,9,11,658,2,1,
5097,108,Mailbox full,2025-11-20T12:47:00,2025-11-20T13:13:00,2025-11-21T03:47:00,2025-11-21T03:47:00,true,9,16,593,4,1,
6327,118,Mailbox full,2025-11-20T14:33:00,2025-11-20T14:58:00,2025-11-21T05:33:00,2025-11-21T05:33:00,true,9,13,693,3,2,
4823,106,Server disk space,2025-11-20T15:14:00,2025-11-20T16:26:00,,,false,1,14,862,3,1,
5825,113,Software install request,2025-11-20T16:05:00,2025-11-20T16:28:00,2025-11-21T01:05:00,2025-11-21T01:05:00,true,9,11,855,2,1,
4206,101,Teams audio issue,2025-11-20T16:30:00,2025-11-20T18:01:00,2025-11-20T20:30:00,2025-11-20T20:30:00,true,9,16,899,1,1,
4468,103,MFA reset,2025-11-20T17:00:00,2025-11-20T18:27:00,2025-11-22T09:00:00,2025-11-22T09:00:00,true,9,13,560,4,1,
6122,116,Teams audio issue,2025-11-20T17:26:00,2025-11-20T18:39:00,,,false,1,14,734,3,1,
6040,115,Phone system fault,2025-11-21T06:33:00,2025-11-21T06:48:00,2025-11-22T17:33:00,2025-11-22T17:33:00,true,9,14,688,4,1,
4961,107,New starter setup,2025-11-21T08:15:00,2025-11-21T10:11:00,2025-11-21T19:15:00,2025-11-21T19:15:00,true,9,13,701,4,1,
4822,106,Teams audio issue,2025-11-21T10:46:00,2025-11-21T11:32:00,2025-11-22T00:46:00,2025-11-22T00:46:00,true,9,12,835,1,1,
5835,113,Mailbox full,2025-11-21T10:56:00,2025-11-21T11:15:00,2025-11-23T10:56:00,2025-11-23T10:56:00,true,9,13,594,4,1,
5249,109,Software install request,2025-11-21T11:01:00,2025-11-21T11:52:00,2025-11-21T23:01:00,2025-11-21T23:01:00,true,9,15,510,4,1,
5690,112,Teams audio issue,2025-11-21T11:08:00,2025-11-21T12:32:00,2025-11-23T07:08:00,2025-11-23T07:08:00,true,9,12,622,4,1,
4669,105,Password reset,2025-11-21T13:51:00,,,,false,2,14,737,1,2,
4817,106,Backup job failed,2025-11-21T14:23:00,2025-11-21T15:23:00,2025-11-21T19:23:00,2025-11-21T19:23:00,true,9,12,645,2,2,
4194,101,Phone system fault,2025-11-24T08:23:00,2025-11-24T09:34:00,2025-11-25T23:23:00,2025-11-25T23:23:00,true,9,15,880,3,1,
6125,116,Server disk space,2025-11-24T08:33:00,2025-11-24T09:41:00,2025-11-26T07:33:00,2025-11-26T07:33:00,true,9,14,830,4,1,
5829,113,Outlook not syncing,2025-11-24T10:01:00,2025-11-24T10:27:00,2025-11-25T05:01:00,2025-11-25T05:01:00,true,9,14,597,4,1,
4211,101,Laptop running slowly,2025-11-24T10:02:00,2025-11-24T10:34:00,2025-11-25T11:02:00,2025-11-25T11:02:00,true,9,14,527,2,1,
5100,108,Teams audio issue,2025-11-24T11:16:00,2025-11-24T13:06:00,2025-11-25T08:16:00,2025-11-25T08:16:00,true,9,14,658,2,1,
4209,101,Password reset,2025-11-24T11:42:00,2025-11-24T13:38:00,2025-11-25T07:42:00,2025-11-25T07:42:00,true,9,14,780,1,2,
5688,112,Phone system fault,2025-11-24T11:44:00,,,,false,2,15,665,1,2,
4809,106,Mailbox full,2025-11-24T11:48:00,2025-11-24T13:30:00,2025-11-26T06:48:00,2025-11-26T06:48:00,true,9,11,558,4,1,
6739,122,Password reset,2025-11-24T12:18:00,2025-11-24T12:52:00,2025-11-26T00:18:00,2025-11-26T00:18:00,true,9,14,859,4,2,
5955,114,Teams audio issue,2025-11-24T12:54:00,2025-11-24T13:31:00,2025-11-26T12:54:00,2025-11-26T12:54:00,true,9,12,768,4,2,
5827,113,Backup job failed,2025-11-24T12:55:00,2025-11-24T14:30:00,2025-11-25T07:55:00,2025-11-25T07:55:00,true,9,16,724,4,1,
5689,112,Password reset,2025-11-24T13:05:00,2025-11-24T13:31:00,,,false,3,13,574,2,1,
6123,116,Laptop running slowly,2025-11-24T13:21:00,2025-11-24T13:41:00,2025-11-25T22:21:00,2025-11-25T22:21:00,true,9,15,810,2,2,
4813,106,New starter setup,2025-11-24T13:29:00,2025-11-24T13:54:00,2025-11-25T08:29:00,2025-11-25T08:29:00,true,9,12,598,4,2,
6161,117,Password reset,2025-11-24T13:38:00,2025-11-24T14:33:00,2025-11-25T06:38:00,2025-11-25T06:38:00,true,9,14,543,1,2,
6164,117,Software install request,2025-11-24T13:59:00,2025-11-24T15:49:00,2025-11-25T10:59:00,2025-11-25T10:59:00,true,9,11,875,2,2,
6419,119,Backup job failed,2025-11-24T14:32:00,2025-11-24T14:44:00,2025-11-25T15:32:00,2025-11-25T15:32:00,true,9,16,890,2,1,
4201,101,MFA reset,2025-11-24T15:18:00,2025-11-24T15:40:00,2025-11-25T12:18:00,2025-11-25T12:18:00,true,9,12,806,1,1,
5553,111,VPN connection dropping,2025-11-24T15:40:00,2025-11-24T17:37:00,2025-11-24T23:40:00,2025-11-24T23:40:00,true,9,16,609,1,1,
4960,107,Teams audio issue,2025-11-24T15:42:00,2025-11-24T17:11:00,2025-11-24T20:42:00,2025-11-24T20:42:00,true,9,14,701,1,1,
6877,124,Teams audio issue,2025-11-24T15:43:00,2025-11-24T17:13:00,2025-11-25T13:43:00,2025-11-25T13:43:00,true,9,11,874,1,1,
5552,111,Software install request,2025-11-24T15:51:00,2025-11-24T16:51:00,2025-11-25T00:51:00,2025-11-25T00:51:00,true,9,12,517,2,1,
5096,108,Mailbox full,2025-11-24T16:09:00,2025-11-24T17:20:00,2025-11-25T20:09:00,2025-11-25T20:09:00,true,9,16,759,1,1,
4811,106,VPN connection dropping,2025-11-24T16:21:00,2025-11-24T17:02:00,2025-11-24T20:21:00,2025-11-24T20:21:00,true,9,12,859,2,1,
6042,115,Phone system fault,2025-11-24T16:28:00,2025-11-24T16:46:00,,,false,1,15,632,3,1,
5691,112,Mailbox full,2025-11-24T16:32:00,2025-11-24T17:14:00,2025-11-24T18:32:00,2025-11-24T18:32:00,true,9,12,842,2,1,
6821,123,Mailbox full,2025-11-24T16:38:00,2025-11-24T17:40:00,2025-11-25T13:38:00,2025-11-25T13:38:00,true,9,15,639,2,1,
4671,105,VPN connection dropping,2025-11-24T16:50:00,2025-11-24T18:06:00,2025-11-26T07:50:00,2025-11-26T07:50:00,true,9,11,844,1,1,
4024,100,Teams audio issue,2025-11-24T17:05:00,2025-11-24T17:22:00,2025-11-26T07:05:00,2025-11-26T07:05:00,true,9,12,858,2,2,
5257,109,Firewall rule change,2025-11-24T17:28:00,2025-11-24T18:22:00,2025-11-26T02:28:00,2025-11-26T02:28:00,true,9,11,847,2,1,
5197,108,Server disk space,2025-11-24T17:43:00,2025-11-24T18:05:00,,,false,1,13,701,4,1,
5419,110,Outlook not syncing,2025-11-24T22:32:00,2025-11-24T23:37:00,2025-11-25T04:32:00,2025-11-25T04:32:00,true,9,,750,1,2,
6411,119,Laptop running slowly,2025-11-25T08:09:00,2025-11-25T08:26:00,2025-11-26T01:09:00,2025-11-26T01:09:00,true,9,16,757,3,1,
4475,103,Teams audio issue,2025-11-25T10:55:00,2025-11-25T12:26:00,2025-11-25T15:55:00,2025-11-25T15:55:00,true,9,11,546,4,1,
5685,112,MFA reset,2025-11-25T11:28:00,2025-11-25T12:52:00,2025-11-26T06:28:00,2025-11-26T06:28:00,true,9,12,788,4,2,
4954,107,Laptop running slowly,2025-11-25T11:30:00,2025-11-25T11:53:00,,,false,2,11,702,4,2,
5200,108,Mailbox full,2025-11-25T12:53:00,2025-11-25T14:21:00,,,false,3,11,779,4,2,
5201,108,Shared drive access,2025-11-25T13:26:00,2025-11-25T14:42:00,,,false,3,16,676,4,1,
6818,123,New starter setup,2025-11-25T14:14:00,2025-11-25T16:09:00,2025-11-26T20:14:00,2025-11-26T20:14:00,true,9,14,681,2,2,
6415,119,Mailbox full,2025-11-25T15:24:00,2025-11-25T15:58:00,2025-11-26T01:24:00,2025-11-26T01:24:00,true,9,11,824,2,2,
6819,123,Backup job failed,2025-11-25T15:35:00,2025-11-25T16:03:00,2025-11-27T08:35:00,2025-11-27T08:35:00,true,9,13,764,2,1,
6124,116,Server disk space,2025-11-25T17:46:00,2025-11-25T19:33:00,2025-11-26T04:46:00,2025-11-26T04:46:00,true,9,16,682,2,1,
4812,106,Laptop running slowly,2025-11-26T08:33:00,2025-11-26T09:56:00,2025-11-26T12:33:00,2025-11-26T12:33:00,true,9,13,795,1,1,
5423,110,Printer offline,2025-11-26T08:36:00,2025-11-26T09:19:00,2025-11-27T11:36:00,2025-11-27T11:36:00,true,9,,666,4,1,
4026,100,Server disk space,2025-11-26T09:48:00,2025-11-26T11:40:00,2025-11-28T00:48:00,2025-11-28T00:48:00,true,9,16,637,4,1,
5956,114,Outlook not syncing,2025-11-26T10:34:00,2025-11-26T12:01:00,2025-11-27T08:34:00,2025-11-27T08:34:00,true,9,13,762,3,1,
4207,101,Backup job failed,2025-11-26T11:27:00,2025-11-26T12:49:00,2025-11-27T09:27:00,2025-11-27T09:27:00,true,9,14,749,1,1,
5099,108,Mailbox full,2025-11-26T12:37:00,2025-11-26T13:08:00,2025-11-26T20:37:00,2025-11-26T20:37:00,true,9,14,595,3,2,
6324,118,VPN connection dropping,2025-11-26T16:43:00,,,,false,3,12,804,1,1,
5420,110,Software install request,2025-11-26T17:12:00,2025-11-26T18:18:00,2025-11-27T18:12:00,2025-11-27T18:12:00,true,9,,559,3,1,
5687,112,Phone system fault,2025-11-26T19:38:00,2025-11-26T20:18:00,2025-11-26T21:38:00,2025-11-26T21:38:00,true,9,12,728,4,1,
5094,108,Outlook not syncing,2025-11-27T02:23:00,2025-11-27T02:51:00,2025-11-27T17:23:00,2025-11-27T17:23:00,true,9,11,767,4,1,
6326,118,Teams audio issue,2025-11-27T13:15:00,2025-11-27T14:13:00,2025-11-28T11:15:00,2025-11-28T11:15:00,true,9,11,702,4,1,
5095,108,New starter setup,2025-11-27T13:18:00,2025-11-27T13:48:00,2025-11-28T09:18:00,2025-11-28T09:18:00,true,9,16,535,4,1,
5255,109,VPN connection dropping,2025-11-27T15:03:00,2025-11-27T16:07:00,2025-11-29T02:03:00,2025-11-29T02:03:00,true,9,12,614,4,1,
5826,113,Firewall rule change,2025-11-27T16:59:00,2025-11-27T17:23:00,2025-11-28T05:59:00,2025-11-28T05:59:00,true,9,13,611,2,1,
5839,113,MFA reset,2025-11-27T17:10:00,2025-11-27T17:31:00,,,false,3,12,887,1,2,
4480,103,Firewall rule change,2025-11-28T08:52:00,2025-11-28T10:28:00,2025-11-30T05:52:00,2025-11-30T05:52:00,true,9,15,623,4,1,
4485,103,Backup job failed,2025-11-28T10:12:00,2025-11-28T11:26:00,2025-11-29T15:12:00,2025-11-29T15:12:00,true,9,16,577,4,2,
4965,107,Password reset,2025-11-28T12:24:00,2025-11-28T12:58:00,2025-11-29T04:24:00,2025-11-29T04:24:00,true,9,15,701,3,1,
5847,113,MFA reset,2025-11-28T12:55:00,2025-11-28T14:03:00,,,false,1,11,656,2,1,
5841,113,Software install request,2025-11-28T16:19:00,2025-11-28T17:10:00,2025-11-29T02:19:00,2025-11-29T02:19:00,true,9,11,839,2,2,
6628,121,Backup job failed,2025-11-28T16:21:00,2025-11-28T17:40:00,2025-11-30T07:21:00,2025-11-30T07:21:00,true,9,13,503,2,2,
6630,121,New starter setup,2025-11-28T23:58:00,2025-11-29T01:45:00,2025-11-30T13:58:00,2025-11-30T13:58:00,true,9,12,586,3,2,
6330,118,Mailbox full,2025-11-29T19:39:00,2025-11-29T20:35:00,2025-12-01T00:39:00,2025-12-01T00:39:00,true,9,11,783,1,2,
6533,120,Server disk space,2025-12-01T03:26:00,,,,false,3,13,580,4,1,
6746,122,Mailbox full,2025-12-01T08:30:00,2025-12-01T09:54:00,,,false,2,14,793,1,2,
6883,124,Software install request,2025-12-01T09:17:00,2025-12-01T09:44:00,2025-12-01T11:17:00,2025-12-01T11:17:00,true,9,14,775,3,2,
6629,121,Password reset,2025-12-01T09:23:00,2025-12-01T10:24:00,2025-12-02T02:23:00,2025-12-02T02:23:00,true,9,13,698,3,2,
5265,109,Mailbox full,2025-12-01T09:33:00,2025-12-01T09:54:00,2025-12-01T15:33:00,2025-12-01T15:33:00,true,9,13,636,4,1,
4962,107,Teams audio issue,2025-12-01T09:39:00,2025-12-01T09:58:00,2025-12-02T19:39:00,2025-12-02T19:39:00,true,9,13,701,3,1,
5704,112,New starter setup,2025-12-01T10:25:00,2025-12-01T10:52:00,2025-12-02T03:25:00,2025-12-02T03:25:00,true,9,15,549,3,1,
4361,102,MFA reset,2025-12-01T11:03:00,2025-12-01T11:44:00,2025-12-02T03:03:00,2025-12-02T03:03:00,true,9,14,726,3,2,
4356,102,MFA reset,2025-12-01T11:40:00,2025-12-01T12:21:00,2025-12-01T18:40:00,2025-12-01T18:40:00,true,9,13,776,3,1,
5848,113,Password reset,2025-12-01T11:49:00,2025-12-01T12:21:00,2025-12-02T13:49:00,2025-12-02T13:49:00,true,9,11,720,4,2,
6747,122,Shared drive access,2025-12-01T12:28:00,2025-12-01T13:58:00,2025-12-02T07:28:00,2025-12-02T07:28:00,true,9,13,762,1,1,
5963,114,Outlook not syncing,2025-12-01T12:31:00,2025-12-01T13:13:00,2025-12-03T05:31:00,2025-12-03T05:31:00,true,9,11,812,4,2,
4030,100,Phone system fault,2025-12-01T12:36:00,2025-12-01T13:46:00,,,false,1,14,535,3,2,
4966,107,MFA reset,2025-12-01T13:28:00,2025-12-01T14:31:00,2025-12-02T09:28:00,2025-12-02T09:28:00,true,9,12,701,4,1,
6170,117,Teams audio issue,2025-12-01T13:46:00,2025-12-01T15:22:00,2025-12-02T03:46:00,2025-12-02T03:46:00,true,9,11,738,4,2,
5842,113,Teams audio issue,2025-12-01T13:50:00,2025-12-01T14:38:00,2025-12-03T04:50:00,2025-12-03T04:50:00,true,9,15,588,4,1,
6049,115,Printer offline,2025-12-01T14:32:00,2025-12-01T15:18:00,2025-12-02T02:32:00,2025-12-02T02:32:00,true,9,12,504,2,1,
6177,117,Backup job failed,2025-12-01T14:35:00,2025-12-01T16:14:00,2025-12-01T17:35:00,2025-12-01T17:35:00,true,9,12,837,2,1,
4035,100,MFA reset,2025-12-01T14:48:00,2025-12-01T15:58:00,2025-12-03T08:48:00,2025-12-03T08:48:00,true,9,16,726,3,1,
5261,109,Mailbox full,2025-12-01T15:10:00,2025-12-01T16:36:00,2025-12-02T17:10:00,2025-12-02T17:10:00,true,9,11,825,3,2,
4487,103,New starter setup,2025-12-01T15:15:00,2025-12-01T16:42:00,2025-12-02T14:15:00,2025-12-02T14:15:00,true,9,15,559,2,1,
5107,108,New starter setup,2025-12-01T15:21:00,2025-12-01T16:17:00,2025-12-02T20:21:00,2025-12-02T20:21:00,true,9,14,622,2,1,
6539,120,Server disk space,2025-12-01T16:29:00,2025-12-01T17:24:00,,,false,2,16,854,2,1,
4968,107,Shared drive access,2025-12-01T17:35:00,2025-12-01T18:00:00,2025-12-02T17:35:00,2025-12-02T17:35:00,true,9,16,701,2,1,
5961,114,Server disk space,2025-12-01T17:48:00,2025-12-01T19:36:00,2025-12-02T09:48:00,2025-12-02T09:48:00,true,9,12,626,3,2,
6887,124,Outlook not syncing,2025-12-01T17:48:00,2025-12-01T19:03:00,2025-12-03T06:48:00,2025-12-03T06:48:00,true,9,16,678,2,2,
4825,106,Firewall rule change,2025-12-02T03:53:00,2025-12-02T04:32:00,2025-12-02T21:53:00,2025-12-02T21:53:00,true,9,14,672,3,2,
5560,111,Laptop running slowly,2025-12-02T05:12:00,2025-12-02T06:05:00,2025-12-02T13:12:00,2025-12-02T13:12:00,true,9,15,738,3,1,
4963,107,Teams audio issue,2025-12-02T08:29:00,2025-12-02T08:55:00,2025-12-03T08:29:00,2025-12-03T08:29:00,true,9,16,702,4,1,
4213,101,Backup job failed,2025-12-02T16:40:00,2025-12-02T18:07:00,2025-12-03T17:40:00,2025-12-03T17:40:00,true,9,14,814,2,2,
5263,109,Server disk space,2025-12-03T08:35:00,2025-12-03T10:34:00,2025-12-04T08:35:00,2025-12-04T08:35:00,true,9,11,854,1,2,
5430,110,Firewall rule change,2025-12-03T08:45:00,2025-12-03T09:30:00,2025-12-03T14:45:00,2025-12-03T14:45:00,true,9,,513,4,1,
4689,105,Shared drive access,2025-12-03T08:46:00,2025-12-03T09:26:00,2025-12-03T17:46:00,2025-12-03T17:46:00,true,9,16,765,4,1,
6823,123,Phone system fault,2025-12-03T10:50:00,2025-12-03T11:05:00,2025-12-04T12:50:00,2025-12-04T12:50:00,true,9,14,688,2,1,
6531,120,Server disk space,2025-12-03T11:11:00,2025-12-03T12:37:00,2025-12-03T14:11:00,2025-12-03T14:11:00,true,9,14,557,2,2,
4688,105,Laptop running slowly,2025-12-03T12:35:00,,,,false,2,13,864,4,2,
4033,100,MFA reset,2025-12-03T14:47:00,2025-12-03T15:40:00,2025-12-04T04:47:00,2025-12-04T04:47:00,true,9,13,858,4,1,
6888,124,Printer offline,2025-12-03T17:16:00,2025-12-03T18:18:00,2025-12-04T06:16:00,2025-12-04T06:16:00,true,9,16,573,4,1,
6337,118,Printer offline,2025-12-04T09:04:00,2025-12-04T10:01:00,2025-12-05T15:04:00,2025-12-05T15:04:00,true,9,16,748,4,2,
6637,121,Mailbox full,2025-12-04T09:58:00,2025-12-04T10:20:00,2025-12-04T11:58:00,2025-12-04T11:58:00,true,9,14,521,3,2,
6331,118,Server disk space,2025-12-04T10:29:00,2025-12-04T10:44:00,2025-12-06T05:29:00,2025-12-06T05:29:00,true,9,14,725,4,1,
5432,110,Outlook not syncing,2025-12-04T11:06:00,2025-12-04T11:35:00,2025-12-05T11:06:00,2025-12-05T11:06:00,true,9,,578,3,2,
5429,110,New starter setup,2025-12-04T16:50:00,2025-12-04T17:39:00,2025-12-05T14:50:00,2025-12-05T14:50:00,true,9,,644,3,1,
6422,119,Printer offline,2025-12-05T09:52:00,2025-12-05T10:09:00,2025-12-06T17:52:00,2025-12-06T17:52:00,true,9,16,674,1,2,
5203,108,Backup job failed,2025-12-05T10:59:00,2025-12-05T11:27:00,,,false,3,14,814,2,2,
5113,108,Laptop running slowly,2025-12-05T11:34:00,2025-12-05T12:05:00,2025-12-06T09:34:00,2025-12-06T09:34:00,true,9,15,865,4,2,
6048,115,Mailbox full,2025-12-05T13:21:00,2025-12-05T14:50:00,2025-12-06T15:21:00,2025-12-06T15:21:00,true,9,13,756,1,1,
4830,106,MFA reset,2025-12-05T14:43:00,2025-12-05T16:16:00,2025-12-07T06:43:00,2025-12-07T06:43:00,true,9,12,514,2,1,
6745,122,Laptop running slowly,2025-12-05T16:02:00,2025-12-05T17:37:00,2025-12-06T12:02:00,2025-12-06T12:02:00,true,9,14,709,4,1,
6636,121,Shared drive access,2025-12-06T05:14:00,2025-12-06T07:00:00,2025-12-06T09:14:00,2025-12-06T09:14:00,true,9,14,612,3,1,
5260,109,VPN connection dropping,2025-12-07T21:17:00,2025-12-07T21:59:00,,,false,1,16,848,2,1,
4824,106,Outlook not syncing,2025-12-08T08:19:00,2025-12-08T10:17:00,2025-12-08T16:19:00,2025-12-08T16:19:00,true,9,13,746,3,2,
6535,120,New starter setup,2025-12-08T08:34:00,2025-12-08T09:36:00,2025-12-09T22:34:00,2025-12-09T22:34:00,true,9,12,854,1,2,
6129,116,New starter setup,2025-12-08T09:20:00,,,,false,2,16,744,3,2,
4217,101,Printer offline,2025-12-08T10:11:00,2025-12-08T11:03:00,2025-12-10T08:11:00,2025-12-10T08:11:00,true,9,11,700,2,2,
4682,105,Mailbox full,2025-12-08T10:15:00,2025-12-08T11:56:00,2025-12-09T08:15:00,2025-12-09T08:15:00,true,9,12,554,3,2,
5849,113,Server disk space,2025-12-08T11:09:00,2025-12-08T12:36:00,2025-12-09T07:09:00,2025-12-09T07:09:00,true,9,15,523,1,2,
6750,122,Backup job failed,2025-12-08T11:13:00,2025-12-08T12:42:00,2025-12-10T00:13:00,2025-12-10T00:13:00,true,9,11,575,1,1,
4350,102,Phone system fault,2025-12-08T12:10:00,2025-12-08T12:47:00,,,false,2,13,861,3,2,
5708,112,Backup job failed,2025-12-08T12:34:00,2025-12-08T12:54:00,2025-12-08T15:34:00,2025-12-08T15:34:00,true,9,14,549,3,1,
5424,110,Outlook not syncing,2025-12-08T12:46:00,2025-12-08T14:32:00,2025-12-08T21:46:00,2025-12-08T21:46:00,true,9,,703,1,1,
6751,122,Server disk space,2025-12-08T13:32:00,2025-12-08T14:25:00,2025-12-09T06:32:00,2025-12-09T06:32:00,true,9,15,842,4,1,
4355,102,Software install request,2025-12-08T13:46:00,2025-12-08T14:01:00,2025-12-09T09:46:00,2025-12-09T09:46:00,true,9,13,699,4,2,
4686,105,MFA reset,2025-12-08T14:07:00,,,,false,2,11,724,3,1,
6429,119,Teams audio issue,2025-12-08T14:41:00,2025-12-08T14:57:00,2025-12-10T09:41:00,2025-12-10T09:41:00,true,9,14,673,1,2,
4036,100,MFA reset,2025-12-08T15:15:00,2025-12-08T16:46:00,2025-12-09T21:15:00,2025-12-09T21:15:00,true,9,14,674,3,1,
5270,109,Server disk space,2025-12-08T16:10:00,2025-12-08T16:33:00,2025-12-10T00:10:00,2025-12-10T00:10:00,true,9,12,545,1,1,
4226,101,Backup job failed,2025-12-08T16:49:00,,,,false,1,13,633,3,1,
4677,105,Laptop running slowly,2025-12-08T16:49:00,,,,false,3,11,584,2,2,
5696,112,Firewall rule change,2025-12-08T16:51:00,,,,false,2,11,872,4,2,
5562,111,Mailbox full,2025-12-08T16:54:00,2025-12-08T17:57:00,2025-12-08T23:54:00,2025-12-08T23:54:00,true,9,13,676,2,2,
4352,102,Teams audio issue,2025-12-08T16:59:00,2025-12-08T17:42:00,2025-12-09T01:59:00,2025-12-09T01:59:00,true,9,14,900,3,1,
4218,101,Shared drive access,2025-12-08T17:38:00,2025-12-08T18:47:00,2025-12-10T00:38:00,2025-12-10T00:38:00,true,9,13,811,2,2,
4482,103,Mailbox full,2025-12-08T23:10:00,2025-12-09T00:09:00,2025-12-09T08:10:00,2025-12-09T08:10:00,true,9,12,665,3,1,
6430,119,Printer offline,2025-12-09T03:14:00,,,,false,1,15,665,4,1,
6332,118,VPN connection dropping,2025-12-09T10:59:00,,,,false,3,16,561,4,1,
6632,121,Outlook not syncing,2025-12-09T12:07:00,2025-12-09T13:48:00,2025-12-10T10:07:00,2025-12-10T10:07:00,true,9,14,646,3,2,
5204,108,Password reset,2025-12-09T15:01:00,2025-12-09T15:34:00,,,false,1,14,776,2,1,
5559,111,Shared drive access,2025-12-09T15:51:00,2025-12-09T16:12:00,2025-12-09T22:51:00,2025-12-09T22:51:00,true,9,12,780,4,1,
5259,109,Shared drive access,2025-12-09T16:03:00,2025-12-09T18:01:00,,,false,1,13,832,2,1,
4034,100,Shared drive access,2025-12-09T16:14:00,2025-12-09T17:28:00,2025-12-11T06:14:00,2025-12-11T06:14:00,true,9,11,754,2,2,
6427,119,Teams audio issue,2025-12-09T16:18:00,2025-12-09T16:46:00,2025-12-10T10:18:00,2025-12-10T10:18:00,true,9,11,698,4,2,
5695,112,Mailbox full,2025-12-09T16:22:00,2025-12-09T17:45:00,2025-12-09T18:22:00,2025-12-09T18:22:00,true,9,15,725,4,1,
4360,102,Laptop running slowly,2025-12-09T16:25:00,2025-12-09T16:57:00,2025-12-11T06:25:00,2025-12-11T06:25:00,true,9,15,798,3,1,
6046,115,Phone system fault,2025-12-09T17:36:00,2025-12-09T18:51:00,2025-12-10T10:36:00,2025-12-10T10:36:00,true,9,16,760,2,1,
5693,112,Password reset,2025-12-09T17:53:00,2025-12-09T19:26:00,2025-12-11T04:53:00,2025-12-11T04:53:00,true,9,11,741,4,1,
4680,105,Firewall rule change,2025-12-10T09:52:00,,,,false,2,13,831,3,2,
4488,103,Shared drive access,2025-12-10T10:15:00,2025-12-10T12:06:00,2025-12-10T18:15:00,2025-12-10T18:15:00,true,9,15,812,3,1,
5697,112,Shared drive access,2025-12-10T12:06:00,2025-12-10T12:31:00,2025-12-11T06:06:00,2025-12-11T06:06:00,true,9,13,792,2,1,
5702,112,Outlook not syncing,2025-12-10T12:28:00,2025-12-10T12:44:00,,,false,1,16,533,1,1,
5111,108,Firewall rule change,2025-12-10T12:43:00,2025-12-10T13:07:00,2025-12-11T07:43:00,2025-12-11T07:43:00,true,9,12,852,2,1,
6044,115,Outlook not syncing,2025-12-10T13:10:00,2025-12-10T13:57:00,,,false,3,13,646,2,1,
4031,100,MFA reset,2025-12-10T15:35:00,2025-12-10T16:51:00,2025-12-11T23:35:00,2025-12-11T23:35:00,true,9,11,878,3,1,
4685,105,Software install request,2025-12-10T15:38:00,,,,false,1,13,675,4,1,
4828,106,Printer offline,2025-12-11T05:01:00,2025-12-11T06:46:00,2025-12-12T00:01:00,2025-12-12T00:01:00,true,9,14,537,4,1,
5846,113,Password reset,2025-12-11T06:54:00,2025-12-11T07:23:00,2025-12-12T16:54:00,2025-12-12T16:54:00,true,9,15,702,2,1,
4220,101,Laptop running slowly,2025-12-11T09:51:00,2025-12-11T10:10:00,2025-12-12T16:51:00,2025-12-12T16:51:00,true,9,16,842,1,1,
6335,118,VPN connection dropping,2025-12-11T12:05:00,2025-12-11T13:35:00,2025-12-12T06:05:00,2025-12-12T06:05:00,true,9,11,652,2,1,
5205,108,Firewall rule change,2025-12-11T12:11:00,2025-12-11T13:15:00,,,false,1,14,686,4,1,
5267,109,Teams audio issue,2025-12-11T13:13:00,2025-12-11T13:34:00,2025-12-12T23:13:00,2025-12-12T23:13:00,true,9,13,630,2,2,
5433,110,Teams audio issue,2025-12-11T14:03:00,,,,false,1,,858,4,1,
6045,115,Printer offline,2025-12-11T16:08:00,2025-12-11T18:01:00,2025-12-13T14:08:00,2025-12-13T14:08:00,true,9,14,899,4,2,
4681,105,New starter setup,2025-12-11T16:27:00,,,,false,2,16,747,2,1,
6128,116,MFA reset,2025-12-11T17:46:00,2025-12-11T19:37:00,2025-12-12T17:46:00,2025-12-12T17:46:00,true,9,12,652,3,1,
6421,119,Shared drive access,2025-12-12T03:27:00,2025-12-12T03:57:00,2025-12-13T22:27:00,2025-12-13T22:27:00,true,9,12,802,4,1,
6171,117,Shared drive access,2025-12-12T11:04:00,2025-12-12T12:04:00,2025-12-13T18:04:00,2025-12-13T18:04:00,true,9,12,783,1,1,
4216,101,MFA reset,2025-12-12T13:11:00,2025-12-12T15:00:00,,,false,1,11,577,1,1,
5431,110,Teams audio issue,2025-12-12T13:52:00,2025-12-12T15:14:00,2025-12-13T16:52:00,2025-12-13T16:52:00,true,9,,696,1,2,
5558,111,Mailbox full,2025-12-12T15:23:00,2025-12-12T16:41:00,2025-12-12T23:23:00,2025-12-12T23:23:00,true,9,16,836,4,1,
5109,108,VPN connection dropping,2025-12-12T17:55:00,2025-12-12T19:43:00,,,false,1,13,763,3,2,
4829,106,MFA reset,2025-12-12T17:57:00,2025-12-12T19:16:00,2025-12-14T02:57:00,2025-12-14T02:57:00,true,9,14,648,4,2,
5564,111,Printer offline,2025-12-15T08:30:00,,,,false,2,16,839,1,2,
5110,108,New starter setup,2025-12-15T08:31:00,2025-12-15T10:29:00,2025-12-16T14:31:00,2025-12-16T14:31:00,true,9,16,543,1,2,
6884,124,Shared drive access,2025-12-15T08:32:00,2025-12-15T10:02:00,2025-12-16T17:32:00,2025-12-16T17:32:00,true,9,16,658,4,2,
5705,112,Firewall rule change,2025-12-15T08:35:00,2025-12-15T09:00:00,2025-12-16T00:35:00,2025-12-16T00:35:00,true,9,14,831,4,1,
5701,112,Printer offline,2025-12-15T08:46:00,2025-12-15T09:42:00,2025-12-16T09:46:00,2025-12-16T09:46:00,true,9,16,649,1,2,
5563,111,Password reset,2025-12-15T09:03:00,2025-12-15T09:31:00,2025-12-15T11:03:00,2025-12-15T11:03:00,true,9,13,881,2,1,
4678,105,Software install request,2025-12-15T09:50:00,2025-12-15T11:22:00,2025-12-15T12:50:00,2025-12-15T12:50:00,true,9,14,569,2,1,
4683,105,Password reset,2025-12-15T10:03:00,,,,false,3,11,753,3,1,
6338,118,Software install request,2025-12-15T10:04:00,2025-12-15T11:14:00,2025-12-17T09:04:00,2025-12-17T09:04:00,true,9,11,515,4,1,
5561,111,Printer offline,2025-12-15T10:28:00,2025-12-15T12:11:00,2025-12-15T20:28:00,2025-12-15T20:28:00,true,9,13,752,1,2,
5426,110,Teams audio issue,2025-12-15T10:29:00,2025-12-15T10:49:00,2025-12-17T04:29:00,2025-12-17T04:29:00,true,9,,776,2,2,
6423,119,Printer offline,2025-12-15T10:36:00,2025-12-15T11:19:00,2025-12-16T13:36:00,2025-12-16T13:36:00,true,9,14,880,1,1,
4219,101,Server disk space,2025-12-15T10:39:00,2025-12-15T11:33:00,2025-12-16T05:39:00,2025-12-16T05:39:00,true,9,12,757,1,1,
5698,112,Mailbox full,2025-12-15T11:00:00,2025-12-15T11:54:00,2025-12-16T00:00:00,2025-12-16T00:00:00,true,9,11,878,4,2,
4638,104,MFA reset,2025-12-15T11:08:00,2025-12-15T11:49:00,2025-12-15T20:08:00,2025-12-15T20:08:00,true,9,15,500,4,1,
6886,124,Shared drive access,2025-12-15T11:43:00,2025-12-15T12:19:00,2025-12-16T20:43:00,2025-12-16T20:43:00,true,9,14,503,1,1,
6824,123,MFA reset,2025-12-15T12:03:00,,,,false,3,15,857,1,1,
6173,117,Outlook not syncing,2025-12-15T12:36:00,2025-12-15T14:26:00,2025-12-16T15:36:00,2025-12-16T15:36:00,true,9,13,549,4,2,
4481,103,Mailbox full,2025-12-15T13:11:00,2025-12-15T15:07:00,2025-12-16T06:11:00,2025-12-16T06:11:00,true,9,15,630,3,1,
6532,120,Firewall rule change,2025-12-15T13:17:00,2025-12-15T15:14:00,2025-12-16T19:17:00,2025-12-16T19:17:00,true,9,11,865,3,2,
6047,115,Laptop running slowly,2025-12-15T13:24:00,2025-12-15T14:59:00,2025-12-16T20:24:00,2025-12-16T20:24:00,true,9,11,866,4,2,
4354,102,VPN connection dropping,2025-12-15T14:04:00,2025-12-15T14:14:00,2025-12-16T02:04:00,2025-12-16T02:04:00,true,9,11,837,4,2,
6885,124,Server disk space,2025-12-15T14:15:00,2025-12-15T14:35:00,2025-12-16T12:15:00,2025-12-16T12:15:00,true,9,15,747,4,2,
4215,101,Mailbox full,2025-12-15T15:12:00,2025-12-15T16:54:00,2025-12-16T12:12:00,2025-12-16T12:12:00,true,9,13,583,2,1,
4483,103,Phone system fault,2025-12-15T16:09:00,2025-12-15T17:15:00,2025-12-16T07:09:00,2025-12-16T07:09:00,true,9,12,821,1,1,
6130,116,Password reset,2025-12-15T16:31:00,2025-12-15T17:55:00,2025-12-16T21:31:00,2025-12-16T21:31:00,true,9,16,890,1,2,
6127,116,Laptop running slowly,2025-12-15T16:33:00,,,,false,1,11,683,3,1,
4637,104,New starter setup,2025-12-15T16:48:00,2025-12-15T18:31:00,2025-12-17T00:48:00,2025-12-17T00:48:00,true,9,13,858,1,1,
6631,121,Laptop running slowly,2025-12-15T17:45:00,2025-12-15T19:42:00,2025-12-15T23:45:00,2025-12-15T23:45:00,true,9,15,699,4,1,
6825,123,Printer offline,2025-12-16T08:15:00,2025-12-16T09:48:00,2025-12-17T03:15:00,2025-12-17T03:15:00,true,9,11,887,2,2,
6333,118,VPN connection dropping,2025-12-16T08:25:00,2025-12-16T09:24:00,2025-12-17T00:25:00,2025-12-17T00:25:00,true,9,15,536,2,1,
4831,106,Outlook not syncing,2025-12-16T11:04:00,2025-12-16T12:09:00,2025-12-18T09:04:00,2025-12-18T09:04:00,true,9,14,761,2,1,
5706,112,New starter setup,2025-12-16T11:34:00,2025-12-16T13:02:00,2025-12-16T13:34:00,2025-12-16T13:34:00,true,9,11,536,4,1,
4221,101,Server disk space,2025-12-16T14:43:00,2025-12-16T15:19:00,2025-12-18T14:43:00,2025-12-18T14:43:00,true,9,12,887,3,2,
5428,110,Backup job failed,2025-12-16T15:30:00,2025-12-16T17:21:00,2025-12-18T14:30:00,2025-12-18T14:30:00,true,9,,601,3,2,
5703,112,Backup job failed,2025-12-16T16:33:00,2025-12-16T17:20:00,2025-12-17T19:33:00,2025-12-17T19:33:00,true,9,12,596,4,2,
4636,104,Mailbox full,2025-12-17T08:19:00,2025-12-17T08:34:00,2025-12-17T21:19:00,2025-12-17T21:19:00,true,9,13,888,1,1,
4224,101,Shared drive access,2025-12-17T12:10:00,2025-12-17T12:40:00,2025-12-19T04:10:00,2025-12-19T04:10:00,true,9,16,791,2,1,
6634,121,MFA reset,2025-12-17T12:17:00,,,,false,2,16,590,4,1,
4687,105,Phone system fault,2025-12-17T14:03:00,,,,false,1,16,567,4,1,
5262,109,Teams audio issue,2025-12-17T16:56:00,2025-12-17T18:06:00,2025-12-18T02:56:00,2025-12-18T02:56:00,true,9,15,662,2,1,
4225,101,Password reset,2025-12-18T08:58:00,2025-12-18T09:32:00,,,false,1,13,651,2,1,
5268,109,Server disk space,2025-12-18T10:44:00,2025-12-18T11:14:00,2025-12-19T14:44:00,2025-12-19T14:44:00,true,9,15,541,2,2,
5700,112,Software install request,2025-12-18T13:53:00,2025-12-18T14:19:00,2025-12-19T10:53:00,2025-12-19T10:53:00,true,9,15,533,2,1,
5692,112,Printer offline,2025-12-18T16:11:00,2025-12-18T17:55:00,2025-12-19T03:11:00,2025-12-19T03:11:00,true,9,14,688,1,1,
6169,117,New starter setup,2025-12-19T06:41:00,2025-12-19T07:36:00,2025-12-20T05:41:00,2025-12-20T05:41:00,true,9,13,818,3,1,
4827,106,Teams audio issue,2025-12-19T09:19:00,2025-12-19T11:02:00,2025-12-21T03:19:00,2025-12-21T03:19:00,true,9,12,616,3,1,
5566,111,Outlook not syncing,2025-12-19T10:38:00,2025-12-19T11:07:00,2025-12-19T12:38:00,2025-12-19T12:38:00,true,9,11,574,2,1,
5106,108,Backup job failed,2025-12-19T11:52:00,2025-12-19T13:22:00,2025-12-20T10:52:00,2025-12-20T10:52:00,true,9,12,777,4,1,
6336,118,Password reset,2025-12-19T12:50:00,2025-12-19T13:28:00,2025-12-20T07:50:00,2025-12-20T07:50:00,true,9,11,517,2,1,
4967,107,Printer offline,2025-12-19T14:17:00,,,,false,1,15,701,2,1,
6424,119,Password reset,2025-12-19T14:43:00,2025-12-19T14:59:00,2025-12-19T23:43:00,2025-12-19T23:43:00,true,9,13,660,3,1,
4826,106,New starter setup,2025-12-19T14:59:00,2025-12-19T16:24:00,2025-12-20T14:59:00,2025-12-20T14:59:00,true,9,14,553,2,1,
6536,120,New starter setup,2025-12-19T15:01:00,2025-12-19T15:54:00,2025-12-20T17:01:00,2025-12-20T17:01:00,true,9,11,755,1,1,
5962,114,Shared drive access,2025-12-19T16:53:00,2025-12-19T17:32:00,2025-12-19T22:53:00,2025-12-19T22:53:00,true,9,11,607,4,1,
5707,112,Software install request,2025-12-20T05:13:00,2025-12-20T06:28:00,2025-12-21T03:13:00,2025-12-21T03:13:00,true,9,14,642,3,2,
6175,117,VPN connection dropping,2025-12-20T20:02:00,2025-12-20T22:02:00,2025-12-22T05:02:00,2025-12-22T05:02:00,true,9,13,778,1,1,
4228,101,Server disk space,2025-12-21T06:31:00,2025-12-21T08:25:00,2025-12-22T16:31:00,2025-12-22T16:31:00,true,9,11,555,4,1,
6428,119,Teams audio issue,2025-12-22T03:54:00,2025-12-22T04:18:00,2025-12-23T10:54:00,2025-12-23T10:54:00,true,9,13,885,3,1,
6633,121,Laptop running slowly,2025-12-22T10:53:00,2025-12-22T12:13:00,2025-12-23T21:53:00,2025-12-23T21:53:00,true,9,15,561,2,1,
5206,108,Server disk space,2025-12-22T10:58:00,2025-12-22T11:57:00,,,false,2,12,899,1,1,
6174,117,Printer offline,2025-12-22T11:07:00,2025-12-22T11:40:00,2025-12-22T18:07:00,2025-12-22T18:07:00,true,9,11,693,2,1,
4679,105,Outlook not syncing,2025-12-22T11:19:00,,,,false,2,12,702,4,1,
5844,113,Laptop running slowly,2025-12-22T12:00:00,2025-12-22T13:25:00,2025-12-24T11:00:00,2025-12-24T11:00:00,true,9,12,526,4,1,
6334,118,Backup job failed,2025-12-22T12:14:00,2025-12-22T12:35:00,2025-12-23T05:14:00,2025-12-23T05:14:00,true,9,11,721,3,1,
6126,116,Shared drive access,2025-12-22T12:33:00,2025-12-22T13:41:00,2025-12-23T10:33:00,2025-12-23T10:33:00,true,9,11,713,4,1,
6426,119,Backup job failed,2025-12-22T12:37:00,2025-12-22T13:11:00,2025-12-23T18:37:00,2025-12-23T18:37:00,true,9,16,557,1,2,
5266,109,Shared drive access,2025-12-22T12:52:00,2025-12-22T13:24:00,2025-12-23T08:52:00,2025-12-23T08:52:00,true,9,15,797,3,1,
6534,120,Phone system fault,2025-12-22T12:59:00,2025-12-22T14:24:00,2025-12-22T21:59:00,2025-12-22T21:59:00,true,9,12,707,2,2,
4359,102,Teams audio issue,2025-12-22T13:01:00,2025-12-22T13:29:00,2025-12-24T02:01:00,2025-12-24T02:01:00,true,9,12,519,4,1,
6538,120,VPN connection dropping,2025-12-22T13:17:00,,,,false,2,11,847,4,1,
6822,123,VPN connection dropping,2025-12-22T14:52:00,2025-12-22T15:44:00,2025-12-24T10:52:00,2025-12-24T10:52:00,true,9,16,874,4,2,
5694,112,Firewall rule change,2025-12-22T14:57:00,2025-12-22T15:52:00,2025-12-24T09:57:00,2025-12-24T09:57:00,true,9,16,637,4,1,
4964,107,VPN connection dropping,2025-12-22T15:50:00,2025-12-22T16:52:00,2025-12-22T17:50:00,2025-12-22T17:50:00,true,9,15,701,2,2,
4223,101,Server disk space,2025-12-22T16:15:00,2025-12-22T17:12:00,2025-12-23T13:15:00,2025-12-23T13:15:00,true,9,15,900,4,2,
5843,113,Laptop running slowly,2025-12-22T16:37:00,2025-12-22T17:26:00,2025-12-24T15:37:00,2025-12-24T15:37:00,true,9,11,833,3,2,
4490,103,Printer offline,2025-12-22T16:41:00,2025-12-22T18:06:00,2025-12-23T12:41:00,2025-12-23T12:41:00,true,9,14,893,1,1,
5425,110,Laptop running slowly,2025-12-22T16:52:00,2025-12-22T18:26:00,2025-12-23T14:52:00,2025-12-23T14:52:00,true,9,,556,3,2,
4832,106,Shared drive access,2025-12-22T17:00:00,2025-12-22T17:55:00,2025-12-24T17:00:00,2025-12-24T17:00:00,true,9,12,598,3,2,
5108,108,Printer offline,2025-12-22T17:45:00,2025-12-22T18:40:00,2025-12-24T06:45:00,2025-12-24T06:45:00,true,9,11,620,1,2,
5964,114,Server disk space,2025-12-23T08:34:00,2025-12-23T10:23:00,2025-12-24T11:34:00,2025-12-24T11:34:00,true,9,13,732,2,1,
4684,105,Phone system fault,2025-12-23T11:07:00,,,,false,3,12,605,3,2,
6748,122,Shared drive access,2025-12-23T11:11:00,2025-12-23T12:26:00,2025-12-24T20:11:00,2025-12-24T20:11:00,true,9,12,736,3,2,
4357,102,MFA reset,2025-12-23T15:51:00,2025-12-23T16:23:00,2025-12-25T12:51:00,2025-12-25T12:51:00,true,9,12,521,1,1,
4634,104,Server disk space,2025-12-23T16:44:00,2025-12-23T18:40:00,2025-12-25T04:44:00,2025-12-25T04:44:00,true,9,13,734,3,2,
5269,109,VPN connection dropping,2025-12-24T05:35:00,2025-12-24T06:21:00,2025-12-25T23:35:00,2025-12-25T23:35:00,true,9,16,632,1,1,
6635,121,VPN connection dropping,2025-12-24T05:55:00,2025-12-24T07:10:00,2025-12-25T16:55:00,2025-12-25T16:55:00,true,9,12,667,2,1,
4358,102,New starter setup,2025-12-24T08:30:00,2025-12-24T09:12:00,2025-12-25T02:30:00,2025-12-25T02:30:00,true,9,12,500,3,1,
5699,112,New starter setup,2025-12-24T09:49:00,2025-12-24T10:11:00,2025-12-25T16:49:00,2025-12-25T16:49:00,true,9,11,727,2,1,
5264,109,New starter setup,2025-12-24T10:06:00,2025-12-24T10:50:00,2025-12-26T04:06:00,2025-12-26T04:06:00,true,9,16,725,4,2,
6882,124,Password reset,2025-12-24T13:59:00,2025-12-24T15:30:00,2025-12-25T14:59:00,2025-12-25T14:59:00,true,9,15,787,4,1,
6425,119,Software install request,2025-12-24T15:52:00,2025-12-24T16:31:00,2025-12-25T17:52:00,2025-12-25T17:52:00,true,9,11,792,4,1,
4227,101,Phone system fault,2025-12-24T16:39:00,2025-12-24T17:53:00,2025-12-25T13:39:00,2025-12-25T13:39:00,true,9,16,721,1,1,
4489,103,Software install request,2025-12-24T17:07:00,2025-12-24T18:09:00,2025-12-24T19:07:00,2025-12-24T19:07:00,true,9,13,867,1,2,
5845,113,Laptop running slowly,2025-12-25T10:12:00,2025-12-25T10:58:00,2025-12-25T23:12:00,2025-12-25T23:12:00,true,9,11,783,1,1,
5427,110,Laptop running slowly,2025-12-25T11:27:00,2025-12-25T13:12:00,2025-12-25T16:27:00,2025-12-25T16:27:00,true,9,,692,3,1,
5960,114,Mailbox full,2025-12-25T12:44:00,2025-12-25T14:34:00,2025-12-25T22:44:00,2025-12-25T22:44:00,true,9,16,668,3,1,
4690,105,Printer offline,2025-12-25T14:48:00,2025-12-25T16:17:00,2025-12-27T00:48:00,2025-12-27T00:48:00,true,9,12,682,3,1,
6176,117,Server disk space,2025-12-25T16:40:00,2025-12-25T17:52:00,2025-12-25T21:40:00,2025-12-25T21:40:00,true,9,12,588,3,1,
5565,111,Software install request,2025-12-25T16:58:00,2025-12-25T18:38:00,2025-12-25T23:58:00,2025-12-25T23:58:00,true,9,16,598,2,2,
6172,117,Teams audio issue,2025-12-25T17:10:00,2025-12-25T17:49:00,2025-12-26T23:10:00,2025-12-26T23:10:00,true,9,11,644,1,1,
6537,120,MFA reset,2025-12-25T17:52:00,2025-12-25T18:12:00,2025-12-27T02:52:00,2025-12-27T02:52:00,true,9,15,713,4,2,
4222,101,Laptop running slowly,2025-12-26T08:04:00,2025-12-26T08:39:00,2025-12-27T21:04:00,2025-12-27T21:04:00,true,9,16,674,1,1,
4212,101,Shared drive access,2025-12-26T10:31:00,2025-12-26T11:55:00,2025-12-27T18:31:00,2025-12-27T18:31:00,true,9,11,856,3,1,
4691,105,New starter setup,2025-12-26T11:46:00,,,,false,1,13,837,1,2,
4032,100,VPN connection dropping,2025-12-26T13:23:00,,,,false,2,15,800,1,1,
6826,123,Firewall rule change,2025-12-26T14:33:00,2025-12-26T15:14:00,2025-12-28T03:33:00,2025-12-28T03:33:00,true,9,14,757,1,1,
4484,103,Password reset,2025-12-26T14:59:00,2025-12-26T15:29:00,2025-12-27T23:59:00,2025-12-27T23:59:00,true,9,15,706,1,1,
5434,110,Firewall rule change,2025-12-26T15:25:00,2025-12-26T15:59:00,2025-12-26T23:25:00,2025-12-26T23:25:00,true,9,,804,4,2,
4214,101,Server disk space,2025-12-26T16:05:00,2025-12-26T16:25:00,2025-12-28T00:05:00,2025-12-28T00:05:00,true,9,16,840,4,1,
6749,122,VPN connection dropping,2025-12-26T22:31:00,2025-12-26T23:50:00,2025-12-28T05:31:00,2025-12-28T05:31:00,true,9,13,888,3,1,
4635,104,New starter setup,2025-12-27T22:46:00,2025-12-27T23:32:00,2025-12-28T23:46:00,2025-12-28T23:46:00,true,9,15,554,2,2,
6881,124,Server disk space,2025-12-29T08:08:00,2025-12-29T09:44:00,2025-12-31T04:08:00,2025-12-31T04:08:00,true,9,12,796,1,1,
6644,121,Laptop running slowly,2025-12-29T08:14:00,2025-12-29T09:49:00,2025-12-30T15:14:00,2025-12-30T15:14:00,true,9,13,591,3,1,
4977,107,Phone system fault,2025-12-29T08:34:00,2025-12-29T09:46:00,2025-12-29T10:34:00,2025-12-29T10:34:00,true,9,16,701,3,1,
4640,104,VPN connection dropping,2025-12-29T09:31:00,2025-12-29T11:25:00,2025-12-29T19:31:00,2025-12-29T19:31:00,true,9,13,672,1,2,
4351,102,Firewall rule change,2025-12-29T09:39:00,2025-12-29T09:57:00,2025-12-30T05:39:00,2025-12-30T05:39:00,true,9,13,608,1,1,
6759,122,Mailbox full,2025-12-29T10:04:00,2025-12-29T11:47:00,2025-12-29T13:04:00,2025-12-29T13:04:00,true,9,16,865,2,1,
4692,105,Password reset,2025-12-29T10:05:00,2025-12-29T10:23:00,2025-12-30T22:05:00,2025-12-30T22:05:00,true,9,11,582,4,1,
4486,103,Software install request,2025-12-29T11:39:00,2025-12-29T12:04:00,2025-12-31T08:39:00,2025-12-31T08:39:00,true,9,15,765,3,1,
5437,110,Teams audio issue,2025-12-29T12:21:00,2025-12-29T14:13:00,2025-12-30T17:21:00,2025-12-30T17:21:00,true,9,,643,2,1,
5208,108,Printer offline,2025-12-29T12:36:00,2025-12-29T13:41:00,,,false,1,15,525,3,2,
5202,108,MFA reset,2025-12-29T13:05:00,2025-12-29T14:04:00,,,false,1,13,664,1,2,
5567,111,MFA reset,2025-12-29T13:51:00,2025-12-29T14:22:00,2025-12-29T22:51:00,2025-12-29T22:51:00,true,9,13,685,3,2,
5709,112,Firewall rule change,2025-12-29T13:56:00,2025-12-29T15:06:00,2025-12-31T03:56:00,2025-12-31T03:56:00,true,9,11,725,1,1,
4353,102,Outlook not syncing,2025-12-29T13:57:00,2025-12-29T14:41:00,2025-12-30T22:57:00,2025-12-30T22:57:00,true,9,11,862,3,1,
5278,109,Laptop running slowly,2025-12-29T14:02:00,2025-12-29T14:48:00,2025-12-30T18:02:00,2025-12-30T18:02:00,true,9,14,767,2,1,
4233,101,Shared drive access,2025-12-29T14:15:00,2025-12-29T14:34:00,2025-12-30T08:15:00,2025-12-30T08:15:00,true,9,13,573,2,1,
5853,113,Server disk space,2025-12-29T14:47:00,2025-12-29T16:42:00,2025-12-29T18:47:00,2025-12-29T18:47:00,true,9,11,619,2,2,
5271,109,Mailbox full,2025-12-29T16:28:00,2025-12-29T17:14:00,2025-12-31T07:28:00,2025-12-31T07:28:00,true,9,13,538,2,1,
5571,111,Password reset,2025-12-29T16:52:00,2025-12-29T18:00:00,2025-12-30T00:52:00,2025-12-30T00:52:00,true,9,11,735,2,1,
5112,108,Backup job failed,2025-12-29T17:52:00,2025-12-29T19:01:00,2025-12-31T12:52:00,2025-12-31T12:52:00,true,9,15,825,2,1,
4369,102,Phone system fault,2025-12-29T17:53:00,2025-12-29T18:38:00,2025-12-30T15:53:00,2025-12-30T15:53:00,true,9,11,510,1,1,
5444,110,Software install request,2025-12-30T08:45:00,,,,false,3,,788,3,2,
4231,101,Teams audio issue,2025-12-30T09:28:00,2025-12-30T10:04:00,2025-12-31T19:28:00,2025-12-31T19:28:00,true,9,15,838,1,1,
6643,121,Printer offline,2025-12-30T10:48:00,2025-12-30T12:27:00,2025-12-30T18:48:00,2025-12-30T18:48:00,true,9,14,517,2,1,
4245,101,New starter setup,2025-12-30T11:05:00,2025-12-30T12:25:00,2026-01-01T02:05:00,2026-01-01T02:05:00,true,9,13,854,1,1,
4043,100,VPN connection dropping,2025-12-30T13:02:00,2025-12-30T13:33:00,2025-12-31T16:02:00,2025-12-31T16:02:00,true,9,14,649,4,1,
6340,118,Outlook not syncing,2025-12-30T13:49:00,2025-12-30T14:19:00,2025-12-31T00:49:00,2025-12-31T00:49:00,true,9,14,675,1,2,
4236,101,Firewall rule change,2025-12-30T14:27:00,2025-12-30T16:02:00,2025-12-31T02:27:00,2025-12-31T02:27:00,true,9,14,771,1,1,
4841,106,Phone system fault,2025-12-30T17:55:00,2025-12-30T18:42:00,2025-12-31T02:55:00,2025-12-31T02:55:00,true,9,12,863,4,1,
6540,120,Phone system fault,2025-12-30T17:56:00,2025-12-30T19:14:00,2025-12-31T12:56:00,2025-12-31T12:56:00,true,9,16,725,2,2,
4366,102,VPN connection dropping,2025-12-31T08:02:00,2025-12-31T08:38:00,2026-01-01T23:02:00,2026-01-01T23:02:00,true,9,15,653,2,2,
6828,123,New starter setup,2025-12-31T09:32:00,2025-12-31T10:57:00,2026-01-01T13:32:00,2026-01-01T13:32:00,true,9,12,513,4,2,
4971,107,Outlook not syncing,2025-12-31T09:34:00,2025-12-31T09:54:00,,,false,3,11,701,2,2,
4509,103,Server disk space,2025-12-31T12:09:00,2025-12-31T12:57:00,2026-01-02T07:09:00,2026-01-02T07:09:00,true,9,13,811,4,2,
4235,101,Printer offline,2025-12-31T12:32:00,2025-12-31T12:48:00,2026-01-01T08:32:00,2026-01-01T08:32:00,true,9,14,699,3,2,
5210,108,Firewall rule change,2025-12-31T13:09:00,2025-12-31T13:41:00,,,false,1,16,842,4,2,
4242,101,Software install request,2025-12-31T17:46:00,2025-12-31T18:03:00,2026-01-01T01:46:00,2026-01-01T01:46:00,true,9,15,860,3,2,
4493,103,Outlook not syncing,2025-12-31T20:06:00,2025-12-31T21:02:00,2026-01-01T18:06:00,2026-01-01T18:06:00,true,9,13,533,4,1,
4693,105,Printer offline,2026-01-01T03:49:00,,,,false,3,14,522,3,1,
4234,101,Mailbox full,2026-01-01T10:58:00,2026-01-01T11:19:00,2026-01-01T23:58:00,2026-01-01T23:58:00,true,9,13,711,4,2,
5965,114,Software install request,2026-01-01T11:20:00,2026-01-01T12:05:00,2026-01-02T11:20:00,2026-01-02T11:20:00,true,9,16,799,2,1,
5284,109,Teams audio issue,2026-01-01T11:22:00,2026-01-01T11:37:00,2026-01-03T07:22:00,2026-01-03T07:22:00,true,9,15,732,4,2,
5440,110,New starter setup,2026-01-01T15:58:00,2026-01-01T17:03:00,2026-01-03T03:58:00,2026-01-03T03:58:00,true,9,,598,4,2,
5122,108,VPN connection dropping,2026-01-01T16:14:00,2026-01-01T18:04:00,2026-01-03T14:14:00,2026-01-03T14:14:00,true,9,14,731,2,1,
5441,110,Shared drive access,2026-01-02T10:24:00,2026-01-02T12:05:00,2026-01-03T13:24:00,2026-01-03T13:24:00,true,9,,840,4,1,
6179,117,Laptop running slowly,2026-01-02T11:34:00,2026-01-02T12:19:00,2026-01-02T16:34:00,2026-01-02T16:34:00,true,9,11,665,3,1,
6180,117,Server disk space,2026-01-02T11:47:00,2026-01-02T13:19:00,2026-01-02T19:47:00,2026-01-02T19:47:00,true,9,14,566,1,1,
5570,111,New starter setup,2026-01-02T11:57:00,2026-01-02T13:39:00,2026-01-02T23:57:00,2026-01-02T23:57:00,true,9,15,603,2,2,
5859,113,Software install request,2026-01-02T14:12:00,2026-01-02T15:02:00,2026-01-02T22:12:00,2026-01-02T22:12:00,true,9,16,692,3,1,
4244,101,Teams audio issue,2026-01-02T16:42:00,2026-01-02T17:20:00,2026-01-03T23:42:00,2026-01-03T23:42:00,true,9,16,544,3,1,
4371,102,Phone system fault,2026-01-03T21:23:00,2026-01-03T21:37:00,2026-01-05T09:23:00,2026-01-05T09:23:00,true,9,15,828,2,2,
6050,115,New starter setup,2026-01-04T06:18:00,2026-01-04T06:36:00,2026-01-04T15:18:00,2026-01-04T15:18:00,true,9,13,839,4,1,
6136,116,Backup job failed,2026-01-04T22:58:00,2026-01-04T23:14:00,2026-01-06T16:58:00,2026-01-06T16:58:00,true,9,11,516,1,1,
6893,124,MFA reset,2026-01-05T08:18:00,2026-01-05T08:44:00,2026-01-06T21:18:00,2026-01-06T21:18:00,true,9,11,644,3,2,
5118,108,New starter setup,2026-01-05T08:25:00,2026-01-05T10:20:00,2026-01-06T08:25:00,2026-01-06T08:25:00,true,9,11,573,4,1,
6186,117,Shared drive access,2026-01-05T09:59:00,2026-01-05T11:51:00,2026-01-05T11:59:00,2026-01-05T11:59:00,true,9,13,638,3,1,
4497,103,MFA reset,2026-01-05T10:07:00,2026-01-05T11:44:00,,,false,2,14,823,2,1,
4503,103,MFA reset,2026-01-05T11:14:00,2026-01-05T12:15:00,2026-01-07T06:14:00,2026-01-07T06:14:00,true,9,14,606,4,2,
6755,122,Phone system fault,2026-01-05T12:58:00,2026-01-05T14:19:00,2026-01-06T00:58:00,2026-01-06T00:58:00,true,9,12,694,3,2,
4972,107,Printer offline,2026-01-05T13:02:00,2026-01-05T13:41:00,2026-01-07T06:02:00,2026-01-07T06:02:00,true,9,13,701,1,2,
4243,101,Printer offline,2026-01-05T13:46:00,2026-01-05T14:31:00,2026-01-07T04:46:00,2026-01-07T04:46:00,true,9,15,768,4,2,
4838,106,Firewall rule change,2026-01-05T13:46:00,2026-01-05T15:22:00,2026-01-06T07:46:00,2026-01-06T07:46:00,true,9,13,738,2,1,
4238,101,New starter setup,2026-01-05T13:55:00,2026-01-05T15:49:00,2026-01-06T19:55:00,2026-01-06T19:55:00,true,9,13,879,4,2,
5117,108,Server disk space,2026-01-05T14:37:00,2026-01-05T15:19:00,2026-01-06T05:37:00,2026-01-06T05:37:00,true,9,11,820,1,2,
5714,112,Outlook not syncing,2026-01-05T14:46:00,2026-01-05T15:47:00,2026-01-05T18:46:00,2026-01-05T18:46:00,true,9,16,592,3,1,
6830,123,Firewall rule change,2026-01-05T15:04:00,2026-01-05T16:24:00,2026-01-07T00:04:00,2026-01-07T00:04:00,true,9,15,891,4,1,
5856,113,New starter setup,2026-01-05T16:18:00,2026-01-05T16:48:00,2026-01-06T15:18:00,2026-01-06T15:18:00,true,9,13,709,2,1,
5858,113,Server disk space,2026-01-05T16:22:00,2026-01-05T18:14:00,2026-01-06T03:22:00,2026-01-06T03:22:00,true,9,15,736,4,1,
6178,117,Phone system fault,2026-01-05T17:17:00,2026-01-05T18:48:00,2026-01-07T05:17:00,2026-01-07T05:17:00,true,9,15,678,4,2,
4973,107,Printer offline,2026-01-05T17:30:00,2026-01-05T18:26:00,2026-01-06T00:30:00,2026-01-06T00:30:00,true,9,14,701,1,2,
5721,112,VPN connection dropping,2026-01-05T17:59:00,2026-01-05T19:50:00,2026-01-06T12:59:00,2026-01-06T12:59:00,true,9,15,641,2,2,
5718,112,MFA reset,2026-01-06T08:23:00,2026-01-06T09:03:00,2026-01-07T00:23:00,2026-01-07T00:23:00,true,9,15,784,1,1,
6827,123,Firewall rule change,2026-01-06T08:41:00,2026-01-06T10:00:00,2026-01-07T05:41:00,2026-01-07T05:41:00,true,9,13,758,3,2,
4505,103,VPN connection dropping,2026-01-06T10:07:00,2026-01-06T11:10:00,2026-01-07T18:07:00,2026-01-07T18:07:00,true,9,11,856,3,1,
6131,116,Printer offline,2026-01-06T10:17:00,2026-01-06T11:48:00,2026-01-08T05:17:00,2026-01-08T05:17:00,true,9,12,849,3,2,
4641,104,Backup job failed,2026-01-06T11:09:00,2026-01-06T13:07:00,2026-01-06T20:09:00,2026-01-06T20:09:00,true,9,13,553,2,1,
4839,106,VPN connection dropping,2026-01-07T03:34:00,2026-01-07T04:26:00,2026-01-08T16:34:00,2026-01-08T16:34:00,true,9,12,599,3,1,
6642,121,Backup job failed,2026-01-07T08:09:00,2026-01-07T10:06:00,2026-01-08T13:09:00,2026-01-08T13:09:00,true,9,16,827,1,1,
4699,105,Teams audio issue,2026-01-07T09:05:00,2026-01-07T10:48:00,2026-01-07T18:05:00,2026-01-07T18:05:00,true,9,12,789,1,2,
4492,103,Server disk space,2026-01-07T11:27:00,2026-01-07T12:18:00,2026-01-08T07:27:00,2026-01-08T07:27:00,true,9,12,796,2,2,
5207,108,VPN connection dropping,2026-01-07T12:35:00,2026-01-07T13:35:00,,,false,2,13,599,3,2,
5575,111,Laptop running slowly,2026-01-07T13:24:00,2026-01-07T14:04:00,2026-01-07T22:24:00,2026-01-07T22:24:00,true,9,13,740,1,2,
6341,118,Software install request,2026-01-07T13:39:00,2026-01-07T14:47:00,2026-01-08T22:39:00,2026-01-08T22:39:00,true,9,12,874,4,2,
6757,122,Shared drive access,2026-01-07T17:22:00,2026-01-07T18:10:00,2026-01-08T23:22:00,2026-01-08T23:22:00,true,9,14,667,3,2,
5211,108,Laptop running slowly,2026-01-07T17:53:00,2026-01-07T19:04:00,,,false,1,15,757,2,2,
5280,109,Password reset,2026-01-07T22:18:00,2026-01-07T23:20:00,2026-01-09T18:18:00,2026-01-09T18:18:00,true,9,15,556,4,1,
6132,116,MFA reset,2026-01-08T09:47:00,2026-01-08T10:31:00,2026-01-10T05:47:00,2026-01-10T05:47:00,true,9,13,712,3,1,
4700,105,Password reset,2026-01-08T12:39:00,2026-01-08T13:31:00,2026-01-09T05:39:00,2026-01-09T05:39:00,true,9,15,763,3,1,
6184,117,Firewall rule change,2026-01-08T14:38:00,2026-01-08T16:23:00,2026-01-09T13:38:00,2026-01-09T13:38:00,true,9,15,572,4,1,
5277,109,New starter setup,2026-01-09T08:16:00,2026-01-09T10:02:00,2026-01-10T20:16:00,2026-01-10T20:16:00,true,9,13,813,4,1,
4979,107,New starter setup,2026-01-09T11:47:00,2026-01-09T12:05:00,2026-01-10T01:47:00,2026-01-10T01:47:00,true,9,16,702,3,1,
4037,100,Printer offline,2026-01-09T11:59:00,2026-01-09T12:19:00,2026-01-11T09:59:00,2026-01-11T09:59:00,true,9,11,588,3,1,
4370,102,Printer offline,2026-01-09T12:10:00,,,,false,2,11,597,3,1,
4039,100,MFA reset,2026-01-09T13:42:00,2026-01-09T15:34:00,2026-01-11T10:42:00,2026-01-11T10:42:00,true,9,16,870,2,2,
4501,103,Outlook not syncing,2026-01-09T14:56:00,2026-01-09T16:34:00,2026-01-11T11:56:00,2026-01-11T11:56:00,true,9,13,885,3,2,
4491,103,Mailbox full,2026-01-09T16:25:00,2026-01-09T17:57:00,2026-01-10T11:25:00,2026-01-10T11:25:00,true,9,15,737,3,1,
5569,111,Firewall rule change,2026-01-09T16:46:00,2026-01-09T17:04:00,2026-01-09T19:46:00,2026-01-09T19:46:00,true,9,11,512,3,2,
6646,121,Phone system fault,2026-01-09T23:21:00,2026-01-10T01:17:00,2026-01-10T13:21:00,2026-01-10T13:21:00,true,9,16,760,3,1,
4038,100,Phone system fault,2026-01-10T19:06:00,2026-01-10T21:00:00,2026-01-11T07:06:00,2026-01-11T07:06:00,true,9,13,814,2,1,
4835,106,Mailbox full,2026-01-12T08:11:00,2026-01-12T10:08:00,2026-01-13T01:11:00,2026-01-13T01:11:00,true,9,16,762,3,1,
5114,108,Printer offline,2026-01-12T08:42:00,2026-01-12T10:41:00,2026-01-13T06:42:00,2026-01-13T06:42:00,true,9,13,642,3,2,
6756,122,Printer offline,2026-01-12T08:50:00,2026-01-12T09:50:00,2026-01-13T00:50:00,2026-01-13T00:50:00,true,9,16,725,1,1,
4239,101,Mailbox full,2026-01-12T09:21:00,2026-01-12T09:50:00,,,false,2,16,814,3,1,
4695,105,Mailbox full,2026-01-12T09:42:00,2026-01-12T11:38:00,2026-01-12T23:42:00,2026-01-12T23:42:00,true,9,12,861,4,2,
5715,112,Laptop running slowly,2026-01-12T09:48:00,2026-01-12T11:06:00,2026-01-13T09:48:00,2026-01-13T09:48:00,true,9,15,625,2,1,
5576,111,VPN connection dropping,2026-01-12T09:49:00,2026-01-12T11:17:00,2026-01-12T18:49:00,2026-01-12T18:49:00,true,9,15,734,3,1,
6053,115,Backup job failed,2026-01-12T10:01:00,2026-01-12T11:46:00,2026-01-13T21:01:00,2026-01-13T21:01:00,true,9,13,645,3,1,
4975,107,New starter setup,2026-01-12T10:52:00,2026-01-12T11:44:00,2026-01-13T08:52:00,2026-01-13T08:52:00,true,9,15,701,4,2,
5272,109,Printer offline,2026-01-12T11:11:00,2026-01-12T13:03:00,2026-01-14T03:11:00,2026-01-14T03:11:00,true,9,12,782,3,2,
4232,101,New starter setup,2026-01-12T11:14:00,2026-01-12T13:10:00,2026-01-14T00:14:00,2026-01-14T00:14:00,true,9,15,629,1,1,
5857,113,Outlook not syncing,2026-01-12T12:13:00,2026-01-12T13:20:00,2026-01-13T16:13:00,2026-01-13T16:13:00,true,9,12,677,1,1,
4840,106,Phone system fault,2026-01-12T12:21:00,2026-01-12T12:45:00,2026-01-13T05:21:00,2026-01-13T05:21:00,true,9,15,629,4,2,
4372,102,New starter setup,2026-01-12T12:44:00,2026-01-12T13:18:00,2026-01-12T20:44:00,2026-01-12T20:44:00,true,9,14,867,2,1,
6639,121,Software install request,2026-01-12T13:12:00,2026-01-12T14:58:00,2026-01-13T21:12:00,2026-01-13T21:12:00,true,9,16,783,2,1,
5283,109,Laptop running slowly,2026-01-12T13:16:00,2026-01-12T13:59:00,2026-01-13T09:16:00,2026-01-13T09:16:00,true,9,12,626,1,2,
5281,109,MFA reset,2026-01-12T14:17:00,2026-01-12T15:43:00,2026-01-14T05:17:00,2026-01-14T05:17:00,true,9,11,580,3,1,
4230,101,Teams audio issue,2026-01-12T14:23:00,2026-01-12T15:28:00,2026-01-13T13:23:00,2026-01-13T13:23:00,true,9,14,503,4,2,
5716,112,Laptop running slowly,2026-01-12T14:25:00,2026-01-12T15:55:00,2026-01-14T11:25:00,2026-01-14T11:25:00,true,9,11,891,2,2,
4040,100,Teams audio issue,2026-01-12T14:31:00,2026-01-12T14:56:00,2026-01-14T02:31:00,2026-01-14T02:31:00,true,9,16,552,3,1,
4048,100,Software install request,2026-01-12T14:47:00,2026-01-12T15:52:00,2026-01-13T14:47:00,2026-01-13T14:47:00,true,9,11,824,4,2,
4041,100,Laptop running slowly,2026-01-12T14:57:00,2026-01-12T15:39:00,2026-01-13T19:57:00,2026-01-13T19:57:00,true,9,13,774,1,1,
4047,100,Software install request,2026-01-12T15:42:00,2026-01-12T17:04:00,2026-01-13T22:42:00,2026-01-13T22:42:00,true,9,12,655,4,1,
4506,103,New starter setup,2026-01-12T16:05:00,2026-01-12T16:33:00,2026-01-14T03:05:00,2026-01-14T03:05:00,true,9,15,542,2,2,
5273,109,Phone system fault,2026-01-12T16:54:00,2026-01-12T18:28:00,2026-01-14T06:54:00,2026-01-14T06:54:00,true,9,13,875,1,2,
4241,101,New starter setup,2026-01-12T17:02:00,2026-01-12T17:33:00,2026-01-14T05:02:00,2026-01-14T05:02:00,true,9,12,842,1,1,
5968,114,Software install request,2026-01-12T17:04:00,2026-01-12T17:19:00,2026-01-14T10:04:00,2026-01-14T10:04:00,true,9,13,576,1,2,
5119,108,MFA reset,2026-01-12T17:20:00,2026-01-12T19:19:00,2026-01-13T11:20:00,2026-01-13T11:20:00,true,9,16,548,3,1,
4364,102,Mailbox full,2026-01-13T11:02:00,2026-01-13T11:31:00,2026-01-13T22:02:00,2026-01-13T22:02:00,true,9,15,732,1,2,
5710,112,Firewall rule change,2026-01-13T11:36:00,2026-01-13T13:16:00,2026-01-14T16:36:00,2026-01-14T16:36:00,true,9,16,612,4,2,
5971,114,Mailbox full,2026-01-13T13:12:00,2026-01-13T13:51:00,2026-01-13T23:12:00,2026-01-13T23:12:00,true,9,14,723,3,2,
6640,121,Teams audio issue,2026-01-13T14:31:00,2026-01-13T15:01:00,2026-01-15T14:31:00,2026-01-15T14:31:00,true,9,15,608,3,1,
5574,111,New starter setup,2026-01-13T16:46:00,2026-01-13T18:11:00,2026-01-14T02:46:00,2026-01-14T02:46:00,true,9,12,518,2,1,
5274,109,Phone system fault,2026-01-13T17:15:00,2026-01-13T18:35:00,2026-01-14T04:15:00,2026-01-14T04:15:00,true,9,16,597,4,2,
4843,106,Software install request,2026-01-14T08:13:00,2026-01-14T08:37:00,,,false,3,14,527,3,1,
6134,116,Password reset,2026-01-14T08:18:00,2026-01-14T09:15:00,2026-01-15T13:18:00,2026-01-15T13:18:00,true,9,16,790,2,1,
5573,111,Backup job failed,2026-01-14T08:55:00,2026-01-14T09:54:00,2026-01-14T19:55:00,2026-01-14T19:55:00,true,9,15,527,2,2,
6638,121,Shared drive access,2026-01-14T09:02:00,,,,false,1,13,753,4,1,
4365,102,Phone system fault,2026-01-14T09:54:00,2026-01-14T10:12:00,2026-01-15T15:54:00,2026-01-15T15:54:00,true,9,13,530,2,2,
5711,112,Shared drive access,2026-01-14T11:59:00,2026-01-14T12:46:00,2026-01-15T18:59:00,2026-01-15T18:59:00,true,9,11,517,4,2,
5282,109,MFA reset,2026-01-14T12:02:00,2026-01-14T13:30:00,2026-01-15T19:02:00,2026-01-15T19:02:00,true,9,13,754,4,1,
4701,105,Mailbox full,2026-01-14T13:46:00,,,,false,2,11,690,1,1,
4978,107,MFA reset,2026-01-14T13:59:00,2026-01-14T15:31:00,2026-01-16T01:59:00,2026-01-16T01:59:00,true,9,13,701,1,2,
6542,120,New starter setup,2026-01-14T15:24:00,2026-01-14T17:07:00,2026-01-15T17:24:00,2026-01-15T17:24:00,true,9,15,508,3,1,
6547,120,Printer offline,2026-01-14T15:24:00,2026-01-14T15:53:00,2026-01-16T01:24:00,2026-01-16T01:24:00,true,9,12,533,1,1,
4504,103,MFA reset,2026-01-15T09:41:00,2026-01-15T10:18:00,2026-01-15T21:41:00,2026-01-15T21:41:00,true,9,13,899,1,2,
4502,103,Server disk space,2026-01-15T12:29:00,2026-01-15T14:22:00,2026-01-16T21:29:00,2026-01-16T21:29:00,true,9,12,532,3,1,
5720,112,Firewall rule change,2026-01-15T19:56:00,2026-01-15T21:25:00,2026-01-16T10:56:00,2026-01-16T10:56:00,true,9,16,886,4,1,
6647,121,Firewall rule change,2026-01-16T09:54:00,2026-01-16T10:31:00,2026-01-18T06:54:00,2026-01-18T06:54:00,true,9,12,542,1,1,
6185,117,Teams audio issue,2026-01-16T09:56:00,2026-01-16T10:47:00,2026-01-18T03:56:00,2026-01-18T03:56:00,true,9,11,546,3,2,
4834,106,Software install request,2026-01-16T11:15:00,2026-01-16T12:40:00,2026-01-17T00:15:00,2026-01-17T00:15:00,true,9,14,608,1,1,
4643,104,VPN connection dropping,2026-01-16T11:45:00,2026-01-16T13:22:00,2026-01-17T05:45:00,2026-01-17T05:45:00,true,9,12,886,2,1,
5286,109,Firewall rule change,2026-01-16T11:53:00,2026-01-16T13:27:00,2026-01-17T15:53:00,2026-01-17T15:53:00,true,9,13,807,2,2,
4495,103,MFA reset,2026-01-16T14:48:00,2026-01-16T16:19:00,2026-01-18T10:48:00,2026-01-18T10:48:00,true,9,14,780,3,1,
5275,109,Printer offline,2026-01-16T17:06:00,2026-01-16T19:00:00,2026-01-16T23:06:00,2026-01-16T23:06:00,true,9,14,876,4,1,
4698,105,New starter setup,2026-01-16T17:12:00,2026-01-16T18:55:00,2026-01-18T08:12:00,2026-01-18T08:12:00,true,9,16,620,1,2,
5967,114,Backup job failed,2026-01-17T03:07:00,2026-01-17T03:34:00,2026-01-18T10:07:00,2026-01-18T10:07:00,true,9,16,650,2,2,
6182,117,Mailbox full,2026-01-17T06:56:00,2026-01-17T08:07:00,2026-01-17T08:56:00,2026-01-17T08:56:00,true,9,11,838,4,2,
5279,109,Outlook not syncing,2026-01-19T08:37:00,2026-01-19T09:47:00,2026-01-20T03:37:00,2026-01-20T03:37:00,true,9,14,756,2,1,
5969,114,Shared drive access,2026-01-19T10:20:00,2026-01-19T11:44:00,2026-01-20T19:20:00,2026-01-20T19:20:00,true,9,14,815,3,1,
4498,103,New starter setup,2026-01-19T10:22:00,2026-01-19T11:15:00,2026-01-20T17:22:00,2026-01-20T17:22:00,true,9,11,773,3,2,
5438,110,Backup job failed,2026-01-19T10:23:00,2026-01-19T10:53:00,2026-01-19T17:23:00,2026-01-19T17:23:00,true,9,,720,4,1,
5966,114,Shared drive access,2026-01-19T11:04:00,2026-01-19T11:52:00,2026-01-20T13:04:00,2026-01-20T13:04:00,true,9,12,835,2,1,
6543,120,Outlook not syncing,2026-01-19T11:14:00,2026-01-19T11:53:00,2026-01-20T02:14:00,2026-01-20T02:14:00,true,9,16,811,3,1,
4494,103,Outlook not syncing,2026-01-19T11:21:00,2026-01-19T12:47:00,,,false,2,14,607,2,1,
5850,113,Shared drive access,2026-01-19T11:54:00,2026-01-19T12:43:00,2026-01-20T08:54:00,2026-01-20T08:54:00,true,9,13,540,4,1,
4639,104,MFA reset,2026-01-19T12:23:00,2026-01-19T13:22:00,2026-01-19T15:23:00,2026-01-19T15:23:00,true,9,14,539,2,1,
5115,108,Software install request,2026-01-19T12:48:00,2026-01-19T13:28:00,2026-01-21T07:48:00,2026-01-21T07:48:00,true,9,11,640,4,1,
4229,101,Teams audio issue,2026-01-19T13:12:00,2026-01-19T15:07:00,2026-01-20T12:12:00,2026-01-20T12:12:00,true,9,14,583,4,2,
4970,107,New starter setup,2026-01-19T13:20:00,2026-01-19T14:19:00,2026-01-20T07:20:00,2026-01-20T07:20:00,true,9,15,701,1,1,
6829,123,Mailbox full,2026-01-19T13:56:00,2026-01-19T14:13:00,2026-01-21T04:56:00,2026-01-21T04:56:00,true,9,15,722,4,2,
5855,113,Printer offline,2026-01-19T13:58:00,2026-01-19T14:58:00,,,false,3,16,802,4,2,
4696,105,New starter setup,2026-01-19T14:30:00,,,,false,3,11,869,1,2,
6649,121,New starter setup,2026-01-19T14:33:00,2026-01-19T16:10:00,2026-01-21T11:33:00,2026-01-21T11:33:00,true,9,14,826,4,2,
5712,112,Phone system fault,2026-01-19T15:17:00,,,,false,3,12,607,1,1,
6892,124,Shared drive access,2026-01-19T15:48:00,2026-01-19T16:13:00,2026-01-20T16:48:00,2026-01-20T16:48:00,true,9,13,666,2,2,
5209,108,Mailbox full,2026-01-19T17:25:00,2026-01-19T18:48:00,,,false,2,14,506,4,1,
6758,122,Server disk space,2026-01-19T17:40:00,2026-01-19T19:34:00,2026-01-20T04:40:00,2026-01-20T04:40:00,true,9,12,785,3,1,
4508,103,MFA reset,2026-01-19T17:41:00,2026-01-19T18:23:00,2026-01-21T06:41:00,2026-01-21T06:41:00,true,9,13,823,4,2,
5854,113,VPN connection dropping,2026-01-19T17:53:00,2026-01-19T19:06:00,2026-01-20T06:53:00,2026-01-20T06:53:00,true,9,13,870,3,2,
6648,121,Password reset,2026-01-19T17:53:00,2026-01-19T19:45:00,2026-01-20T13:53:00,2026-01-20T13:53:00,true,9,13,794,2,1,
4842,106,Outlook not syncing,2026-01-19T17:59:00,2026-01-19T19:03:00,2026-01-21T11:59:00,2026-01-21T11:59:00,true,9,16,756,1,1,
5860,113,Backup job failed,2026-01-20T12:35:00,2026-01-20T13:52:00,2026-01-22T01:35:00,2026-01-22T01:35:00,true,9,11,622,2,2,
6431,119,VPN connection dropping,2026-01-20T13:51:00,2026-01-20T14:03:00,2026-01-21T19:51:00,2026-01-21T19:51:00,true,9,14,695,1,1,
6645,121,Printer offline,2026-01-20T13:52:00,2026-01-20T14:28:00,2026-01-21T23:52:00,2026-01-21T23:52:00,true,9,16,741,3,2,
4507,103,Shared drive access,2026-01-20T14:32:00,2026-01-20T16:27:00,2026-01-22T04:32:00,2026-01-22T04:32:00,true,9,12,774,1,1,
6432,119,Software install request,2026-01-20T16:47:00,2026-01-20T17:16:00,2026-01-22T01:47:00,2026-01-22T01:47:00,true,9,11,679,1,1,
6055,115,Server disk space,2026-01-20T16:57:00,2026-01-20T17:15:00,2026-01-21T22:57:00,2026-01-21T22:57:00,true,9,15,635,1,1,
6054,115,Printer offline,2026-01-21T06:25:00,2026-01-21T07:58:00,2026-01-21T22:25:00,2026-01-21T22:25:00,true,9,12,728,4,1,
5568,111,Laptop running slowly,2026-01-21T08:28:00,2026-01-21T10:11:00,2026-01-21T12:28:00,2026-01-21T12:28:00,true,9,16,567,2,1,
4045,100,Shared drive access,2026-01-21T09:05:00,2026-01-21T10:41:00,2026-01-23T08:05:00,2026-01-23T08:05:00,true,9,15,537,1,1,
4362,102,Software install request,2026-01-21T12:55:00,2026-01-21T13:25:00,2026-01-22T02:55:00,2026-01-22T02:55:00,true,9,14,574,2,1,
5439,110,Printer offline,2026-01-21T13:52:00,2026-01-21T15:01:00,2026-01-23T02:52:00,2026-01-23T02:52:00,true,9,,763,4,2,
5276,109,New starter setup,2026-01-21T14:14:00,2026-01-21T15:17:00,2026-01-22T07:14:00,2026-01-22T07:14:00,true,9,12,587,2,2,
5713,112,Laptop running slowly,2026-01-21T15:29:00,2026-01-21T16:01:00,2026-01-22T11:29:00,2026-01-22T11:29:00,true,9,15,824,2,1,
4496,103,VPN connection dropping,2026-01-21T16:44:00,2026-01-21T17:23:00,2026-01-23T15:44:00,2026-01-23T15:44:00,true,9,14,590,3,1,
4844,106,VPN connection dropping,2026-01-21T16:44:00,2026-01-21T17:07:00,2026-01-23T12:44:00,2026-01-23T12:44:00,true,9,13,678,4,2,
5435,110,VPN connection dropping,2026-01-21T17:11:00,2026-01-21T17:56:00,2026-01-23T02:11:00,2026-01-23T02:11:00,true,9,,581,2,1,
4237,101,MFA reset,2026-01-21T17:14:00,2026-01-21T18:34:00,2026-01-23T00:14:00,2026-01-23T00:14:00,true,9,11,893,2,1,
6183,117,Outlook not syncing,2026-01-21T17:15:00,2026-01-21T18:02:00,2026-01-21T20:15:00,2026-01-21T20:15:00,true,9,11,804,4,1,
6891,124,Shared drive access,2026-01-21T17:34:00,2026-01-21T18:39:00,2026-01-22T12:34:00,2026-01-22T12:34:00,true,9,15,885,4,2,
6752,122,New starter setup,2026-01-21T17:54:00,2026-01-21T18:56:00,2026-01-23T16:54:00,2026-01-23T16:54:00,true,9,12,731,4,2,
6641,121,Password reset,2026-01-21T21:16:00,2026-01-21T21:52:00,2026-01-22T05:16:00,2026-01-22T05:16:00,true,9,15,834,1,2,
5120,108,Laptop running slowly,2026-01-22T03:11:00,2026-01-22T04:53:00,2026-01-22T17:11:00,2026-01-22T17:11:00,true,9,15,590,4,1,
6546,120,Phone system fault,2026-01-22T10:12:00,2026-01-22T11:47:00,2026-01-22T20:12:00,2026-01-22T20:12:00,true,9,14,587,1,1,
4368,102,Shared drive access,2026-01-22T11:32:00,2026-01-22T12:13:00,2026-01-24T03:32:00,2026-01-24T03:32:00,true,9,12,595,3,1,
4363,102,Shared drive access,2026-01-22T12:05:00,2026-01-22T12:50:00,2026-01-24T02:05:00,2026-01-24T02:05:00,true,9,12,691,4,1,
5123,108,Backup job failed,2026-01-22T14:18:00,2026-01-22T14:35:00,2026-01-23T20:18:00,2026-01-23T20:18:00,true,9,12,585,3,1,
4367,102,Backup job failed,2026-01-22T14:26:00,2026-01-22T15:06:00,2026-01-23T11:26:00,2026-01-23T11:26:00,true,9,14,751,1,1,
6541,120,Teams audio issue,2026-01-22T16:18:00,2026-01-22T17:02:00,,,false,1,13,534,4,2,
6889,124,Server disk space,2026-01-23T08:54:00,2026-01-23T09:57:00,2026-01-23T21:54:00,2026-01-23T21:54:00,true,9,11,642,2,1,
5442,110,Password reset,2026-01-23T09:21:00,2026-01-23T10:57:00,2026-01-25T07:21:00,2026-01-25T07:21:00,true,9,,838,1,1,
6137,116,Backup job failed,2026-01-23T09:28:00,2026-01-23T10:21:00,2026-01-23T17:28:00,2026-01-23T17:28:00,true,9,15,740,1,1,
6133,116,Software install request,2026-01-23T12:07:00,2026-01-23T13:07:00,2026-01-24T12:07:00,2026-01-24T12:07:00,true,9,14,867,1,1,
5443,110,Teams audio issue,2026-01-23T13:33:00,2026-01-23T15:13:00,2026-01-25T01:33:00,2026-01-25T01:33:00,true,9,,674,4,1,
6894,124,Backup job failed,2026-01-23T15:37:00,2026-01-23T16:56:00,2026-01-24T17:37:00,2026-01-24T17:37:00,true,9,14,831,2,2,
6181,117,Firewall rule change,2026-01-23T16:23:00,2026-01-23T17:27:00,2026-01-24T06:23:00,2026-01-24T06:23:00,true,9,15,829,3,2,
4833,106,Mailbox full,2026-01-23T16:43:00,2026-01-23T17:59:00,2026-01-24T10:43:00,2026-01-24T10:43:00,true,9,12,785,2,2,
6753,122,Phone system fault,2026-01-23T17:28:00,2026-01-23T18:56:00,2026-01-23T22:28:00,2026-01-23T22:28:00,true,9,12,703,4,1,
5116,108,Backup job failed,2026-01-25T03:00:00,2026-01-25T04:11:00,2026-01-25T08:00:00,2026-01-25T08:00:00,true,9,13,715,1,2,
6051,115,Shared drive access,2026-01-25T19:35:00,2026-01-25T20:25:00,2026-01-26T18:35:00,2026-01-26T18:35:00,true,9,15,584,4,2,
4240,101,Backup job failed,2026-01-26T08:09:00,2026-01-26T08:42:00,2026-01-27T22:09:00,2026-01-27T22:09:00,true,9,12,886,3,1,
5285,109,Phone system fault,2026-01-26T08:16:00,2026-01-26T09:40:00,2026-01-27T16:16:00,2026-01-27T16:16:00,true,9,11,530,2,1,
6339,118,Phone system fault,2026-01-26T08:18:00,2026-01-26T09:48:00,,,false,2,16,779,3,2,
4702,105,New starter setup,2026-01-26T08:35:00,2026-01-26T09:53:00,,,false,2,16,625,4,2,
5852,113,Laptop running slowly,2026-01-26T09:32:00,2026-01-26T10:18:00,2026-01-26T11:32:00,2026-01-26T11:32:00,true,9,13,721,3,2,
5717,112,Software install request,2026-01-26T10:06:00,2026-01-26T12:06:00,2026-01-26T21:06:00,2026-01-26T21:06:00,true,9,13,543,3,1,
4042,100,Printer offline,2026-01-26T10:43:00,2026-01-26T11:37:00,2026-01-28T09:43:00,2026-01-28T09:43:00,true,9,12,656,4,1,
4837,106,Laptop running slowly,2026-01-26T10:49:00,2026-01-26T12:06:00,2026-01-26T17:49:00,2026-01-26T17:49:00,true,9,16,511,3,1,
5970,114,New starter setup,2026-01-26T10:49:00,2026-01-26T11:16:00,,,false,3,12,516,1,2,
4694,105,Teams audio issue,2026-01-26T10:52:00,2026-01-26T12:34:00,2026-01-28T00:52:00,2026-01-28T00:52:00,true,9,16,568,4,1,
6135,116,Server disk space,2026-01-26T11:11:00,2026-01-26T13:03:00,2026-01-28T03:11:00,2026-01-28T03:11:00,true,9,16,641,2,2,
4046,100,Mailbox full,2026-01-26T12:06:00,,,,false,3,13,848,4,2,
5851,113,Teams audio issue,2026-01-26T12:06:00,2026-01-26T13:22:00,2026-01-26T18:06:00,2026-01-26T18:06:00,true,9,16,634,3,1,
4836,106,Printer offline,2026-01-26T12:12:00,2026-01-26T13:39:00,2026-01-27T05:12:00,2026-01-27T05:12:00,true,9,15,753,2,1,
5436,110,Laptop running slowly,2026-01-26T12:25:00,2026-01-26T12:47:00,2026-01-28T09:25:00,2026-01-28T09:25:00,true,9,,533,4,1,
4976,107,Backup job failed,2026-01-26T12:50:00,2026-01-26T14:00:00,2026-01-28T10:50:00,2026-01-28T10:50:00,true,9,15,701,1,1,
4969,107,Teams audio issue,2026-01-26T12:52:00,2026-01-26T13:14:00,2026-01-27T07:52:00,2026-01-27T07:52:00,true,9,15,701,2,2,
5719,112,Mailbox full,2026-01-26T13:12:00,,,,false,3,13,632,1,2,
6544,120,Printer offline,2026-01-26T13:17:00,2026-01-26T14:57:00,2026-01-28T01:17:00,2026-01-28T01:17:00,true,9,15,885,3,2,
4500,103,Password reset,2026-01-26T13:26:00,2026-01-26T13:53:00,2026-01-26T19:26:00,2026-01-26T19:26:00,true,9,11,504,3,2,
6754,122,Software install request,2026-01-26T13:31:00,2026-01-26T15:13:00,2026-01-26T17:31:00,2026-01-26T17:31:00,true,9,14,899,1,1,
6052,115,Printer offline,2026-01-26T13:34:00,2026-01-26T14:44:00,2026-01-27T05:34:00,2026-01-27T05:34:00,true,9,12,782,1,2,
6890,124,Backup job failed,2026-01-26T13:53:00,2026-01-26T14:22:00,2026-01-28T04:53:00,2026-01-28T04:53:00,true,9,14,531,1,1,
4044,100,VPN connection dropping,2026-01-26T13:57:00,2026-01-26T14:12:00,2026-01-27T15:57:00,2026-01-27T15:57:00,true,9,16,543,2,1,
6545,120,Firewall rule change,2026-01-26T14:28:00,2026-01-26T14:56:00,2026-01-26T19:28:00,2026-01-26T19:28:00,true,9,11,819,2,1,
4974,107,Shared drive access,2026-01-26T15:58:00,2026-01-26T16:15:00,2026-01-27T18:58:00,2026-01-27T18:58:00,true,9,16,702,3,2,
4642,104,Shared drive access,2026-01-26T16:03:00,2026-01-26T17:27:00,2026-01-28T04:03:00,2026-01-28T04:03:00,true,9,14,529,1,1,
5572,111,Phone system fault,2026-01-26T16:29:00,2026-01-26T16:57:00,2026-01-27T02:29:00,2026-01-27T02:29:00,true,9,16,739,1,2,
4499,103,Laptop running slowly,2026-01-26T16:54:00,2026-01-26T18:41:00,2026-01-28T07:54:00,2026-01-28T07:54:00,true,9,15,769,3,2,
5121,108,New starter setup,2026-01-26T17:43:00,,,,false,1,11,561,2,2,
4697,105,Outlook not syncing,2026-01-26T21:31:00,,,,false,1,13,811,1,1,
6550,120,Server disk space,2026-01-27T09:01:00,2026-01-27T10:03:00,2026-01-27T21:01:00,2026-01-27T21:01:00,true,9,12,829,3,1,
6899,124,VPN connection dropping,2026-01-27T12:14:00,2026-01-27T13:26:00,2026-01-27T21:14:00,2026-01-27T21:14:00,true,9,12,630,1,1,
4514,103,Shared drive access,2026-01-27T13:08:00,2026-01-27T14:02:00,2026-01-28T14:08:00,2026-01-28T14:08:00,true,9,16,876,4,2,
6660,121,MFA reset,2026-01-27T13:30:00,2026-01-27T14:23:00,2026-01-29T10:30:00,2026-01-29T10:30:00,true,9,13,540,3,1,
5865,113,Laptop running slowly,2026-01-27T16:32:00,2026-01-27T18:11:00,2026-01-28T10:32:00,2026-01-28T10:32:00,true,9,11,568,1,1,
6435,119,Server disk space,2026-01-27T21:16:00,2026-01-27T21:58:00,2026-01-29T05:16:00,2026-01-29T05:16:00,true,9,14,573,4,1,
5870,113,Laptop running slowly,2026-01-28T02:08:00,2026-01-28T03:08:00,2026-01-28T15:08:00,2026-01-28T15:08:00,true,9,11,713,4,2,
4856,106,Outlook not syncing,2026-01-28T03:09:00,2026-01-28T04:11:00,2026-01-29T07:09:00,2026-01-29T07:09:00,true,9,12,668,4,2,
6762,122,New starter setup,2026-01-28T05:16:00,2026-01-28T07:12:00,2026-01-28T20:16:00,2026-01-28T20:16:00,true,9,16,532,4,1,
6345,118,MFA reset,2026-01-28T09:09:00,2026-01-28T10:59:00,2026-01-28T16:09:00,2026-01-28T16:09:00,true,9,15,607,1,1,
6896,124,Mailbox full,2026-01-28T09:33:00,2026-01-28T11:10:00,2026-01-29T22:33:00,2026-01-29T22:33:00,true,9,15,818,1,1,
6902,124,Backup job failed,2026-01-28T09:55:00,2026-01-28T11:15:00,2026-01-28T17:55:00,2026-01-28T17:55:00,true,9,13,877,4,2,
5577,111,Software install request,2026-01-28T10:32:00,2026-01-28T11:18:00,2026-01-28T12:32:00,2026-01-28T12:32:00,true,9,15,782,4,1,
6434,119,Backup job failed,2026-01-28T10:34:00,2026-01-28T10:55:00,2026-01-29T04:34:00,2026-01-29T04:34:00,true,9,16,665,3,2,
6831,123,MFA reset,2026-01-28T11:38:00,2026-01-28T12:46:00,2026-01-30T02:38:00,2026-01-30T02:38:00,true,9,12,891,3,1,
6832,123,Teams audio issue,2026-01-28T11:39:00,2026-01-28T13:00:00,2026-01-29T12:39:00,2026-01-29T12:39:00,true,9,16,507,4,1,
6191,117,Password reset,2026-01-28T12:18:00,2026-01-28T13:54:00,,,false,1,11,731,4,2,
5872,113,Server disk space,2026-01-28T14:04:00,2026-01-28T15:28:00,2026-01-30T12:04:00,2026-01-30T12:04:00,true,9,15,715,4,2,
4253,101,Mailbox full,2026-01-28T14:06:00,2026-01-28T15:29:00,2026-01-28T21:06:00,2026-01-28T21:06:00,true,9,11,883,4,2,
4529,103,MFA reset,2026-01-28T15:24:00,2026-01-28T16:21:00,,,false,1,11,845,4,2,
4248,101,Shared drive access,2026-01-28T16:02:00,2026-01-28T17:45:00,2026-01-30T08:02:00,2026-01-30T08:02:00,true,9,16,670,2,2,
6556,120,New starter setup,2026-01-28T17:39:00,2026-01-28T19:06:00,2026-01-30T01:39:00,2026-01-30T01:39:00,true,9,11,761,1,1,
5451,110,Shared drive access,2026-01-28T17:49:00,2026-01-28T19:16:00,2026-01-29T03:49:00,2026-01-29T03:49:00,true,9,,547,3,1,
6438,119,Mailbox full,2026-01-29T12:54:00,2026-01-29T13:36:00,2026-01-31T06:54:00,2026-01-31T06:54:00,true,9,14,521,1,1,
5730,112,Backup job failed,2026-01-29T13:23:00,2026-01-29T14:10:00,2026-01-30T07:23:00,2026-01-30T07:23:00,true,9,14,805,3,2,
5583,111,Phone system fault,2026-01-29T13:33:00,2026-01-29T14:57:00,2026-01-30T00:33:00,2026-01-30T00:33:00,true,9,11,881,2,1,
5974,114,Laptop running slowly,2026-01-29T15:02:00,2026-01-29T16:44:00,2026-01-29T23:02:00,2026-01-29T23:02:00,true,9,13,732,1,1,
4379,102,Shared drive access,2026-01-29T15:07:00,,,,false,2,11,543,1,2,
6657,121,Laptop running slowly,2026-01-29T15:37:00,2026-01-29T16:49:00,2026-01-30T05:37:00,2026-01-30T05:37:00,true,9,12,544,4,1,
4523,103,Printer offline,2026-01-29T16:15:00,2026-01-29T17:04:00,2026-01-30T22:15:00,2026-01-30T22:15:00,true,9,16,610,2,2,
6192,117,Teams audio issue,2026-01-29T17:10:00,2026-01-29T17:47:00,2026-01-30T08:10:00,2026-01-30T08:10:00,true,9,14,841,3,2,
6548,120,Software install request,2026-01-29T20:33:00,2026-01-29T21:05:00,2026-01-30T10:33:00,2026-01-30T10:33:00,true,9,14,607,2,1,
6764,122,Software install request,2026-01-30T06:57:00,,,,false,1,16,797,4,1,
5724,112,Software install request,2026-01-30T08:11:00,2026-01-30T08:40:00,2026-01-31T13:11:00,2026-01-31T13:11:00,true,9,11,664,3,2,
4854,106,MFA reset,2026-01-30T10:34:00,2026-01-30T11:07:00,2026-02-01T01:34:00,2026-02-01T01:34:00,true,9,12,777,1,1,
6651,121,Outlook not syncing,2026-01-30T10:47:00,2026-01-30T11:43:00,2026-01-31T03:47:00,2026-01-31T03:47:00,true,9,14,695,1,1,
5125,108,Shared drive access,2026-01-30T16:22:00,2026-01-30T18:16:00,2026-01-31T13:22:00,2026-01-31T13:22:00,true,9,15,635,4,2,
5215,108,Outlook not syncing,2026-01-30T16:29:00,2026-01-30T17:23:00,,,false,3,13,519,1,1,
5450,110,Phone system fault,2026-01-30T17:10:00,2026-01-30T17:33:00,2026-01-31T10:10:00,2026-01-31T10:10:00,true,9,,697,2,1,
4254,101,Backup job failed,2026-01-30T19:35:00,,,,false,3,14,579,4,1,
6060,115,Firewall rule change,2026-01-30T20:55:00,2026-01-30T21:10:00,2026-02-01T20:55:00,2026-02-01T20:55:00,true,9,15,644,2,2,
5579,111,Firewall rule change,2026-02-02T08:50:00,,,,false,2,14,562,4,1,
6650,121,Phone system fault,2026-02-02T09:12:00,2026-02-02T11:08:00,2026-02-02T16:12:00,2026-02-02T16:12:00,true,9,15,757,2,1,
4373,102,Firewall rule change,2026-02-02T09:32:00,2026-02-02T09:44:00,2026-02-03T22:32:00,2026-02-03T22:32:00,true,9,15,746,1,2,
6653,121,Backup job failed,2026-02-02T09:32:00,,,,false,1,12,638,1,2,
4705,105,Teams audio issue,2026-02-02T10:06:00,,,,false,3,13,737,1,2,
5581,111,MFA reset,2026-02-02T11:24:00,2026-02-02T12:36:00,,,false,2,16,661,1,2,
5213,108,Laptop running slowly,2026-02-02T13:07:00,2026-02-02T13:50:00,,,false,1,12,505,4,1,
5864,113,Software install request,2026-02-02T13:10:00,2026-02-02T13:38:00,2026-02-03T16:10:00,2026-02-03T16:10:00,true,9,15,537,3,1,
4982,107,Server disk space,2026-02-02T13:13:00,2026-02-02T13:32:00,2026-02-03T23:13:00,2026-02-03T23:13:00,true,9,16,701,3,1,
5582,111,Firewall rule change,2026-02-02T13:48:00,2026-02-02T14:16:00,2026-02-02T23:48:00,2026-02-02T23:48:00,true,9,16,620,2,2,
4525,103,MFA reset,2026-02-02T13:55:00,2026-02-02T15:00:00,2026-02-03T00:55:00,2026-02-03T00:55:00,true,9,11,687,2,2,
5293,109,Outlook not syncing,2026-02-02T14:17:00,2026-02-02T15:30:00,2026-02-02T23:17:00,2026-02-02T23:17:00,true,9,13,587,1,2,
4519,103,Software install request,2026-02-02T15:45:00,2026-02-02T17:44:00,2026-02-03T01:45:00,2026-02-03T01:45:00,true,9,14,856,2,2,
6658,121,VPN connection dropping,2026-02-02T15:51:00,2026-02-02T16:54:00,2026-02-02T22:51:00,2026-02-02T22:51:00,true,9,14,884,3,1,
4246,101,Shared drive access,2026-02-02T16:14:00,2026-02-02T16:56:00,2026-02-04T15:14:00,2026-02-04T15:14:00,true,9,16,833,2,2,
4710,105,Password reset,2026-02-02T17:51:00,,,,false,2,16,860,3,2,
4848,106,Software install request,2026-02-03T10:57:00,2026-02-03T11:14:00,2026-02-04T18:57:00,2026-02-04T18:57:00,true,9,13,539,4,2,
4055,100,Phone system fault,2026-02-03T13:16:00,2026-02-03T14:39:00,2026-02-04T12:16:00,2026-02-04T12:16:00,true,9,13,773,4,2,
4257,101,Phone system fault,2026-02-03T13:43:00,2026-02-03T14:11:00,2026-02-04T08:43:00,2026-02-04T08:43:00,true,9,16,603,2,1,
6766,122,MFA reset,2026-02-03T13:43:00,2026-02-03T14:35:00,2026-02-04T15:43:00,2026-02-04T15:43:00,true,9,15,744,1,2,
4711,105,Outlook not syncing,2026-02-03T13:52:00,2026-02-03T14:41:00,2026-02-05T10:52:00,2026-02-05T10:52:00,true,9,13,763,2,1,
6662,121,Backup job failed,2026-02-03T15:23:00,2026-02-03T16:20:00,2026-02-04T13:23:00,2026-02-04T13:23:00,true,9,12,661,3,1,
5452,110,Printer offline,2026-02-03T15:35:00,2026-02-03T16:30:00,2026-02-05T14:35:00,2026-02-05T14:35:00,true,9,,660,3,1,
4522,103,Outlook not syncing,2026-02-04T08:59:00,2026-02-04T10:23:00,2026-02-05T04:59:00,2026-02-05T04:59:00,true,9,11,847,4,1,
4252,101,Password reset,2026-02-04T09:23:00,2026-02-04T10:58:00,2026-02-05T14:23:00,2026-02-05T14:23:00,true,9,11,586,3,2,
4704,105,Software install request,2026-02-04T09:25:00,,,,false,3,15,763,3,1,
6189,117,Password reset,2026-02-04T09:44:00,2026-02-04T10:31:00,,,false,1,14,559,3,1,
4376,102,Software install request,2026-02-04T11:34:00,2026-02-04T11:51:00,2026-02-05T09:34:00,2026-02-05T09:34:00,true,9,14,566,1,1,
6898,124,Password reset,2026-02-04T11:47:00,2026-02-04T12:39:00,2026-02-04T23:47:00,2026-02-04T23:47:00,true,9,14,679,3,1,
4855,106,New starter setup,2026-02-04T14:38:00,2026-02-04T15:42:00,2026-02-04T22:38:00,2026-02-04T22:38:00,true,9,12,628,3,1,
5868,113,VPN connection dropping,2026-02-04T15:16:00,2026-02-04T16:43:00,2026-02-05T05:16:00,2026-02-05T05:16:00,true,9,14,673,3,1,
6057,115,MFA reset,2026-02-04T15:46:00,2026-02-04T17:14:00,2026-02-05T19:46:00,2026-02-05T19:46:00,true,9,13,514,4,1,
5448,110,New starter setup,2026-02-04T15:51:00,2026-02-04T17:06:00,2026-02-05T10:51:00,2026-02-05T10:51:00,true,9,,715,3,1,
4377,102,Teams audio issue,2026-02-05T08:43:00,2026-02-05T08:56:00,2026-02-06T23:43:00,2026-02-06T23:43:00,true,9,12,762,3,2,
5287,109,Teams audio issue,2026-02-05T09:26:00,2026-02-05T09:44:00,2026-02-06T08:26:00,2026-02-06T08:26:00,true,9,11,587,2,1,
5292,109,Mailbox full,2026-02-05T09:53:00,2026-02-05T11:13:00,2026-02-07T06:53:00,2026-02-07T06:53:00,true,9,16,865,1,1,
5973,114,VPN connection dropping,2026-02-05T15:45:00,2026-02-05T17:06:00,2026-02-06T03:45:00,2026-02-06T03:45:00,true,9,16,691,4,1,
4516,103,VPN connection dropping,2026-02-05T17:08:00,2026-02-05T18:15:00,2026-02-05T23:08:00,2026-02-05T23:08:00,true,9,16,858,3,1,
4989,107,Laptop running slowly,2026-02-05T20:48:00,2026-02-05T21:28:00,2026-02-06T22:48:00,2026-02-06T22:48:00,true,9,15,702,2,1,
6763,122,VPN connection dropping,2026-02-06T08:03:00,2026-02-06T09:04:00,2026-02-08T06:03:00,2026-02-08T06:03:00,true,9,16,575,3,1,
5727,112,VPN connection dropping,2026-02-06T11:04:00,,,,false,2,15,804,4,2,
6555,120,VPN connection dropping,2026-02-06T11:54:00,2026-02-06T12:35:00,2026-02-07T08:54:00,2026-02-07T08:54:00,true,9,15,756,1,1,
4703,105,Mailbox full,2026-02-06T13:38:00,,,,false,2,15,592,4,1,
5975,114,Mailbox full,2026-02-06T17:58:00,2026-02-06T18:51:00,2026-02-07T18:58:00,2026-02-07T18:58:00,true,9,16,771,1,1,
5584,111,New starter setup,2026-02-07T05:39:00,2026-02-07T06:15:00,2026-02-07T12:39:00,2026-02-07T12:39:00,true,9,11,836,2,1,
4513,103,VPN connection dropping,2026-02-09T08:21:00,2026-02-09T09:11:00,,,false,1,14,888,3,1,
4990,107,Phone system fault,2026-02-09T08:37:00,2026-02-09T09:08:00,2026-02-10T08:37:00,2026-02-10T08:37:00,true,9,16,701,4,2,
5212,108,Backup job failed,2026-02-09T08:41:00,2026-02-09T09:07:00,,,false,1,15,882,4,2,
4051,100,Laptop running slowly,2026-02-09T09:06:00,2026-02-09T10:41:00,2026-02-11T01:06:00,2026-02-11T01:06:00,true,9,15,734,2,2,
4510,103,Mailbox full,2026-02-09T09:21:00,2026-02-09T09:40:00,2026-02-09T11:21:00,2026-02-09T11:21:00,true,9,14,744,1,1,
5875,113,MFA reset,2026-02-09T10:04:00,2026-02-09T10:36:00,2026-02-10T13:04:00,2026-02-10T13:04:00,true,9,13,598,3,2,
6895,124,Outlook not syncing,2026-02-09T11:12:00,2026-02-09T12:23:00,2026-02-10T18:12:00,2026-02-10T18:12:00,true,9,15,834,3,1,
4858,106,Password reset,2026-02-09T11:26:00,2026-02-09T12:29:00,2026-02-09T17:26:00,2026-02-09T17:26:00,true,9,14,587,2,1,
5294,109,Server disk space,2026-02-09T12:06:00,2026-02-09T13:41:00,2026-02-10T05:06:00,2026-02-10T05:06:00,true,9,14,731,4,1,
5124,108,Outlook not syncing,2026-02-09T12:12:00,2026-02-09T13:35:00,2026-02-09T23:12:00,2026-02-09T23:12:00,true,9,15,560,4,2,
5296,109,Server disk space,2026-02-09T13:39:00,2026-02-09T14:25:00,2026-02-11T13:39:00,2026-02-11T13:39:00,true,9,12,615,4,2,
5874,113,Printer offline,2026-02-09T13:55:00,2026-02-09T15:24:00,2026-02-10T20:55:00,2026-02-10T20:55:00,true,9,12,649,3,1,
6433,119,VPN connection dropping,2026-02-09T14:15:00,2026-02-09T14:59:00,2026-02-11T12:15:00,2026-02-11T12:15:00,true,9,14,882,2,1,
6664,121,Shared drive access,2026-02-09T15:37:00,2026-02-09T17:12:00,2026-02-11T04:37:00,2026-02-11T04:37:00,true,9,12,751,1,2,
5289,109,MFA reset,2026-02-09T15:57:00,2026-02-09T17:20:00,2026-02-11T09:57:00,2026-02-11T09:57:00,true,9,16,622,4,1,
6901,124,Shared drive access,2026-02-09T16:08:00,2026-02-09T16:31:00,2026-02-10T00:08:00,2026-02-10T00:08:00,true,9,15,605,1,2,
5447,110,Mailbox full,2026-02-09T17:01:00,2026-02-09T17:18:00,2026-02-10T10:01:00,2026-02-10T10:01:00,true,9,,695,2,2,
5128,108,MFA reset,2026-02-10T08:18:00,,,,false,1,11,743,4,2,
5216,108,Backup job failed,2026-02-10T09:37:00,2026-02-10T10:21:00,,,false,3,16,745,2,1,
6663,121,Printer offline,2026-02-10T09:50:00,2026-02-10T10:25:00,2026-02-12T03:50:00,2026-02-12T03:50:00,true,9,13,850,4,1,
4851,106,Outlook not syncing,2026-02-10T09:59:00,2026-02-10T11:50:00,2026-02-11T18:59:00,2026-02-11T18:59:00,true,9,16,866,2,2,
5578,111,Backup job failed,2026-02-10T11:27:00,,,,false,3,15,679,4,2,
6897,124,Laptop running slowly,2026-02-10T11:29:00,2026-02-10T13:27:00,2026-02-12T06:29:00,2026-02-12T06:29:00,true,9,12,889,1,2,
4049,100,New starter setup,2026-02-10T15:05:00,2026-02-10T15:34:00,2026-02-11T00:05:00,2026-02-11T00:05:00,true,9,13,509,2,1,
4249,101,New starter setup,2026-02-10T15:14:00,2026-02-10T15:43:00,2026-02-12T10:14:00,2026-02-12T10:14:00,true,9,14,532,3,1,
6344,118,Printer offline,2026-02-10T19:14:00,2026-02-10T20:41:00,2026-02-12T05:14:00,2026-02-12T05:14:00,true,9,12,602,4,1,
4247,101,Backup job failed,2026-02-11T08:59:00,2026-02-11T09:59:00,2026-02-12T09:59:00,2026-02-12T09:59:00,true,9,11,596,2,1,
4255,101,Password reset,2026-02-11T09:05:00,2026-02-11T09:27:00,2026-02-11T17:05:00,2026-02-11T17:05:00,true,9,14,506,3,1,
6059,115,Firewall rule change,2026-02-11T09:28:00,2026-02-11T10:58:00,2026-02-12T18:28:00,2026-02-12T18:28:00,true,9,14,757,4,2,
5214,108,Backup job failed,2026-02-11T10:28:00,2026-02-11T11:17:00,,,false,1,11,603,2,1,
6343,118,New starter setup,2026-02-11T12:24:00,2026-02-11T12:55:00,,,false,1,15,738,2,2,
6661,121,Firewall rule change,2026-02-11T13:28:00,2026-02-11T14:18:00,2026-02-12T17:28:00,2026-02-12T17:28:00,true,9,15,863,1,2,
4380,102,Firewall rule change,2026-02-11T15:34:00,2026-02-11T16:18:00,2026-02-12T06:34:00,2026-02-12T06:34:00,true,9,13,756,2,1,
4261,101,VPN connection dropping,2026-02-11T16:41:00,,,,false,2,15,727,1,1,
4985,107,Server disk space,2026-02-11T17:57:00,,,,false,2,14,701,1,2,
5130,108,Server disk space,2026-02-12T08:26:00,2026-02-12T09:58:00,2026-02-13T17:26:00,2026-02-13T17:26:00,true,9,14,544,2,2,
4707,105,Mailbox full,2026-02-12T09:31:00,,,,false,3,15,685,1,2,
5295,109,Outlook not syncing,2026-02-12T09:39:00,2026-02-12T10:23:00,2026-02-13T20:39:00,2026-02-13T20:39:00,true,9,14,591,1,1,
6765,122,Printer offline,2026-02-12T12:41:00,2026-02-12T14:16:00,2026-02-14T06:41:00,2026-02-14T06:41:00,true,9,14,852,4,2,
6552,120,Laptop running slowly,2026-02-12T12:42:00,2026-02-12T13:06:00,2026-02-13T12:42:00,2026-02-13T12:42:00,true,9,13,880,1,1,
4712,105,VPN connection dropping,2026-02-12T14:45:00,,,,false,2,16,640,2,2,
4520,103,Mailbox full,2026-02-12T14:49:00,2026-02-12T15:58:00,2026-02-12T21:49:00,2026-02-12T21:49:00,true,9,12,793,1,1,
6061,115,VPN connection dropping,2026-02-12T16:07:00,2026-02-12T18:02:00,2026-02-13T14:07:00,2026-02-13T14:07:00,true,9,14,606,1,1,
5580,111,Software install request,2026-02-13T08:01:00,2026-02-13T08:35:00,2026-02-13T13:01:00,2026-02-13T13:01:00,true,9,16,585,4,1,
5728,112,Server disk space,2026-02-13T09:53:00,2026-02-13T11:19:00,2026-02-14T22:53:00,2026-02-14T22:53:00,true,9,11,664,1,2,
4709,105,Printer offline,2026-02-13T11:32:00,,,,false,3,12,598,3,2,
6656,121,Teams audio issue,2026-02-13T13:06:00,2026-02-13T14:40:00,2026-02-15T04:06:00,2026-02-15T04:06:00,true,9,13,520,4,2,
4980,107,Password reset,2026-02-13T14:50:00,2026-02-13T16:20:00,2026-02-14T00:50:00,2026-02-14T00:50:00,true,9,13,701,2,2,
6187,117,MFA reset,2026-02-13T16:57:00,2026-02-13T18:30:00,,,false,3,11,873,1,1,
4517,103,Teams audio issue,2026-02-13T17:57:00,2026-02-13T18:58:00,2026-02-15T16:57:00,2026-02-15T16:57:00,true,9,15,520,4,1,
6551,120,VPN connection dropping,2026-02-16T08:35:00,2026-02-16T08:58:00,2026-02-17T21:35:00,2026-02-17T21:35:00,true,9,11,815,3,2,
6667,121,Laptop running slowly,2026-02-16T08:53:00,2026-02-16T10:46:00,2026-02-17T09:53:00,2026-02-17T09:53:00,true,9,12,754,1,1,
5866,113,Phone system fault,2026-02-16T10:17:00,2026-02-16T11:42:00,2026-02-16T17:17:00,2026-02-16T17:17:00,true,9,14,790,3,1,
5863,113,MFA reset,2026-02-16T10:22:00,2026-02-16T11:35:00,2026-02-18T07:22:00,2026-02-18T07:22:00,true,9,15,588,3,2,
5290,109,Password reset,2026-02-16T10:29:00,2026-02-16T11:24:00,2026-02-17T13:29:00,2026-02-17T13:29:00,true,9,14,664,4,2,
5131,108,VPN connection dropping,2026-02-16T10:43:00,2026-02-16T11:00:00,2026-02-18T04:43:00,2026-02-18T04:43:00,true,9,11,830,4,2,
5861,113,Firewall rule change,2026-02-16T10:52:00,2026-02-16T12:16:00,2026-02-18T04:52:00,2026-02-18T04:52:00,true,9,12,874,4,1,
4852,106,Software install request,2026-02-16T11:05:00,2026-02-16T11:25:00,2026-02-16T17:05:00,2026-02-16T17:05:00,true,9,14,543,4,1,
6760,122,Software install request,2026-02-16T11:05:00,2026-02-16T12:41:00,2026-02-17T17:05:00,2026-02-17T17:05:00,true,9,14,549,2,2,
6553,120,Server disk space,2026-02-16T11:08:00,2026-02-16T12:00:00,2026-02-17T06:08:00,2026-02-17T06:08:00,true,9,13,580,3,2,
4053,100,Backup job failed,2026-02-16T11:11:00,2026-02-16T12:55:00,2026-02-17T14:11:00,2026-02-17T14:11:00,true,9,13,796,4,1,
4054,100,New starter setup,2026-02-16T11:22:00,2026-02-16T12:25:00,2026-02-18T11:22:00,2026-02-18T11:22:00,true,9,14,793,2,1,
5972,114,VPN connection dropping,2026-02-16T11:32:00,2026-02-16T12:22:00,2026-02-17T18:32:00,2026-02-17T18:32:00,true,9,13,517,3,1,
6549,120,Mailbox full,2026-02-16T11:50:00,2026-02-16T13:37:00,2026-02-16T21:50:00,2026-02-16T21:50:00,true,9,12,829,2,1,
4986,107,Software install request,2026-02-16T11:54:00,2026-02-16T12:50:00,2026-02-17T02:54:00,2026-02-17T02:54:00,true,9,13,701,2,1,
4981,107,Firewall rule change,2026-02-16T11:58:00,2026-02-16T13:29:00,2026-02-17T06:58:00,2026-02-17T06:58:00,true,9,12,702,4,1,
4374,102,Server disk space,2026-02-16T12:24:00,2026-02-16T12:43:00,2026-02-17T09:24:00,2026-02-17T09:24:00,true,9,12,870,3,1,
5867,113,Firewall rule change,2026-02-16T12:49:00,2026-02-16T14:29:00,2026-02-16T16:49:00,2026-02-16T16:49:00,true,9,11,852,4,2,
4991,107,Software install request,2026-02-16T13:20:00,2026-02-16T13:57:00,2026-02-18T04:20:00,2026-02-18T04:20:00,true,9,11,701,4,1,
5127,108,Shared drive access,2026-02-16T13:55:00,2026-02-16T14:16:00,2026-02-17T18:55:00,2026-02-17T18:55:00,true,9,13,519,1,2,
5979,114,New starter setup,2026-02-16T13:58:00,2026-02-16T14:25:00,2026-02-16T18:58:00,2026-02-16T18:58:00,true,9,15,525,1,1,
5871,113,Outlook not syncing,2026-02-16T14:28:00,2026-02-16T15:30:00,2026-02-17T23:28:00,2026-02-17T23:28:00,true,9,11,851,2,2,
4713,105,Firewall rule change,2026-02-16T14:31:00,,,,false,3,11,547,3,1,
4988,107,Password reset,2026-02-16T14:31:00,2026-02-16T16:07:00,2026-02-17T05:31:00,2026-02-17T05:31:00,true,9,15,701,3,1,
4527,103,VPN connection dropping,2026-02-16T14:45:00,2026-02-16T15:16:00,2026-02-18T08:45:00,2026-02-18T08:45:00,true,9,11,729,2,1,
4847,106,Mailbox full,2026-02-16T15:01:00,2026-02-16T15:51:00,2026-02-18T08:01:00,2026-02-18T08:01:00,true,9,16,510,4,1,
4518,103,Backup job failed,2026-02-16T15:42:00,2026-02-16T15:57:00,2026-02-18T02:42:00,2026-02-18T02:42:00,true,9,11,509,2,1,
4381,102,Phone system fault,2026-02-16T15:44:00,2026-02-16T16:16:00,2026-02-17T01:44:00,2026-02-17T01:44:00,true,9,13,755,1,2,
4984,107,Printer offline,2026-02-16T15:47:00,2026-02-16T16:46:00,2026-02-17T01:47:00,2026-02-17T01:47:00,true,9,15,701,1,2,
6557,120,Outlook not syncing,2026-02-16T15:55:00,2026-02-16T17:13:00,2026-02-18T14:55:00,2026-02-18T14:55:00,true,9,16,835,3,1,
5446,110,Teams audio issue,2026-02-16T16:14:00,2026-02-16T17:59:00,2026-02-17T09:14:00,2026-02-17T09:14:00,true,9,,546,3,1,
5129,108,Backup job failed,2026-02-16T16:24:00,,,,false,2,14,567,2,1,
4846,106,MFA reset,2026-02-16T17:29:00,2026-02-16T17:55:00,2026-02-17T12:29:00,2026-02-17T12:29:00,true,9,15,693,2,1,
4375,102,Teams audio issue,2026-02-16T17:32:00,2026-02-16T17:58:00,2026-02-18T02:32:00,2026-02-18T02:32:00,true,9,11,551,4,2,
4850,106,MFA reset,2026-02-16T17:44:00,2026-02-16T18:07:00,2026-02-17T11:44:00,2026-02-17T11:44:00,true,9,16,780,4,1,
6654,121,New starter setup,2026-02-17T09:01:00,2026-02-17T10:11:00,2026-02-17T14:01:00,2026-02-17T14:01:00,true,9,16,648,1,1,
4511,103,Backup job failed,2026-02-17T11:17:00,2026-02-17T11:44:00,2026-02-18T00:17:00,2026-02-18T00:17:00,true,9,16,780,1,1,
5288,109,Teams audio issue,2026-02-17T13:32:00,2026-02-17T15:10:00,,,false,1,12,552,2,1,
4992,107,VPN connection dropping,2026-02-17T13:51:00,2026-02-17T14:27:00,2026-02-17T22:51:00,2026-02-17T22:51:00,true,9,12,701,3,2,
6659,121,Firewall rule change,2026-02-17T14:50:00,2026-02-17T16:32:00,2026-02-19T00:50:00,2026-02-19T00:50:00,true,9,13,548,1,2,
4052,100,Software install request,2026-02-17T17:16:00,2026-02-17T18:23:00,2026-02-19T08:16:00,2026-02-19T08:16:00,true,9,14,573,1,1,
6761,122,Teams audio issue,2026-02-18T10:42:00,2026-02-18T11:14:00,2026-02-20T01:42:00,2026-02-20T01:42:00,true,9,13,552,3,1,
4259,101,New starter setup,2026-02-18T11:47:00,2026-02-18T13:38:00,2026-02-19T03:47:00,2026-02-19T03:47:00,true,9,15,722,1,1,
5723,112,MFA reset,2026-02-18T14:03:00,2026-02-18T15:29:00,2026-02-19T01:03:00,2026-02-19T01:03:00,true,9,15,739,2,2,
4857,106,Shared drive access,2026-02-18T14:14:00,2026-02-18T15:13:00,,,false,3,16,678,1,1,
4526,103,Backup job failed,2026-02-18T14:24:00,2026-02-18T16:01:00,2026-02-20T01:24:00,2026-02-20T01:24:00,true,9,13,827,4,1,
6652,121,Printer offline,2026-02-18T15:01:00,,,,false,3,16,829,1,2,
5873,113,Firewall rule change,2026-02-18T15:02:00,2026-02-18T15:58:00,2026-02-20T07:02:00,2026-02-20T07:02:00,true,9,13,667,4,1,
5132,108,Backup job failed,2026-02-18T15:53:00,2026-02-18T16:23:00,2026-02-19T09:53:00,2026-02-19T09:53:00,true,9,11,676,1,1,
5726,112,Software install request,2026-02-18T16:55:00,2026-02-18T18:26:00,2026-02-18T20:55:00,2026-02-18T20:55:00,true,9,16,571,3,1,
4853,106,Shared drive access,2026-02-18T17:23:00,2026-02-18T17:45:00,2026-02-19T18:23:00,2026-02-19T18:23:00,true,9,16,821,2,1,
4524,103,VPN connection dropping,2026-02-18T17:25:00,2026-02-18T17:50:00,2026-02-20T11:25:00,2026-02-20T11:25:00,true,9,13,854,3,1,
5449,110,VPN connection dropping,2026-02-18T20:37:00,2026-02-18T21:53:00,2026-02-19T06:37:00,2026-02-19T06:37:00,true,9,,517,2,2,
5862,113,Password reset,2026-02-18T21:07:00,2026-02-18T22:26:00,2026-02-19T14:07:00,2026-02-19T14:07:00,true,9,15,803,1,2,
6437,119,Password reset,2026-02-19T09:25:00,2026-02-19T09:51:00,2026-02-20T01:25:00,2026-02-20T01:25:00,true,9,11,572,3,2,
5978,114,MFA reset,2026-02-19T09:52:00,2026-02-19T11:51:00,2026-02-20T13:52:00,2026-02-20T13:52:00,true,9,12,543,2,1,
4250,101,Printer offline,2026-02-19T12:26:00,2026-02-19T13:08:00,2026-02-21T02:26:00,2026-02-21T02:26:00,true,9,13,625,1,1,
6056,115,Shared drive access,2026-02-19T15:02:00,2026-02-19T17:01:00,2026-02-21T00:02:00,2026-02-21T00:02:00,true,9,14,731,1,1,
6666,121,MFA reset,2026-02-19T15:11:00,2026-02-19T16:05:00,2026-02-20T02:11:00,2026-02-20T02:11:00,true,9,14,590,2,1,
6767,122,Server disk space,2026-02-20T05:23:00,2026-02-20T07:01:00,2026-02-20T07:23:00,2026-02-20T07:23:00,true,9,16,878,1,1,
6342,118,New starter setup,2026-02-20T11:52:00,2026-02-20T12:49:00,2026-02-21T02:52:00,2026-02-21T02:52:00,true,9,14,835,3,1,
4256,101,Laptop running slowly,2026-02-20T12:45:00,2026-02-20T14:11:00,2026-02-20T17:45:00,2026-02-20T17:45:00,true,9,11,561,1,1,
6436,119,MFA reset,2026-02-20T15:34:00,2026-02-20T16:09:00,2026-02-22T05:34:00,2026-02-22T05:34:00,true,9,12,636,3,1,
5585,111,MFA reset,2026-02-20T16:53:00,2026-02-20T18:29:00,2026-02-21T03:53:00,2026-02-21T03:53:00,true,9,13,730,1,2,
6440,119,Software install request,2026-02-21T05:34:00,2026-02-21T05:52:00,2026-02-22T13:34:00,2026-02-22T13:34:00,true,9,16,747,1,1,
5729,112,Backup job failed,2026-02-21T06:12:00,2026-02-21T06:31:00,,,false,3,15,746,1,2,
5586,111,Outlook not syncing,2026-02-23T08:14:00,2026-02-23T10:13:00,2026-02-23T11:14:00,2026-02-23T11:14:00,true,9,12,548,2,1,
4512,103,Shared drive access,2026-02-23T08:24:00,2026-02-23T09:50:00,2026-02-23T15:24:00,2026-02-23T15:24:00,true,9,13,809,3,1,
4987,107,New starter setup,2026-02-23T09:51:00,2026-02-23T10:41:00,2026-02-24T09:51:00,2026-02-24T09:51:00,true,9,12,701,4,1,
6058,115,Mailbox full,2026-02-23T09:55:00,2026-02-23T11:50:00,2026-02-23T22:55:00,2026-02-23T22:55:00,true,9,16,770,3,2,
5722,112,Teams audio issue,2026-02-23T10:13:00,2026-02-23T11:39:00,2026-02-24T14:13:00,2026-02-24T14:13:00,true,9,15,517,2,1,
4849,106,Server disk space,2026-02-23T11:15:00,2026-02-23T12:19:00,2026-02-24T00:15:00,2026-02-24T00:15:00,true,9,11,726,1,2,
4251,101,MFA reset,2026-02-23T11:36:00,2026-02-23T12:15:00,2026-02-24T15:36:00,2026-02-24T15:36:00,true,9,11,544,1,1,
4708,105,Printer offline,2026-02-23T11:49:00,,,,false,1,12,575,2,1,
5445,110,Shared drive access,2026-02-23T12:27:00,2026-02-23T14:11:00,,,false,2,,878,2,2,
6190,117,MFA reset,2026-02-23T12:36:00,2026-02-23T14:33:00,2026-02-25T10:36:00,2026-02-25T10:36:00,true,9,16,526,1,1,
4983,107,Password reset,2026-02-23T13:54:00,2026-02-23T15:24:00,2026-02-23T20:54:00,2026-02-23T20:54:00,true,9,11,701,4,1,
4378,102,Shared drive access,2026-02-23T14:43:00,2026-02-23T15:23:00,2026-02-24T01:43:00,2026-02-24T01:43:00,true,9,12,624,1,1,
4845,106,Phone system fault,2026-02-23T15:26:00,2026-02-23T16:20:00,2026-02-24T11:26:00,2026-02-24T11:26:00,true,9,16,818,3,1,
4260,101,Firewall rule change,2026-02-23T15:31:00,2026-02-23T17:25:00,2026-02-24T23:31:00,2026-02-24T23:31:00,true,9,16,764,3,1,
5126,108,MFA reset,2026-02-23T15:55:00,2026-02-23T16:17:00,2026-02-25T15:55:00,2026-02-25T15:55:00,true,9,12,706,4,1,
5731,112,Printer offline,2026-02-23T16:02:00,2026-02-23T17:15:00,2026-02-23T22:02:00,2026-02-23T22:02:00,true,9,11,837,4,1,
6439,119,Password reset,2026-02-23T16:26:00,2026-02-23T16:47:00,2026-02-24T13:26:00,2026-02-24T13:26:00,true,9,15,509,1,2,
6655,121,Teams audio issue,2026-02-23T16:39:00,2026-02-23T17:16:00,2026-02-24T20:39:00,2026-02-24T20:39:00,true,9,16,620,3,2,
6554,120,Printer offline,2026-02-23T17:19:00,2026-02-23T17:39:00,2026-02-25T05:19:00,2026-02-25T05:19:00,true,9,15,630,4,2,
6188,117,Mailbox full,2026-02-23T17:34:00,2026-02-23T19:23:00,2026-02-23T22:34:00,2026-02-23T22:34:00,true,9,12,853,2,2,
4258,101,Server disk space,2026-02-23T21:58:00,2026-02-23T22:46:00,2026-02-25T15:58:00,2026-02-25T15:58:00,true,9,13,532,4,1,
6900,124,MFA reset,2026-02-24T02:46:00,2026-02-24T03:51:00,2026-02-24T10:46:00,2026-02-24T10:46:00,true,9,11,864,4,2,
5725,112,Mailbox full,2026-02-24T13:12:00,2026-02-24T14:14:00,2026-02-25T19:12:00,2026-02-25T19:12:00,true,9,13,789,3,1,
4515,103,Outlook not syncing,2026-02-24T13:57:00,2026-02-24T14:15:00,2026-02-25T03:57:00,2026-02-25T03:57:00,true,9,15,635,3,1,
5291,109,Phone system fault,2026-02-24T13:59:00,2026-02-24T15:25:00,2026-02-24T23:59:00,2026-02-24T23:59:00,true,9,12,536,4,2,
5976,114,Backup job failed,2026-02-24T15:32:00,2026-02-24T16:27:00,2026-02-24T19:32:00,2026-02-24T19:32:00,true,9,12,882,2,2,
4521,103,Phone system fault,2026-02-25T08:43:00,2026-02-25T10:14:00,2026-02-27T00:43:00,2026-02-27T00:43:00,true,9,14,857,3,2,
4706,105,Laptop running slowly,2026-02-25T08:51:00,,,,false,1,11,881,2,2,
4050,100,Shared drive access,2026-02-25T09:31:00,2026-02-25T10:40:00,2026-02-25T19:31:00,2026-02-25T19:31:00,true,9,15,873,3,1,
5977,114,Shared drive access,2026-02-25T10:40:00,2026-02-25T12:08:00,2026-02-25T17:40:00,2026-02-25T17:40:00,true,9,14,575,3,1,
6665,121,Printer offline,2026-02-25T13:27:00,2026-02-25T13:44:00,,,false,2,13,703,4,2,
4528,103,Teams audio issue,2026-02-25T15:43:00,2026-02-25T16:11:00,2026-02-26T21:43:00,2026-02-26T21:43:00,true,9,16,736,3,2,
5869,113,Software install request,2026-02-25T16:20:00,2026-02-25T17:37:00,2026-02-26T03:20:00,2026-02-26T03:20:00,true,9,13,762,2,2,
4860,106,VPN connection dropping,2026-02-26T08:12:00,2026-02-26T08:56:00,2026-02-26T19:12:00,2026-02-26T19:12:00,true,9,11,519,2,2,
5987,114,VPN connection dropping,2026-02-26T09:50:00,2026-02-26T11:43:00,2026-02-27T19:50:00,2026-02-27T19:50:00,true,9,12,714,1,2,
6065,115,VPN connection dropping,2026-02-26T10:21:00,2026-02-26T10:51:00,2026-02-26T21:21:00,2026-02-26T21:21:00,true,9,15,767,4,1,
5453,110,Password reset,2026-02-26T11:52:00,2026-02-26T13:24:00,2026-02-26T15:52:00,2026-02-26T15:52:00,true,9,,599,3,2,
4864,106,VPN connection dropping,2026-02-26T14:27:00,2026-02-26T15:55:00,2026-02-26T18:27:00,2026-02-26T18:27:00,true,9,11,888,1,1,
4863,106,Teams audio issue,2026-02-26T14:31:00,2026-02-26T15:26:00,2026-02-26T23:31:00,2026-02-26T23:31:00,true,9,13,785,2,1,
4720,105,Printer offline,2026-02-26T14:33:00,2026-02-26T16:17:00,2026-02-27T07:33:00,2026-02-27T07:33:00,true,9,12,853,1,1,
4995,107,Laptop running slowly,2026-02-26T17:29:00,2026-02-26T18:10:00,2026-02-27T19:29:00,2026-02-27T19:29:00,true,9,16,701,2,2,
4061,100,Shared drive access,2026-02-26T17:34:00,2026-02-26T18:39:00,2026-02-28T16:34:00,2026-02-28T16:34:00,true,9,11,601,4,2,
5140,108,Firewall rule change,2026-02-27T06:03:00,2026-02-27T07:09:00,2026-02-28T19:03:00,2026-02-28T19:03:00,true,9,15,761,2,1,
5589,111,Password reset,2026-02-27T06:05:00,2026-02-27T06:59:00,2026-02-27T17:05:00,2026-02-27T17:05:00,true,9,13,807,3,1,
5733,112,Mailbox full,2026-02-27T08:33:00,2026-02-27T09:21:00,,,false,2,11,553,4,1,
6833,123,MFA reset,2026-02-27T08:45:00,2026-02-27T10:18:00,2026-02-28T00:45:00,2026-02-28T00:45:00,true,9,12,774,1,1,
4262,101,Outlook not syncing,2026-02-27T09:58:00,2026-02-27T11:50:00,2026-02-27T18:58:00,2026-02-27T18:58:00,true,9,14,625,4,2,
4382,102,Outlook not syncing,2026-02-27T12:12:00,2026-02-27T12:55:00,2026-03-01T12:12:00,2026-03-01T12:12:00,true,9,15,536,1,1,
5454,110,Phone system fault,2026-02-27T13:15:00,2026-02-27T13:32:00,2026-02-28T12:15:00,2026-02-28T12:15:00,true,9,,565,1,1,
4388,102,Firewall rule change,2026-02-27T13:49:00,2026-02-27T14:31:00,2026-02-28T15:49:00,2026-02-28T15:49:00,true,9,12,502,2,1,
4389,102,MFA reset,2026-02-27T14:25:00,2026-02-27T14:56:00,2026-02-28T01:25:00,2026-02-28T01:25:00,true,9,13,795,1,1,
6445,119,Printer offline,2026-02-27T15:10:00,2026-02-27T15:41:00,2026-02-27T23:10:00,2026-02-27T23:10:00,true,9,14,874,2,1,
5600,111,Password reset,2026-02-27T16:17:00,2026-02-27T17:38:00,2026-02-28T04:17:00,2026-02-28T04:17:00,true,9,15,578,2,2,
4383,102,VPN connection dropping,2026-02-27T17:30:00,2026-02-27T17:45:00,2026-03-01T07:30:00,2026-03-01T07:30:00,true,9,12,655,1,1,
4274,101,Teams audio issue,2026-03-01T22:08:00,2026-03-02T00:06:00,2026-03-03T11:08:00,2026-03-03T11:08:00,true,9,12,865,1,1,
6771,122,Backup job failed,2026-03-01T23:38:00,2026-03-02T01:10:00,2026-03-03T01:38:00,2026-03-03T01:38:00,true,9,12,741,3,2,
5460,110,Server disk space,2026-03-02T03:08:00,2026-03-02T05:06:00,2026-03-03T01:08:00,2026-03-03T01:08:00,true,9,,792,1,1,
5590,111,Phone system fault,2026-03-02T09:05:00,2026-03-02T10:37:00,2026-03-02T12:05:00,2026-03-02T12:05:00,true,9,15,874,2,1,
6195,117,Software install request,2026-03-02T09:34:00,2026-03-02T11:07:00,2026-03-03T08:34:00,2026-03-03T08:34:00,true,9,14,713,2,1,
5883,113,Mailbox full,2026-03-02T09:47:00,,,,false,3,16,697,1,1,
5300,109,Phone system fault,2026-03-02T10:47:00,2026-03-02T11:04:00,2026-03-03T16:47:00,2026-03-03T16:47:00,true,9,16,812,4,1,
4062,100,Server disk space,2026-03-02T11:03:00,2026-03-02T12:14:00,,,false,1,14,552,2,1,
4714,105,VPN connection dropping,2026-03-02T11:58:00,2026-03-02T12:41:00,2026-03-03T15:58:00,2026-03-03T15:58:00,true,9,12,825,1,2,
6560,120,Outlook not syncing,2026-03-02T12:02:00,2026-03-02T13:04:00,2026-03-03T05:02:00,2026-03-03T05:02:00,true,9,12,503,2,1,
6201,117,Teams audio issue,2026-03-02T12:19:00,,,,false,1,12,532,2,1,
4387,102,Teams audio issue,2026-03-02T12:31:00,2026-03-02T12:54:00,2026-03-04T08:31:00,2026-03-04T08:31:00,true,9,16,558,2,1,
6773,122,Outlook not syncing,2026-03-02T12:36:00,2026-03-02T13:56:00,2026-03-03T02:36:00,2026-03-03T02:36:00,true,9,12,585,4,1,
6910,124,Laptop running slowly,2026-03-02T12:40:00,2026-03-02T13:09:00,2026-03-04T04:40:00,2026-03-04T04:40:00,true,9,13,851,2,2,
5303,109,VPN connection dropping,2026-03-02T12:57:00,2026-03-02T14:16:00,2026-03-02T14:57:00,2026-03-02T14:57:00,true,9,11,834,2,1,
5882,113,Teams audio issue,2026-03-02T13:14:00,2026-03-02T14:35:00,2026-03-03T03:14:00,2026-03-03T03:14:00,true,9,13,539,1,2,
4391,102,Laptop running slowly,2026-03-02T13:22:00,2026-03-02T13:52:00,2026-03-04T06:22:00,2026-03-04T06:22:00,true,9,14,787,2,2,
4268,101,Shared drive access,2026-03-02T13:52:00,2026-03-02T15:46:00,2026-03-02T22:52:00,2026-03-02T22:52:00,true,9,15,891,4,1,
4534,103,New starter setup,2026-03-02T14:05:00,2026-03-02T15:37:00,2026-03-02T20:05:00,2026-03-02T20:05:00,true,9,11,529,3,1,
6452,119,MFA reset,2026-03-02T14:09:00,2026-03-02T14:49:00,2026-03-04T08:09:00,2026-03-04T08:09:00,true,9,11,550,2,1,
6671,121,Laptop running slowly,2026-03-02T15:00:00,2026-03-02T16:44:00,2026-03-03T03:00:00,2026-03-03T03:00:00,true,9,11,685,4,2,
4727,105,Outlook not syncing,2026-03-02T17:39:00,,,,false,2,15,717,2,1,
4266,101,VPN connection dropping,2026-03-02T17:53:00,2026-03-02T18:22:00,2026-03-04T11:53:00,2026-03-04T11:53:00,true,9,14,682,3,1,
6909,124,Phone system fault,2026-03-02T17:58:00,2026-03-02T18:37:00,2026-03-04T01:58:00,2026-03-04T01:58:00,true,9,13,780,4,1,
4723,105,Software install request,2026-03-03T05:58:00,2026-03-03T07:25:00,2026-03-04T22:58:00,2026-03-04T22:58:00,true,9,14,701,4,1,
6670,121,Server disk space,2026-03-03T08:39:00,2026-03-03T09:36:00,2026-03-05T08:39:00,2026-03-05T08:39:00,true,9,11,689,1,1,
5004,107,Phone system fault,2026-03-03T09:03:00,2026-03-03T11:01:00,2026-03-05T01:03:00,2026-03-05T01:03:00,true,9,13,701,4,1,
5595,111,Outlook not syncing,2026-03-03T09:44:00,2026-03-03T10:04:00,2026-03-03T11:44:00,2026-03-03T11:44:00,true,9,11,520,4,2,
5587,111,Shared drive access,2026-03-03T10:58:00,2026-03-03T11:16:00,2026-03-03T16:58:00,2026-03-03T16:58:00,true,9,11,856,2,1,
6769,122,Teams audio issue,2026-03-03T11:31:00,2026-03-03T13:02:00,2026-03-04T10:31:00,2026-03-04T10:31:00,true,9,13,751,3,2,
4728,105,Outlook not syncing,2026-03-03T12:06:00,,,,false,3,16,837,1,1,
5304,109,Outlook not syncing,2026-03-03T15:08:00,2026-03-03T16:28:00,2026-03-04T21:08:00,2026-03-04T21:08:00,true,9,13,721,1,1,
4271,101,Password reset,2026-03-03T15:52:00,2026-03-03T17:38:00,2026-03-04T14:52:00,2026-03-04T14:52:00,true,9,12,806,4,2,
6839,123,VPN connection dropping,2026-03-03T23:31:00,2026-03-03T23:58:00,2026-03-04T19:31:00,2026-03-04T19:31:00,true,9,12,890,4,2,
4716,105,Outlook not syncing,2026-03-04T08:11:00,2026-03-04T10:05:00,2026-03-05T12:11:00,2026-03-05T12:11:00,true,9,12,840,4,1,
4059,100,Shared drive access,2026-03-04T08:48:00,2026-03-04T09:29:00,2026-03-05T12:48:00,2026-03-05T12:48:00,true,9,11,744,4,2,
4272,101,MFA reset,2026-03-04T08:54:00,2026-03-04T09:14:00,2026-03-04T14:54:00,2026-03-04T14:54:00,true,9,14,765,1,1,
5001,107,Teams audio issue,2026-03-04T09:06:00,2026-03-04T10:33:00,2026-03-06T07:06:00,2026-03-06T07:06:00,true,9,15,701,4,1,
4265,101,Software install request,2026-03-04T09:57:00,2026-03-04T11:55:00,2026-03-04T18:57:00,2026-03-04T18:57:00,true,9,16,842,3,2,
5599,111,Password reset,2026-03-04T10:05:00,2026-03-04T11:49:00,2026-03-04T20:05:00,2026-03-04T20:05:00,true,9,14,827,2,1,
5592,111,Laptop running slowly,2026-03-04T10:17:00,,,,false,2,16,635,4,1,
4869,106,Server disk space,2026-03-04T10:34:00,2026-03-04T11:09:00,2026-03-04T22:34:00,2026-03-04T22:34:00,true,9,11,758,1,2,
5593,111,Teams audio issue,2026-03-04T11:40:00,2026-03-04T12:47:00,2026-03-04T20:40:00,2026-03-04T20:40:00,true,9,12,674,1,2,
5983,114,Shared drive access,2026-03-04T12:13:00,2026-03-04T13:35:00,2026-03-06T01:13:00,2026-03-06T01:13:00,true,9,16,621,4,2,
4390,102,Backup job failed,2026-03-04T13:42:00,2026-03-04T13:56:00,2026-03-05T11:42:00,2026-03-05T11:42:00,true,9,13,742,1,1,
5008,107,Server disk space,2026-03-04T14:00:00,2026-03-04T14:58:00,2026-03-05T08:00:00,2026-03-05T08:00:00,true,9,11,701,1,2,
6448,119,Outlook not syncing,2026-03-04T14:22:00,2026-03-04T14:37:00,2026-03-05T18:22:00,2026-03-05T18:22:00,true,9,13,716,4,1,
6194,117,Backup job failed,2026-03-04T20:57:00,2026-03-04T21:40:00,2026-03-06T13:57:00,2026-03-06T13:57:00,true,9,11,613,1,1,
4531,103,Mailbox full,2026-03-05T09:19:00,2026-03-05T10:27:00,2026-03-06T08:19:00,2026-03-06T08:19:00,true,9,12,607,3,1,
6835,123,VPN connection dropping,2026-03-05T09:43:00,2026-03-05T11:22:00,2026-03-06T03:43:00,2026-03-06T03:43:00,true,9,11,742,4,1,
6349,118,Outlook not syncing,2026-03-05T10:58:00,2026-03-05T12:44:00,2026-03-06T11:58:00,2026-03-06T11:58:00,true,9,14,739,1,1,
6840,123,Backup job failed,2026-03-05T10:58:00,2026-03-05T12:28:00,2026-03-06T17:58:00,2026-03-06T17:58:00,true,9,13,887,4,1,
5133,108,Phone system fault,2026-03-05T11:22:00,2026-03-05T12:55:00,2026-03-06T16:22:00,2026-03-06T16:22:00,true,9,13,777,3,1,
6200,117,MFA reset,2026-03-05T13:53:00,2026-03-05T15:38:00,,,false,2,16,604,1,1,
5005,107,Outlook not syncing,2026-03-05T14:43:00,2026-03-05T15:24:00,2026-03-06T16:43:00,2026-03-06T16:43:00,true,9,14,702,2,1,
4385,102,Phone system fault,2026-03-05T14:52:00,2026-03-05T15:23:00,2026-03-05T22:52:00,2026-03-05T22:52:00,true,9,11,714,2,1,
6063,115,Outlook not syncing,2026-03-05T15:12:00,2026-03-05T15:47:00,2026-03-05T19:12:00,2026-03-05T19:12:00,true,9,14,511,4,1,
6904,124,MFA reset,2026-03-05T15:55:00,,,,false,2,15,771,3,2,
4866,106,Laptop running slowly,2026-03-05T17:14:00,2026-03-05T19:03:00,2026-03-07T10:14:00,2026-03-07T10:14:00,true,9,12,575,1,1,
5135,108,Shared drive access,2026-03-05T17:15:00,2026-03-05T18:22:00,2026-03-06T08:15:00,2026-03-06T08:15:00,true,9,15,524,1,2,
4994,107,Outlook not syncing,2026-03-06T08:18:00,2026-03-06T08:48:00,2026-03-06T19:18:00,2026-03-06T19:18:00,true,9,13,702,2,1,
5297,109,MFA reset,2026-03-06T09:21:00,2026-03-06T10:34:00,2026-03-07T11:21:00,2026-03-07T11:21:00,true,9,11,746,2,1,
5309,109,Shared drive access,2026-03-06T09:26:00,2026-03-06T10:45:00,2026-03-07T07:26:00,2026-03-07T07:26:00,true,9,14,687,4,1,
5588,111,Laptop running slowly,2026-03-06T09:26:00,2026-03-06T11:07:00,2026-03-06T18:26:00,2026-03-06T18:26:00,true,9,12,805,4,1,
5597,111,Software install request,2026-03-06T17:12:00,2026-03-06T18:42:00,,,false,2,15,829,1,2,
6199,117,New starter setup,2026-03-08T06:42:00,2026-03-08T07:42:00,2026-03-08T22:42:00,2026-03-08T22:42:00,true,9,12,649,2,2,
5737,112,MFA reset,2026-03-09T03:19:00,2026-03-09T05:11:00,2026-03-10T09:19:00,2026-03-10T09:19:00,true,9,16,832,3,2,
5314,109,Server disk space,2026-03-09T08:10:00,2026-03-09T08:52:00,2026-03-10T03:10:00,2026-03-10T03:10:00,true,9,11,637,2,1,
4063,100,Shared drive access,2026-03-09T09:25:00,2026-03-09T11:24:00,2026-03-09T22:25:00,2026-03-09T22:25:00,true,9,15,843,1,2,
6193,117,Teams audio issue,2026-03-09T10:31:00,2026-03-09T12:13:00,2026-03-10T19:31:00,2026-03-10T19:31:00,true,9,13,886,3,1,
5455,110,Password reset,2026-03-09T10:35:00,2026-03-09T11:59:00,2026-03-10T10:35:00,2026-03-10T10:35:00,true,9,,653,2,1,
6347,118,Software install request,2026-03-09T11:57:00,2026-03-09T13:43:00,,,false,3,16,697,3,1,
5986,114,Phone system fault,2026-03-09T11:58:00,,,,false,2,14,640,2,2,
5138,108,VPN connection dropping,2026-03-09T12:19:00,2026-03-09T13:48:00,2026-03-10T21:19:00,2026-03-10T21:19:00,true,9,15,540,1,2,
5732,112,VPN connection dropping,2026-03-09T12:22:00,2026-03-09T13:08:00,2026-03-10T03:22:00,2026-03-10T03:22:00,true,9,11,739,1,2,
4270,101,Phone system fault,2026-03-09T14:20:00,2026-03-09T15:51:00,2026-03-11T14:20:00,2026-03-11T14:20:00,true,9,13,830,1,1,
4718,105,Firewall rule change,2026-03-09T14:35:00,,,,false,1,12,782,2,1,
6903,124,Server disk space,2026-03-09T14:45:00,2026-03-09T15:18:00,2026-03-10T01:45:00,2026-03-10T01:45:00,true,9,16,605,2,2,
5742,112,Firewall rule change,2026-03-09T14:55:00,,,,false,2,16,783,2,2,
5006,107,Outlook not syncing,2026-03-09T16:35:00,2026-03-09T17:07:00,2026-03-09T22:35:00,2026-03-09T22:35:00,true,9,13,701,4,2,
6905,124,Mailbox full,2026-03-09T16:35:00,2026-03-09T17:52:00,2026-03-10T12:35:00,2026-03-10T12:35:00,true,9,16,856,3,1,
4532,103,Laptop running slowly,2026-03-09T16:47:00,2026-03-09T18:34:00,2026-03-11T07:47:00,2026-03-11T07:47:00,true,9,15,727,2,1,
6441,119,Firewall rule change,2026-03-09T17:32:00,2026-03-09T17:49:00,2026-03-10T14:32:00,2026-03-10T14:32:00,true,9,11,818,1,1,
4717,105,VPN connection dropping,2026-03-09T17:39:00,,,,false,1,14,603,3,2,
5299,109,Shared drive access,2026-03-10T08:33:00,2026-03-10T09:00:00,2026-03-10T23:33:00,2026-03-10T23:33:00,true,9,12,730,2,1,
5137,108,Backup job failed,2026-03-10T09:36:00,2026-03-10T10:22:00,2026-03-10T12:36:00,2026-03-10T12:36:00,true,9,16,807,4,1,
5596,111,Password reset,2026-03-10T09:45:00,2026-03-10T11:29:00,2026-03-10T21:45:00,2026-03-10T21:45:00,true,9,11,653,2,1,
4535,103,Laptop running slowly,2026-03-10T10:40:00,2026-03-10T11:18:00,2026-03-10T15:40:00,2026-03-10T15:40:00,true,9,15,506,4,1,
4997,107,VPN connection dropping,2026-03-10T11:44:00,2026-03-10T12:29:00,2026-03-12T11:44:00,2026-03-12T11:44:00,true,9,14,701,2,2,
6669,121,Shared drive access,2026-03-10T13:43:00,2026-03-10T14:52:00,2026-03-10T20:43:00,2026-03-10T20:43:00,true,9,11,747,3,2,
5887,113,Shared drive access,2026-03-10T14:06:00,2026-03-10T15:05:00,2026-03-11T05:06:00,2026-03-11T05:06:00,true,9,12,729,4,1,
5459,110,Teams audio issue,2026-03-10T17:37:00,2026-03-10T18:42:00,2026-03-12T12:37:00,2026-03-12T12:37:00,true,9,,665,3,2,
6772,122,Firewall rule change,2026-03-11T09:04:00,2026-03-11T10:47:00,2026-03-11T16:04:00,2026-03-11T16:04:00,true,9,13,760,4,1,
4280,101,Password reset,2026-03-11T11:46:00,2026-03-11T13:19:00,2026-03-13T06:46:00,2026-03-13T06:46:00,true,9,16,659,3,1,
5876,113,Server disk space,2026-03-11T12:01:00,2026-03-11T13:18:00,,,false,2,16,700,1,1,
6906,124,Mailbox full,2026-03-11T12:03:00,2026-03-11T12:35:00,2026-03-13T10:03:00,2026-03-13T10:03:00,true,9,12,633,3,2,
5141,108,New starter setup,2026-03-11T12:45:00,2026-03-11T13:35:00,2026-03-12T20:45:00,2026-03-12T20:45:00,true,9,13,861,2,1,
4276,101,Teams audio issue,2026-03-11T12:50:00,2026-03-11T14:10:00,2026-03-11T18:50:00,2026-03-11T18:50:00,true,9,11,767,3,1,
5740,112,Teams audio issue,2026-03-11T12:50:00,2026-03-11T13:05:00,2026-03-11T23:50:00,2026-03-11T23:50:00,true,9,11,660,1,1,
4267,101,Mailbox full,2026-03-11T13:06:00,2026-03-11T13:29:00,2026-03-12T01:06:00,2026-03-12T01:06:00,true,9,16,518,1,1,
4726,105,Server disk space,2026-03-11T13:28:00,2026-03-11T14:10:00,2026-03-12T09:28:00,2026-03-12T09:28:00,true,9,11,822,2,1,
5591,111,Laptop running slowly,2026-03-11T13:32:00,2026-03-11T14:29:00,2026-03-11T17:32:00,2026-03-11T17:32:00,true,9,13,604,3,1,
4725,105,MFA reset,2026-03-11T13:35:00,2026-03-11T14:42:00,2026-03-11T23:35:00,2026-03-11T23:35:00,true,9,13,860,2,2,
6066,115,Phone system fault,2026-03-11T15:19:00,2026-03-11T15:37:00,2026-03-11T20:19:00,2026-03-11T20:19:00,true,9,12,825,2,1,
4719,105,Firewall rule change,2026-03-11T16:16:00,,,,false,3,13,692,4,1,
6196,117,VPN connection dropping,2026-03-11T16:30:00,2026-03-11T17:07:00,2026-03-13T12:30:00,2026-03-13T12:30:00,true,9,13,779,2,2,
5458,110,Backup job failed,2026-03-11T16:48:00,2026-03-11T17:21:00,2026-03-12T16:48:00,2026-03-12T16:48:00,true,9,,596,4,1,
6444,119,Shared drive access,2026-03-11T17:48:00,2026-03-11T18:30:00,2026-03-12T21:48:00,2026-03-12T21:48:00,true,9,11,537,1,1,
5007,107,Shared drive access,2026-03-12T09:14:00,2026-03-12T10:14:00,2026-03-13T15:14:00,2026-03-13T15:14:00,true,9,12,701,2,1,
4538,103,Shared drive access,2026-03-12T10:41:00,2026-03-12T11:17:00,2026-03-13T09:41:00,2026-03-13T09:41:00,true,9,13,839,1,2,
4998,107,Printer offline,2026-03-12T13:15:00,2026-03-12T14:37:00,2026-03-12T21:15:00,2026-03-12T21:15:00,true,9,16,701,4,2,
6908,124,Firewall rule change,2026-03-12T13:34:00,2026-03-12T14:09:00,2026-03-14T10:34:00,2026-03-14T10:34:00,true,9,14,556,3,1,
5298,109,Mailbox full,2026-03-12T14:15:00,2026-03-12T15:49:00,2026-03-13T03:15:00,2026-03-13T03:15:00,true,9,13,614,3,1,
5879,113,Teams audio issue,2026-03-12T14:24:00,2026-03-12T15:26:00,2026-03-14T03:24:00,2026-03-14T03:24:00,true,9,13,789,3,2,
4537,103,Printer offline,2026-03-13T08:38:00,,,,false,3,11,592,3,1,
4060,100,Shared drive access,2026-03-13T11:43:00,2026-03-13T13:42:00,2026-03-15T08:43:00,2026-03-15T08:43:00,true,9,15,640,4,1,
5000,107,Backup job failed,2026-03-13T12:40:00,2026-03-13T13:50:00,2026-03-13T22:40:00,2026-03-13T22:40:00,true,9,12,701,1,1,
4264,101,Teams audio issue,2026-03-13T16:45:00,2026-03-13T18:33:00,2026-03-13T19:45:00,2026-03-13T19:45:00,true,9,14,605,2,2,
5878,113,Outlook not syncing,2026-03-16T09:37:00,2026-03-16T10:08:00,2026-03-17T06:37:00,2026-03-17T06:37:00,true,9,14,785,3,1,
6348,118,New starter setup,2026-03-16T09:59:00,2026-03-16T10:55:00,2026-03-16T20:59:00,2026-03-16T20:59:00,true,9,13,563,1,2,
4539,103,Teams audio issue,2026-03-16T10:15:00,2026-03-16T11:12:00,2026-03-18T01:15:00,2026-03-18T01:15:00,true,9,14,733,2,2,
5009,107,Mailbox full,2026-03-16T10:50:00,2026-03-16T11:13:00,2026-03-16T16:50:00,2026-03-16T16:50:00,true,9,15,701,4,1,
6205,117,Phone system fault,2026-03-16T11:08:00,2026-03-16T12:31:00,2026-03-16T22:08:00,2026-03-16T22:08:00,true,9,11,561,3,1,
5307,109,Server disk space,2026-03-16T12:17:00,2026-03-16T12:58:00,2026-03-18T09:17:00,2026-03-18T09:17:00,true,9,11,757,1,2,
5886,113,VPN connection dropping,2026-03-16T12:25:00,2026-03-16T13:50:00,2026-03-18T08:25:00,2026-03-18T08:25:00,true,9,13,803,4,1,
4541,103,Firewall rule change,2026-03-16T12:44:00,2026-03-16T14:28:00,2026-03-17T19:44:00,2026-03-17T19:44:00,true,9,16,645,2,2,
4993,107,Software install request,2026-03-16T12:49:00,2026-03-16T14:26:00,2026-03-17T09:49:00,2026-03-17T09:49:00,true,9,16,701,3,1,
6774,122,Laptop running slowly,2026-03-16T14:10:00,2026-03-16T15:24:00,2026-03-16T19:10:00,2026-03-16T19:10:00,true,9,15,893,3,2,
5136,108,Firewall rule change,2026-03-16T15:34:00,2026-03-16T15:55:00,2026-03-17T17:34:00,2026-03-17T17:34:00,true,9,14,613,2,2,
5306,109,Printer offline,2026-03-16T16:40:00,2026-03-16T17:02:00,2026-03-17T23:40:00,2026-03-17T23:40:00,true,9,16,562,1,1,
5461,110,Outlook not syncing,2026-03-16T17:25:00,,,,false,2,,654,1,2,
5981,114,Printer offline,2026-03-17T09:09:00,2026-03-17T09:36:00,2026-03-18T14:09:00,2026-03-18T14:09:00,true,9,15,562,1,1,
5885,113,Shared drive access,2026-03-17T09:54:00,2026-03-17T10:38:00,2026-03-18T09:54:00,2026-03-18T09:54:00,true,9,11,694,2,1,
6837,123,Software install request,2026-03-17T10:04:00,2026-03-17T11:06:00,2026-03-17T12:04:00,2026-03-17T12:04:00,true,9,11,663,3,2,
5002,107,Phone system fault,2026-03-17T10:26:00,2026-03-17T11:30:00,2026-03-18T19:26:00,2026-03-18T19:26:00,true,9,14,701,1,2,
5739,112,Printer offline,2026-03-17T12:32:00,2026-03-17T14:16:00,2026-03-18T17:32:00,2026-03-18T17:32:00,true,9,13,717,4,1,
4269,101,Password reset,2026-03-17T12:48:00,2026-03-17T14:48:00,2026-03-17T15:48:00,2026-03-17T15:48:00,true,9,14,659,2,2,
5880,113,Outlook not syncing,2026-03-17T14:41:00,2026-03-17T15:18:00,2026-03-19T12:41:00,2026-03-19T12:41:00,true,9,11,622,3,1,
6672,121,Phone system fault,2026-03-17T14:48:00,2026-03-17T16:29:00,2026-03-18T11:48:00,2026-03-18T11:48:00,true,9,16,658,1,2,
5741,112,Teams audio issue,2026-03-17T14:56:00,2026-03-17T16:05:00,2026-03-18T08:56:00,2026-03-18T08:56:00,true,9,14,568,3,2,
4279,101,Backup job failed,2026-03-17T17:47:00,2026-03-17T18:51:00,2026-03-18T08:47:00,2026-03-18T08:47:00,true,9,14,778,3,1,
4277,101,Software install request,2026-03-18T06:38:00,2026-03-18T07:53:00,2026-03-18T18:38:00,2026-03-18T18:38:00,true,9,14,651,3,2,
5884,113,VPN connection dropping,2026-03-18T08:33:00,2026-03-18T09:06:00,2026-03-20T04:33:00,2026-03-20T04:33:00,true,9,15,683,1,2,
4865,106,Firewall rule change,2026-03-18T10:10:00,2026-03-18T11:05:00,2026-03-19T23:10:00,2026-03-19T23:10:00,true,9,15,806,2,1,
6198,117,New starter setup,2026-03-18T13:35:00,2026-03-18T13:54:00,2026-03-20T07:35:00,2026-03-20T07:35:00,true,9,15,778,1,2,
6202,117,Software install request,2026-03-18T14:48:00,2026-03-18T16:12:00,2026-03-19T12:48:00,2026-03-19T12:48:00,true,9,13,705,4,1,
6907,124,Password reset,2026-03-18T15:21:00,2026-03-18T15:40:00,2026-03-19T06:21:00,2026-03-19T06:21:00,true,9,11,646,4,2,
5134,108,Printer offline,2026-03-18T15:22:00,2026-03-18T16:32:00,2026-03-20T08:22:00,2026-03-20T08:22:00,true,9,12,729,3,1,
5984,114,Laptop running slowly,2026-03-18T16:36:00,2026-03-18T17:32:00,2026-03-19T01:36:00,2026-03-19T01:36:00,true,9,12,566,1,1,
6668,121,Firewall rule change,2026-03-18T16:36:00,2026-03-18T17:54:00,2026-03-20T15:36:00,2026-03-20T15:36:00,true,9,13,664,2,1,
5594,111,Laptop running slowly,2026-03-18T22:36:00,2026-03-19T00:17:00,2026-03-19T04:36:00,2026-03-19T04:36:00,true,9,14,893,4,2,
4721,105,Firewall rule change,2026-03-19T08:54:00,,,,false,2,13,706,4,1,
4861,106,Software install request,2026-03-19T10:16:00,2026-03-19T10:42:00,2026-03-19T15:16:00,2026-03-19T15:16:00,true,9,15,715,2,1,
5139,108,MFA reset,2026-03-19T11:01:00,2026-03-19T11:36:00,2026-03-21T11:01:00,2026-03-21T11:01:00,true,9,12,632,2,1,
5311,109,VPN connection dropping,2026-03-19T11:14:00,2026-03-19T12:32:00,2026-03-20T09:14:00,2026-03-20T09:14:00,true,9,14,899,3,1,
6558,120,Shared drive access,2026-03-19T12:04:00,2026-03-19T14:04:00,2026-03-19T19:04:00,2026-03-19T19:04:00,true,9,16,548,3,2,
5308,109,MFA reset,2026-03-19T12:08:00,,,,false,3,14,884,1,1,
4999,107,Software install request,2026-03-19T15:08:00,,,,false,3,15,701,4,2,
5985,114,New starter setup,2026-03-19T15:11:00,2026-03-19T16:09:00,2026-03-20T21:11:00,2026-03-20T21:11:00,true,9,15,768,2,1,
4859,106,MFA reset,2026-03-19T15:13:00,2026-03-19T16:49:00,2026-03-20T16:13:00,2026-03-20T16:13:00,true,9,15,662,1,1,
5736,112,Printer offline,2026-03-19T15:44:00,2026-03-19T16:04:00,2026-03-21T06:44:00,2026-03-21T06:44:00,true,9,15,705,1,1,
6068,115,MFA reset,2026-03-19T15:55:00,,,,false,3,11,689,2,1,
6834,123,Teams audio issue,2026-03-19T16:48:00,2026-03-19T17:50:00,2026-03-21T15:48:00,2026-03-21T15:48:00,true,9,11,763,3,1,
5301,109,Printer offline,2026-03-19T17:45:00,2026-03-19T19:41:00,2026-03-20T21:45:00,2026-03-20T21:45:00,true,9,14,668,1,2,
5003,107,Phone system fault,2026-03-19T23:12:00,2026-03-19T23:48:00,2026-03-20T17:12:00,2026-03-20T17:12:00,true,9,16,701,2,1,
4533,103,Laptop running slowly,2026-03-20T08:59:00,2026-03-20T09:37:00,2026-03-21T09:59:00,2026-03-21T09:59:00,true,9,13,716,2,1,
4278,101,Mailbox full,2026-03-20T09:24:00,2026-03-20T11:08:00,2026-03-22T05:24:00,2026-03-22T05:24:00,true,9,14,806,3,1,
6559,120,Password reset,2026-03-20T12:29:00,2026-03-20T12:46:00,2026-03-21T10:29:00,2026-03-21T10:29:00,true,9,16,861,2,2,
4263,101,Mailbox full,2026-03-20T13:00:00,2026-03-20T13:23:00,2026-03-22T12:00:00,2026-03-22T12:00:00,true,9,15,634,1,2,
6203,117,Backup job failed,2026-03-20T13:21:00,2026-03-20T14:58:00,2026-03-21T00:21:00,2026-03-21T00:21:00,true,9,11,521,2,2,
6062,115,Backup job failed,2026-03-20T14:06:00,2026-03-20T15:39:00,2026-03-22T08:06:00,2026-03-22T08:06:00,true,9,14,872,2,1,
5738,112,Mailbox full,2026-03-20T14:59:00,2026-03-20T15:38:00,2026-03-21T10:59:00,2026-03-21T10:59:00,true,9,12,530,2,1,
4275,101,Outlook not syncing,2026-03-21T05:09:00,2026-03-21T05:54:00,2026-03-21T20:09:00,2026-03-21T20:09:00,true,9,13,817,2,2,
5312,109,MFA reset,2026-03-23T08:02:00,2026-03-23T09:49:00,2026-03-24T02:02:00,2026-03-24T02:02:00,true,9,16,586,2,1,
5302,109,New starter setup,2026-03-23T08:13:00,2026-03-23T08:32:00,2026-03-23T14:13:00,2026-03-23T14:13:00,true,9,11,532,3,1,
5881,113,VPN connection dropping,2026-03-23T08:15:00,2026-03-23T09:48:00,2026-03-24T16:15:00,2026-03-24T16:15:00,true,9,11,808,1,1,
6447,119,New starter setup,2026-03-23T08:16:00,2026-03-23T08:52:00,2026-03-25T01:16:00,2026-03-25T01:16:00,true,9,11,650,1,2,
5305,109,Mailbox full,2026-03-23T08:18:00,2026-03-23T10:04:00,2026-03-24T03:18:00,2026-03-24T03:18:00,true,9,15,771,4,1,
4867,106,Mailbox full,2026-03-23T08:21:00,2026-03-23T08:44:00,2026-03-24T19:21:00,2026-03-24T19:21:00,true,9,12,537,2,2,
4540,103,VPN connection dropping,2026-03-23T08:50:00,2026-03-23T09:28:00,2026-03-24T03:50:00,2026-03-24T03:50:00,true,9,11,557,4,1,
6451,119,Firewall rule change,2026-03-23T09:56:00,2026-03-23T10:41:00,2026-03-24T09:56:00,2026-03-24T09:56:00,true,9,16,521,2,2,
4057,100,Mailbox full,2026-03-23T11:48:00,2026-03-23T13:02:00,2026-03-24T07:48:00,2026-03-24T07:48:00,true,9,14,850,4,2,
4058,100,Firewall rule change,2026-03-23T11:57:00,2026-03-23T12:26:00,2026-03-23T22:57:00,2026-03-23T22:57:00,true,9,12,627,2,1,
5313,109,Software install request,2026-03-23T12:15:00,2026-03-23T13:21:00,2026-03-24T06:15:00,2026-03-24T06:15:00,true,9,16,608,3,1,
6446,119,Server disk space,2026-03-23T12:32:00,2026-03-23T13:16:00,2026-03-24T20:32:00,2026-03-24T20:32:00,true,9,12,627,3,1,
6197,117,Teams audio issue,2026-03-23T13:04:00,2026-03-23T14:51:00,,,false,3,12,598,1,1,
5982,114,Laptop running slowly,2026-03-23T13:45:00,2026-03-23T14:42:00,2026-03-23T19:45:00,2026-03-23T19:45:00,true,9,12,570,3,2,
6346,118,Software install request,2026-03-23T13:48:00,2026-03-23T15:02:00,2026-03-24T10:48:00,2026-03-24T10:48:00,true,9,14,505,2,1,
6775,122,Firewall rule change,2026-03-23T13:56:00,,,,false,3,16,681,3,1,
6450,119,Mailbox full,2026-03-23T14:38:00,2026-03-23T15:20:00,2026-03-24T13:38:00,2026-03-24T13:38:00,true,9,13,657,3,1,
5877,113,Server disk space,2026-03-23T14:51:00,2026-03-23T15:16:00,2026-03-23T21:51:00,2026-03-23T21:51:00,true,9,12,516,2,1,
5456,110,Mailbox full,2026-03-23T15:29:00,2026-03-23T16:14:00,2026-03-24T11:29:00,2026-03-24T11:29:00,true,9,,672,1,1,
4530,103,Phone system fault,2026-03-23T15:34:00,2026-03-23T16:30:00,2026-03-24T05:34:00,2026-03-24T05:34:00,true,9,16,652,4,2,
4386,102,New starter setup,2026-03-23T15:47:00,2026-03-23T16:14:00,2026-03-24T01:47:00,2026-03-24T01:47:00,true,9,12,549,4,2,
6449,119,Outlook not syncing,2026-03-23T15:49:00,2026-03-23T16:02:00,2026-03-23T23:49:00,2026-03-23T23:49:00,true,9,13,654,2,1,
4715,105,Printer offline,2026-03-23T16:17:00,2026-03-23T17:51:00,2026-03-25T00:17:00,2026-03-25T00:17:00,true,9,16,570,3,2,
4384,102,Password reset,2026-03-23T23:54:00,2026-03-24T00:27:00,2026-03-24T10:54:00,2026-03-24T10:54:00,true,9,15,728,4,1,
4722,105,Laptop running slowly,2026-03-24T08:45:00,2026-03-24T09:26:00,2026-03-25T23:45:00,2026-03-25T23:45:00,true,9,14,500,3,1,
4862,106,Password reset,2026-03-24T09:47:00,2026-03-24T11:32:00,2026-03-25T00:47:00,2026-03-25T00:47:00,true,9,13,594,4,2,
4868,106,Backup job failed,2026-03-24T10:07:00,2026-03-24T10:58:00,2026-03-26T01:07:00,2026-03-26T01:07:00,true,9,13,585,4,1,
5310,109,Teams audio issue,2026-03-24T11:21:00,,,,false,2,12,798,4,1,
4056,100,New starter setup,2026-03-24T17:50:00,2026-03-24T19:18:00,2026-03-24T19:50:00,2026-03-24T19:50:00,true,9,11,667,3,2,
5010,107,Printer offline,2026-03-25T06:58:00,2026-03-25T08:09:00,,,false,1,11,701,1,2,
5888,113,Firewall rule change,2026-03-25T08:15:00,2026-03-25T09:32:00,2026-03-26T00:15:00,2026-03-26T00:15:00,true,9,15,832,4,1,
6350,118,Outlook not syncing,2026-03-25T08:36:00,2026-03-25T09:22:00,2026-03-26T15:36:00,2026-03-26T15:36:00,true,9,16,663,4,1,
6443,119,VPN connection dropping,2026-03-25T10:03:00,2026-03-25T10:28:00,2026-03-26T10:03:00,2026-03-26T10:03:00,true,9,15,522,2,1,
4724,105,Teams audio issue,2026-03-25T13:06:00,,,,false,2,11,769,4,1,
4273,101,Shared drive access,2026-03-25T13:56:00,2026-03-25T15:34:00,2026-03-27T10:56:00,2026-03-27T10:56:00,true,9,16,518,4,1,
4996,107,Teams audio issue,2026-03-25T14:32:00,2026-03-25T16:12:00,2026-03-27T07:32:00,2026-03-27T07:32:00,true,9,15,701,3,2,
6064,115,MFA reset,2026-03-25T14:57:00,2026-03-25T16:53:00,2026-03-25T16:57:00,2026-03-25T16:57:00,true,9,13,652,2,2,
6067,115,Printer offline,2026-03-25T16:30:00,2026-03-25T18:22:00,2026-03-27T03:30:00,2026-03-27T03:30:00,true,9,11,740,2,1,
4536,103,Software install request,2026-03-26T08:24:00,2026-03-26T10:24:00,2026-03-27T14:24:00,2026-03-27T14:24:00,true,9,16,553,3,2,
6351,118,Firewall rule change,2026-03-26T09:53:00,2026-03-26T10:49:00,2026-03-26T13:53:00,2026-03-26T13:53:00,true,9,15,819,1,2,
5980,114,Firewall rule change,2026-03-26T10:49:00,2026-03-26T12:45:00,2026-03-27T02:49:00,2026-03-27T02:49:00,true,9,16,797,1,1,
6204,117,Teams audio issue,2026-03-26T13:24:00,2026-03-26T14:29:00,2026-03-28T09:24:00,2026-03-28T09:24:00,true,9,16,501,2,1,
5735,112,New starter setup,2026-03-26T16:22:00,2026-03-26T18:02:00,2026-03-27T23:22:00,2026-03-27T23:22:00,true,9,12,866,3,1,
6838,123,Shared drive access,2026-03-27T09:24:00,2026-03-27T09:44:00,2026-03-27T13:24:00,2026-03-27T13:24:00,true,9,11,572,4,1,
5734,112,MFA reset,2026-03-27T10:40:00,2026-03-27T11:37:00,2026-03-28T10:40:00,2026-03-28T10:40:00,true,9,15,519,2,1,
6442,119,Mailbox full,2026-03-27T11:32:00,,,,false,1,15,851,1,1,
5598,111,Printer offline,2026-03-27T13:14:00,2026-03-27T13:37:00,2026-03-27T15:14:00,2026-03-27T15:14:00,true,9,12,588,1,1,
5743,112,VPN connection dropping,2026-03-27T13:41:00,2026-03-27T15:23:00,2026-03-28T20:41:00,2026-03-28T20:41:00,true,9,15,804,4,1,
5457,110,Shared drive access,2026-03-27T14:52:00,2026-03-27T16:11:00,2026-03-28T00:52:00,2026-03-28T00:52:00,true,9,,622,1,1,
6836,123,MFA reset,2026-03-27T15:01:00,2026-03-27T16:36:00,2026-03-28T08:01:00,2026-03-28T08:01:00,true,9,12,853,1,2,
6770,122,MFA reset,2026-03-27T15:27:00,2026-03-27T16:24:00,2026-03-28T17:27:00,2026-03-28T17:27:00,true,9,16,592,1,1,
6768,122,Software install request,2026-03-27T17:46:00,2026-03-27T18:48:00,2026-03-29T13:46:00,2026-03-29T13:46:00,true,9,12,784,4,2,
4071,100,Password reset,2026-03-30T09:04:00,2026-03-30T10:26:00,,,false,3,16,667,2,1,
5890,113,Backup job failed,2026-03-30T09:54:00,2026-03-30T10:39:00,2026-03-31T02:54:00,2026-03-31T02:54:00,true,9,16,672,4,1,
5474,110,Mailbox full,2026-03-30T10:04:00,2026-03-30T11:45:00,2026-03-30T14:04:00,2026-03-30T14:04:00,true,9,,851,1,2,
6780,122,VPN connection dropping,2026-03-30T10:13:00,,,,false,3,11,555,3,2,
6913,124,Phone system fault,2026-03-30T10:37:00,2026-03-30T12:22:00,,,false,3,13,740,4,2,
4738,105,Mailbox full,2026-03-30T11:07:00,2026-03-30T12:14:00,,,false,3,15,692,4,2,
4741,105,Backup job failed,2026-03-30T11:10:00,,,,false,1,16,572,4,1,
5995,114,Outlook not syncing,2026-03-30T11:39:00,2026-03-30T13:32:00,2026-03-31T12:39:00,2026-03-31T12:39:00,true,9,13,718,4,2,
4287,101,Laptop running slowly,2026-03-30T12:00:00,2026-03-30T13:52:00,2026-03-31T12:00:00,2026-03-31T12:00:00,true,9,16,702,4,2,
4871,106,New starter setup,2026-03-30T12:05:00,2026-03-30T13:51:00,2026-03-31T19:05:00,2026-03-31T19:05:00,true,9,12,625,4,1,
6209,117,VPN connection dropping,2026-03-30T12:13:00,2026-03-30T12:49:00,2026-03-31T03:13:00,2026-03-31T03:13:00,true,9,13,604,4,1,
4288,101,Backup job failed,2026-03-30T13:25:00,2026-03-30T14:41:00,,,false,1,11,628,2,2,
4870,106,Teams audio issue,2026-03-30T13:47:00,2026-03-30T14:45:00,2026-03-31T14:47:00,2026-03-31T14:47:00,true,9,16,856,1,1,
5749,112,Teams audio issue,2026-03-30T13:54:00,2026-03-30T14:54:00,2026-04-01T03:54:00,2026-04-01T03:54:00,true,9,16,817,2,2,
4395,102,VPN connection dropping,2026-03-30T14:18:00,2026-03-30T14:38:00,2026-03-31T17:18:00,2026-03-31T17:18:00,true,9,12,578,3,1,
6208,117,Backup job failed,2026-03-30T14:51:00,2026-03-30T15:52:00,2026-03-31T19:51:00,2026-03-31T19:51:00,true,9,12,715,4,1,
5323,109,New starter setup,2026-03-30T14:53:00,2026-03-30T16:17:00,2026-04-01T04:53:00,2026-04-01T04:53:00,true,9,16,808,3,2,
6843,123,Phone system fault,2026-03-30T15:12:00,2026-03-30T15:44:00,2026-03-30T22:12:00,2026-03-30T22:12:00,true,9,14,655,3,1,
6457,119,Laptop running slowly,2026-03-30T15:38:00,2026-03-30T15:58:00,2026-03-31T21:38:00,2026-03-31T21:38:00,true,9,16,724,1,1,
4742,105,Printer offline,2026-03-30T15:49:00,2026-03-30T17:43:00,2026-03-31T12:49:00,2026-03-31T12:49:00,true,9,11,794,1,2,
5753,112,Phone system fault,2026-03-30T16:32:00,2026-03-30T16:53:00,2026-03-31T11:32:00,2026-03-31T11:32:00,true,9,11,766,4,1,
5469,110,Server disk space,2026-03-30T16:40:00,2026-03-30T17:53:00,2026-04-01T06:40:00,2026-04-01T06:40:00,true,9,,876,3,1,
4737,105,Firewall rule change,2026-03-30T17:00:00,2026-03-30T18:36:00,2026-03-31T23:00:00,2026-03-31T23:00:00,true,9,13,815,2,1,
5893,113,Mailbox full,2026-03-30T17:41:00,2026-03-30T19:00:00,2026-04-01T04:41:00,2026-04-01T04:41:00,true,9,16,715,1,1,
4282,101,Shared drive access,2026-03-31T02:30:00,2026-03-31T04:00:00,2026-03-31T12:30:00,2026-03-31T12:30:00,true,9,15,551,3,1,
6776,122,Firewall rule change,2026-03-31T03:18:00,2026-03-31T04:26:00,2026-04-01T18:18:00,2026-04-01T18:18:00,true,9,14,775,1,1,
4729,105,Password reset,2026-03-31T08:49:00,,,,false,1,16,821,1,1,
5147,108,Outlook not syncing,2026-03-31T12:36:00,2026-03-31T14:29:00,2026-04-01T01:36:00,2026-04-01T01:36:00,true,9,14,861,4,2,
4292,101,Phone system fault,2026-03-31T13:30:00,2026-03-31T13:54:00,2026-04-02T10:30:00,2026-04-02T10:30:00,true,9,12,593,3,1,
6354,118,Mailbox full,2026-03-31T14:40:00,2026-03-31T15:47:00,2026-04-02T06:40:00,2026-04-02T06:40:00,true,9,11,537,2,1,
4730,105,Outlook not syncing,2026-03-31T15:16:00,,,,false,3,16,867,1,1,
4400,102,VPN connection dropping,2026-03-31T17:43:00,,,,false,2,11,573,2,1,
5150,108,Shared drive access,2026-04-01T10:51:00,2026-04-01T12:06:00,2026-04-03T04:51:00,2026-04-03T04:51:00,true,9,12,852,3,1,
5013,107,MFA reset,2026-04-01T11:11:00,2026-04-01T13:01:00,2026-04-02T01:11:00,2026-04-02T01:11:00,true,9,15,702,1,2,
5020,107,Laptop running slowly,2026-04-01T11:13:00,2026-04-01T11:51:00,2026-04-02T12:13:00,2026-04-02T12:13:00,true,9,14,701,4,1,
6076,115,Mailbox full,2026-04-01T11:26:00,2026-04-01T12:28:00,2026-04-02T08:26:00,2026-04-02T08:26:00,true,9,15,539,3,1,
6212,117,Shared drive access,2026-04-01T13:03:00,2026-04-01T13:59:00,2026-04-03T07:03:00,2026-04-03T07:03:00,true,9,11,714,3,2,
6074,115,Shared drive access,2026-04-01T13:24:00,2026-04-01T15:01:00,2026-04-02T07:24:00,2026-04-02T07:24:00,true,9,12,502,3,1,
5467,110,New starter setup,2026-04-01T16:08:00,2026-04-01T16:32:00,2026-04-01T22:08:00,2026-04-01T22:08:00,true,9,,859,3,1,
5754,112,Firewall rule change,2026-04-01T16:57:00,2026-04-01T18:25:00,2026-04-03T15:57:00,2026-04-03T15:57:00,true,9,14,691,3,2,
4736,105,Password reset,2026-04-01T19:32:00,2026-04-01T20:27:00,2026-04-03T03:32:00,2026-04-03T03:32:00,true,9,14,817,3,2,
6207,117,Printer offline,2026-04-02T12:43:00,2026-04-02T14:14:00,2026-04-03T04:43:00,2026-04-03T04:43:00,true,9,12,502,4,2,
5473,110,Software install request,2026-04-02T14:06:00,2026-04-02T15:30:00,,,false,1,,729,2,1,
5745,112,Mailbox full,2026-04-02T15:26:00,2026-04-02T17:21:00,2026-04-03T08:26:00,2026-04-03T08:26:00,true,9,13,713,3,1,
5992,114,Printer offline,2026-04-03T06:09:00,2026-04-03T06:24:00,2026-04-03T13:09:00,2026-04-03T13:09:00,true,9,11,542,3,2,
6454,119,Laptop running slowly,2026-04-03T11:56:00,2026-04-03T12:15:00,2026-04-04T22:56:00,2026-04-04T22:56:00,true,9,13,862,2,1,
5465,110,Laptop running slowly,2026-04-03T13:20:00,2026-04-03T13:40:00,2026-04-03T19:20:00,2026-04-03T19:20:00,true,9,,522,2,1,
6912,124,Firewall rule change,2026-04-03T13:32:00,2026-04-03T14:00:00,2026-04-04T05:32:00,2026-04-04T05:32:00,true,9,13,518,4,1,
5605,111,Firewall rule change,2026-04-03T13:38:00,2026-04-03T14:39:00,2026-04-03T22:38:00,2026-04-03T22:38:00,true,9,11,713,1,2,
4873,106,Software install request,2026-04-03T13:42:00,2026-04-03T15:06:00,2026-04-04T14:42:00,2026-04-04T14:42:00,true,9,11,854,2,2,
4732,105,MFA reset,2026-04-03T14:56:00,2026-04-03T16:12:00,2026-04-05T07:56:00,2026-04-05T07:56:00,true,9,15,867,1,1,
5606,111,Outlook not syncing,2026-04-03T17:18:00,2026-04-03T19:14:00,2026-04-04T01:18:00,2026-04-04T01:18:00,true,9,13,753,3,2,
4401,102,Shared drive access,2026-04-04T19:29:00,2026-04-04T20:08:00,2026-04-04T21:29:00,2026-04-04T21:29:00,true,9,11,782,3,1,
4293,101,MFA reset,2026-04-06T02:16:00,2026-04-06T04:03:00,2026-04-07T13:16:00,2026-04-07T13:16:00,true,9,14,621,3,1,
4285,101,Phone system fault,2026-04-06T08:20:00,2026-04-06T09:46:00,2026-04-07T01:20:00,2026-04-07T01:20:00,true,9,13,679,1,1,
6562,120,Phone system fault,2026-04-06T08:25:00,2026-04-06T09:38:00,2026-04-06T14:25:00,2026-04-06T14:25:00,true,9,16,728,2,2,
6356,118,Laptop running slowly,2026-04-06T09:42:00,2026-04-06T10:18:00,2026-04-06T18:42:00,2026-04-06T18:42:00,true,9,12,870,1,1,
6075,115,MFA reset,2026-04-06T11:22:00,2026-04-06T12:30:00,2026-04-08T10:22:00,2026-04-08T10:22:00,true,9,15,845,3,1,
5463,110,Printer offline,2026-04-06T12:21:00,2026-04-06T13:46:00,,,false,2,,706,3,1,
4743,105,Laptop running slowly,2026-04-06T12:25:00,,,,false,1,15,895,1,2,
5610,111,Printer offline,2026-04-06T12:36:00,2026-04-06T13:23:00,2026-04-06T20:36:00,2026-04-06T20:36:00,true,9,15,734,2,2,
4295,101,Teams audio issue,2026-04-06T12:49:00,2026-04-06T13:47:00,2026-04-07T23:49:00,2026-04-07T23:49:00,true,9,16,731,3,1,
6778,122,Phone system fault,2026-04-06T13:41:00,2026-04-06T15:20:00,2026-04-06T22:41:00,2026-04-06T22:41:00,true,9,15,734,2,2,
5604,111,Server disk space,2026-04-06T13:44:00,2026-04-06T14:46:00,2026-04-06T22:44:00,2026-04-06T22:44:00,true,9,14,621,3,1,
6455,119,Mailbox full,2026-04-06T14:09:00,2026-04-06T14:49:00,2026-04-06T22:09:00,2026-04-06T22:09:00,true,9,15,511,2,1,
6777,122,Phone system fault,2026-04-06T15:07:00,2026-04-06T16:40:00,2026-04-07T01:07:00,2026-04-07T01:07:00,true,9,13,574,4,1,
6844,123,MFA reset,2026-04-06T15:26:00,2026-04-06T16:16:00,2026-04-07T20:26:00,2026-04-07T20:26:00,true,9,14,850,2,1,
5316,109,Teams audio issue,2026-04-06T15:29:00,2026-04-06T16:34:00,2026-04-08T04:29:00,2026-04-08T04:29:00,true,9,16,747,4,1,
5896,113,Teams audio issue,2026-04-06T15:59:00,2026-04-06T16:34:00,2026-04-07T00:59:00,2026-04-07T00:59:00,true,9,16,563,1,2,
4731,105,Laptop running slowly,2026-04-06T16:47:00,,,,false,1,13,628,1,1,
5322,109,Shared drive access,2026-04-06T17:08:00,2026-04-06T18:05:00,2026-04-07T17:08:00,2026-04-07T17:08:00,true,9,11,524,4,2,
5017,107,Teams audio issue,2026-04-06T17:47:00,2026-04-06T18:16:00,2026-04-08T14:47:00,2026-04-08T14:47:00,true,9,12,702,2,1,
6456,119,Mailbox full,2026-04-06T17:49:00,,,,false,1,16,805,3,2,
6453,119,Software install request,2026-04-07T11:33:00,2026-04-07T11:58:00,2026-04-08T21:33:00,2026-04-08T21:33:00,true,9,14,601,3,1,
6359,118,MFA reset,2026-04-07T12:12:00,2026-04-07T12:56:00,2026-04-09T11:12:00,2026-04-09T11:12:00,true,9,15,664,1,1,
6565,120,Shared drive access,2026-04-07T14:19:00,2026-04-07T16:06:00,2026-04-09T11:19:00,2026-04-09T11:19:00,true,9,13,822,4,1,
5607,111,Phone system fault,2026-04-07T15:19:00,2026-04-07T17:08:00,2026-04-08T02:19:00,2026-04-08T02:19:00,true,9,14,707,3,1,
6781,122,Firewall rule change,2026-04-08T08:37:00,2026-04-08T09:33:00,2026-04-09T11:37:00,2026-04-09T11:37:00,true,9,11,804,3,1,
4551,103,Teams audio issue,2026-04-08T09:10:00,2026-04-08T10:14:00,2026-04-08T16:10:00,2026-04-08T16:10:00,true,9,14,525,3,1,
5320,109,Shared drive access,2026-04-08T09:10:00,2026-04-08T10:44:00,,,false,3,11,570,4,2,
5613,111,Server disk space,2026-04-08T10:42:00,2026-04-08T10:57:00,2026-04-08T16:42:00,2026-04-08T16:42:00,true,9,13,549,2,2,
4545,103,Shared drive access,2026-04-08T11:02:00,2026-04-08T11:47:00,2026-04-09T08:02:00,2026-04-09T08:02:00,true,9,11,548,4,1,
6357,118,New starter setup,2026-04-08T16:36:00,2026-04-08T17:43:00,2026-04-09T03:36:00,2026-04-09T03:36:00,true,9,13,517,1,2,
6842,123,Software install request,2026-04-08T17:01:00,2026-04-08T18:31:00,2026-04-08T22:01:00,2026-04-08T22:01:00,true,9,11,686,2,1,
6353,118,Firewall rule change,2026-04-08T17:24:00,2026-04-08T18:51:00,2026-04-09T11:24:00,2026-04-09T11:24:00,true,9,11,872,3,1,
4070,100,Shared drive access,2026-04-08T17:53:00,,,,false,3,15,515,1,2,
5148,108,Mailbox full,2026-04-08T21:23:00,2026-04-08T21:48:00,2026-04-10T08:23:00,2026-04-10T08:23:00,true,9,16,613,1,1,
4735,105,Firewall rule change,2026-04-09T08:12:00,2026-04-09T09:10:00,2026-04-10T23:12:00,2026-04-10T23:12:00,true,9,13,763,4,1,
5894,113,Laptop running slowly,2026-04-09T10:51:00,2026-04-09T11:59:00,2026-04-11T05:51:00,2026-04-11T05:51:00,true,9,13,784,4,1,
5996,114,MFA reset,2026-04-09T11:38:00,2026-04-09T12:15:00,2026-04-11T04:38:00,2026-04-11T04:38:00,true,9,15,566,3,1,
5471,110,Teams audio issue,2026-04-09T12:18:00,2026-04-09T13:23:00,2026-04-10T17:18:00,2026-04-10T17:18:00,true,9,,845,4,2,
6673,121,Teams audio issue,2026-04-09T12:54:00,2026-04-09T14:39:00,2026-04-10T21:54:00,2026-04-10T21:54:00,true,9,12,652,3,2,
6355,118,Software install request,2026-04-09T16:45:00,2026-04-09T18:13:00,2026-04-11T14:45:00,2026-04-11T14:45:00,true,9,11,881,1,1,
5608,111,Mailbox full,2026-04-09T17:46:00,2026-04-09T19:22:00,2026-04-10T05:46:00,2026-04-10T05:46:00,true,9,14,604,2,2,
5016,107,Teams audio issue,2026-04-10T03:00:00,2026-04-10T04:03:00,2026-04-11T23:00:00,2026-04-11T23:00:00,true,9,12,701,1,1,
5993,114,Teams audio issue,2026-04-10T08:25:00,2026-04-10T09:13:00,2026-04-10T21:25:00,2026-04-10T21:25:00,true,9,11,793,2,1,
5326,109,Laptop running slowly,2026-04-10T09:29:00,2026-04-10T10:54:00,2026-04-10T22:29:00,2026-04-10T22:29:00,true,9,12,615,2,1,
5746,112,VPN connection dropping,2026-04-10T11:37:00,2026-04-10T12:37:00,,,false,1,16,770,2,2,
6213,117,Outlook not syncing,2026-04-10T11:37:00,2026-04-10T12:34:00,2026-04-12T02:37:00,2026-04-12T02:37:00,true,9,12,637,4,1,
5470,110,New starter setup,2026-04-10T12:58:00,2026-04-10T13:52:00,2026-04-11T08:58:00,2026-04-11T08:58:00,true,9,,880,1,2,
6676,121,MFA reset,2026-04-10T13:01:00,2026-04-10T14:13:00,2026-04-11T13:01:00,2026-04-11T13:01:00,true,9,14,683,1,1,
4874,106,Software install request,2026-04-10T14:34:00,2026-04-10T16:16:00,2026-04-12T04:34:00,2026-04-12T04:34:00,true,9,13,662,3,1,
5611,111,Backup job failed,2026-04-10T14:35:00,2026-04-10T15:26:00,2026-04-10T21:35:00,2026-04-10T21:35:00,true,9,11,580,3,2,
4072,100,VPN connection dropping,2026-04-10T14:49:00,2026-04-10T16:08:00,2026-04-12T01:49:00,2026-04-12T01:49:00,true,9,15,756,2,1,
5750,112,VPN connection dropping,2026-04-10T15:32:00,2026-04-10T16:08:00,2026-04-11T04:32:00,2026-04-11T04:32:00,true,9,14,586,2,1,
5895,113,Password reset,2026-04-10T15:57:00,2026-04-10T17:21:00,2026-04-10T20:57:00,2026-04-10T20:57:00,true,9,15,500,4,1,
4283,101,Teams audio issue,2026-04-10T16:19:00,,,,false,3,15,761,3,1,
4877,106,Server disk space,2026-04-10T16:36:00,2026-04-10T17:15:00,2026-04-12T08:36:00,2026-04-12T08:36:00,true,9,13,806,1,1,
4299,101,Password reset,2026-04-10T17:22:00,2026-04-10T19:01:00,2026-04-11T02:22:00,2026-04-11T02:22:00,true,9,15,779,2,2,
5015,107,Phone system fault,2026-04-11T05:13:00,2026-04-11T05:41:00,2026-04-11T09:13:00,2026-04-11T09:13:00,true,9,15,701,3,2,
4065,100,MFA reset,2026-04-11T23:01:00,2026-04-11T23:56:00,2026-04-13T06:01:00,2026-04-13T06:01:00,true,9,12,888,4,2,
4294,101,Teams audio issue,2026-04-11T23:07:00,2026-04-12T00:06:00,2026-04-12T20:07:00,2026-04-12T20:07:00,true,9,13,626,3,1,
6070,115,Backup job failed,2026-04-12T19:21:00,2026-04-12T21:17:00,2026-04-13T08:21:00,2026-04-13T08:21:00,true,9,16,891,3,1,
5319,109,MFA reset,2026-04-13T08:09:00,2026-04-13T09:37:00,2026-04-14T16:09:00,2026-04-14T16:09:00,true,9,13,745,4,1,
5609,111,Firewall rule change,2026-04-13T08:21:00,2026-04-13T08:56:00,2026-04-13T19:21:00,2026-04-13T19:21:00,true,9,16,895,3,1,
4546,103,Backup job failed,2026-04-13T08:29:00,2026-04-13T08:44:00,2026-04-14T04:29:00,2026-04-14T04:29:00,true,9,16,611,1,1,
5468,110,VPN connection dropping,2026-04-13T08:32:00,,,,false,1,,524,2,2,
6073,115,Shared drive access,2026-04-13T08:50:00,2026-04-13T09:13:00,2026-04-13T22:50:00,2026-04-13T22:50:00,true,9,14,638,1,2,
4872,106,Server disk space,2026-04-13T09:07:00,2026-04-13T10:03:00,2026-04-13T22:07:00,2026-04-13T22:07:00,true,9,12,779,4,1,
4548,103,Password reset,2026-04-13T09:09:00,2026-04-13T09:42:00,2026-04-14T07:09:00,2026-04-14T07:09:00,true,9,15,853,2,1,
4290,101,Firewall rule change,2026-04-13T09:17:00,2026-04-13T10:55:00,2026-04-14T07:17:00,2026-04-14T07:17:00,true,9,14,832,2,2,
5144,108,Mailbox full,2026-04-13T10:16:00,2026-04-13T11:57:00,2026-04-13T17:16:00,2026-04-13T17:16:00,true,9,15,541,3,2,
5891,113,Server disk space,2026-04-13T11:27:00,2026-04-13T12:10:00,2026-04-15T05:27:00,2026-04-15T05:27:00,true,9,14,760,1,1,
6675,121,Laptop running slowly,2026-04-13T12:40:00,2026-04-13T13:11:00,2026-04-13T15:40:00,2026-04-13T15:40:00,true,9,13,809,4,2,
6210,117,New starter setup,2026-04-13T13:14:00,2026-04-13T14:51:00,2026-04-15T00:14:00,2026-04-15T00:14:00,true,9,14,900,1,2,
4403,102,New starter setup,2026-04-13T14:06:00,2026-04-13T14:22:00,2026-04-14T13:06:00,2026-04-14T13:06:00,true,9,12,849,2,1,
6214,117,New starter setup,2026-04-13T14:06:00,2026-04-13T14:54:00,2026-04-15T09:06:00,2026-04-15T09:06:00,true,9,11,630,4,2,
5989,114,Server disk space,2026-04-13T14:23:00,2026-04-13T15:41:00,2026-04-15T02:23:00,2026-04-15T02:23:00,true,9,12,775,3,1,
6915,124,Outlook not syncing,2026-04-13T14:28:00,2026-04-13T15:54:00,2026-04-15T01:28:00,2026-04-15T01:28:00,true,9,13,694,1,2,
5603,111,Phone system fault,2026-04-13T15:05:00,2026-04-13T16:49:00,2026-04-13T17:05:00,2026-04-13T17:05:00,true,9,16,753,1,1,
4875,106,Printer offline,2026-04-13T15:08:00,2026-04-13T16:08:00,2026-04-14T21:08:00,2026-04-14T21:08:00,true,9,13,824,3,2,
5019,107,Mailbox full,2026-04-13T15:46:00,2026-04-13T16:59:00,2026-04-13T23:46:00,2026-04-13T23:46:00,true,9,15,701,4,1,
4733,105,VPN connection dropping,2026-04-13T15:59:00,2026-04-13T16:57:00,2026-04-15T14:59:00,2026-04-15T14:59:00,true,9,11,796,4,1,
5472,110,New starter setup,2026-04-13T17:02:00,2026-04-13T17:38:00,2026-04-14T17:02:00,2026-04-14T17:02:00,true,9,,706,1,2,
5748,112,Software install request,2026-04-13T17:18:00,,,,false,3,16,597,3,1,
4544,103,Server disk space,2026-04-14T09:17:00,2026-04-14T10:01:00,2026-04-15T02:17:00,2026-04-15T02:17:00,true,9,14,637,3,2,
4297,101,Teams audio issue,2026-04-14T10:52:00,2026-04-14T11:54:00,2026-04-14T23:52:00,2026-04-14T23:52:00,true,9,11,655,2,1,
5747,112,VPN connection dropping,2026-04-14T10:56:00,2026-04-14T12:44:00,2026-04-15T18:56:00,2026-04-15T18:56:00,true,9,12,867,2,1,
5145,108,Server disk space,2026-04-14T11:11:00,2026-04-14T12:15:00,2026-04-16T11:11:00,2026-04-16T11:11:00,true,9,14,557,1,2,
4552,103,Mailbox full,2026-04-14T11:38:00,2026-04-14T12:59:00,2026-04-15T00:38:00,2026-04-15T00:38:00,true,9,14,579,4,2,
5317,109,New starter setup,2026-04-14T14:10:00,2026-04-14T14:54:00,2026-04-16T13:10:00,2026-04-16T13:10:00,true,9,14,752,1,2,
6218,117,Password reset,2026-04-14T16:12:00,2026-04-14T17:28:00,2026-04-15T17:12:00,2026-04-15T17:12:00,true,9,15,777,3,1,
6841,123,New starter setup,2026-04-14T16:51:00,2026-04-14T18:37:00,2026-04-15T06:51:00,2026-04-15T06:51:00,true,9,15,578,2,2,
5601,111,VPN connection dropping,2026-04-14T17:30:00,,,,false,3,16,523,1,2,
4066,100,Teams audio issue,2026-04-15T02:14:00,2026-04-15T02:45:00,2026-04-15T19:14:00,2026-04-15T19:14:00,true,9,14,844,3,2,
4397,102,Phone system fault,2026-04-15T08:40:00,2026-04-15T09:02:00,2026-04-16T20:40:00,2026-04-16T20:40:00,true,9,16,675,2,1,
5143,108,Password reset,2026-04-15T08:54:00,,,,false,2,11,764,2,1,
5021,107,Teams audio issue,2026-04-15T12:39:00,2026-04-15T12:59:00,2026-04-16T09:39:00,2026-04-16T09:39:00,true,9,16,701,1,2,
5466,110,Mailbox full,2026-04-15T14:33:00,2026-04-15T15:59:00,2026-04-16T07:33:00,2026-04-16T07:33:00,true,9,,621,2,2,
4392,102,Software install request,2026-04-15T15:05:00,2026-04-15T15:27:00,2026-04-16T15:05:00,2026-04-16T15:05:00,true,9,15,530,4,2,
5892,113,Phone system fault,2026-04-15T21:19:00,2026-04-15T23:12:00,2026-04-17T02:19:00,2026-04-17T02:19:00,true,9,14,867,3,1,
4298,101,Backup job failed,2026-04-16T09:11:00,2026-04-16T10:36:00,2026-04-17T11:11:00,2026-04-17T11:11:00,true,9,11,579,4,1,
5318,109,Software install request,2026-04-16T10:52:00,2026-04-16T11:41:00,2026-04-16T14:52:00,2026-04-16T14:52:00,true,9,16,788,4,2,
5018,107,Shared drive access,2026-04-16T14:25:00,2026-04-16T16:15:00,,,false,2,11,702,1,1,
5146,108,MFA reset,2026-04-16T15:20:00,2026-04-16T16:46:00,2026-04-17T07:20:00,2026-04-17T07:20:00,true,9,14,789,2,2,
4073,100,Laptop running slowly,2026-04-16T17:18:00,2026-04-16T17:34:00,2026-04-18T12:18:00,2026-04-18T12:18:00,true,9,11,531,1,2,
5889,113,VPN connection dropping,2026-04-16T17:31:00,2026-04-16T19:00:00,2026-04-18T13:31:00,2026-04-18T13:31:00,true,9,12,593,2,2,
4393,102,Software install request,2026-04-16T21:29:00,2026-04-16T21:58:00,2026-04-17T01:29:00,2026-04-17T01:29:00,true,9,12,833,4,1,
5324,109,VPN connection dropping,2026-04-17T08:13:00,2026-04-17T09:45:00,2026-04-17T10:13:00,2026-04-17T10:13:00,true,9,12,614,3,1,
5602,111,VPN connection dropping,2026-04-17T09:09:00,2026-04-17T09:38:00,2026-04-17T20:09:00,2026-04-17T20:09:00,true,9,16,547,3,2,
4399,102,Firewall rule change,2026-04-17T11:11:00,2026-04-17T11:47:00,2026-04-19T02:11:00,2026-04-19T02:11:00,true,9,14,556,4,2,
6352,118,Software install request,2026-04-17T13:14:00,2026-04-17T14:34:00,2026-04-18T07:14:00,2026-04-18T07:14:00,true,9,15,625,2,2,
6779,122,Laptop running slowly,2026-04-17T14:04:00,2026-04-17T14:31:00,2026-04-18T14:04:00,2026-04-18T14:04:00,true,9,16,659,4,2,
4739,105,Laptop running slowly,2026-04-20T08:03:00,2026-04-20T09:24:00,2026-04-20T12:03:00,2026-04-20T12:03:00,true,9,15,744,3,1,
5327,109,Software install request,2026-04-20T08:24:00,2026-04-20T09:13:00,2026-04-20T22:24:00,2026-04-20T22:24:00,true,9,13,655,1,2,
4547,103,Phone system fault,2026-04-20T08:43:00,2026-04-20T09:02:00,,,false,1,16,568,3,2,
5994,114,Server disk space,2026-04-20T10:05:00,2026-04-20T11:04:00,2026-04-20T18:05:00,2026-04-20T18:05:00,true,9,16,828,4,2,
5897,113,Server disk space,2026-04-20T10:10:00,2026-04-20T11:38:00,2026-04-22T06:10:00,2026-04-22T06:10:00,true,9,13,816,3,1,
4542,103,Server disk space,2026-04-20T10:19:00,,,,false,3,13,633,4,1,
5014,107,Server disk space,2026-04-20T10:21:00,,,,false,1,15,701,3,2,
5464,110,New starter setup,2026-04-20T10:23:00,2026-04-20T11:02:00,2026-04-20T20:23:00,2026-04-20T20:23:00,true,9,,605,3,1,
4402,102,New starter setup,2026-04-20T10:26:00,2026-04-20T10:56:00,2026-04-21T22:26:00,2026-04-21T22:26:00,true,9,15,868,1,1,
4068,100,MFA reset,2026-04-20T10:58:00,2026-04-20T12:39:00,2026-04-20T15:58:00,2026-04-20T15:58:00,true,9,11,863,2,2,
5321,109,Outlook not syncing,2026-04-20T11:08:00,2026-04-20T13:04:00,2026-04-22T07:08:00,2026-04-22T07:08:00,true,9,15,759,2,1,
6464,119,Laptop running slowly,2026-04-20T11:12:00,2026-04-20T11:22:00,2026-04-22T11:12:00,2026-04-22T11:12:00,true,9,16,767,3,2,
5755,112,VPN connection dropping,2026-04-20T11:34:00,2026-04-20T12:27:00,2026-04-21T08:34:00,2026-04-21T08:34:00,true,9,11,641,2,2,
5991,114,Teams audio issue,2026-04-20T11:49:00,2026-04-20T12:26:00,2026-04-21T15:49:00,2026-04-21T15:49:00,true,9,15,818,3,1,
6917,124,New starter setup,2026-04-20T12:15:00,2026-04-20T13:31:00,2026-04-21T15:15:00,2026-04-21T15:15:00,true,9,14,678,1,2,
4550,103,VPN connection dropping,2026-04-20T12:17:00,2026-04-20T13:19:00,2026-04-21T23:17:00,2026-04-21T23:17:00,true,9,13,579,1,2,
6911,124,Server disk space,2026-04-20T12:17:00,2026-04-20T13:02:00,2026-04-22T09:17:00,2026-04-22T09:17:00,true,9,11,790,4,1,
4291,101,Server disk space,2026-04-20T12:33:00,,,,false,1,14,857,4,2,
6463,119,Laptop running slowly,2026-04-20T13:04:00,2026-04-20T13:41:00,2026-04-21T20:04:00,2026-04-21T20:04:00,true,9,15,503,1,2,
4543,103,Software install request,2026-04-20T13:18:00,2026-04-20T15:14:00,2026-04-21T16:18:00,2026-04-21T16:18:00,true,9,14,859,2,1,
6217,117,Printer offline,2026-04-20T14:44:00,2026-04-20T15:17:00,2026-04-20T22:44:00,2026-04-20T22:44:00,true,9,16,788,1,2,
6914,124,VPN connection dropping,2026-04-20T15:27:00,2026-04-20T16:26:00,2026-04-21T12:27:00,2026-04-21T12:27:00,true,9,15,572,3,1,
5022,107,Password reset,2026-04-20T16:44:00,2026-04-20T18:04:00,2026-04-20T22:44:00,2026-04-20T22:44:00,true,9,16,701,4,2,
4064,100,Laptop running slowly,2026-04-20T17:26:00,2026-04-20T19:25:00,2026-04-22T07:26:00,2026-04-22T07:26:00,true,9,13,583,2,1,
6216,117,Teams audio issue,2026-04-20T17:57:00,2026-04-20T18:14:00,2026-04-22T03:57:00,2026-04-22T03:57:00,true,9,14,734,2,1,
6458,119,Laptop running slowly,2026-04-20T20:45:00,2026-04-20T21:04:00,2026-04-22T06:45:00,2026-04-22T06:45:00,true,9,11,885,1,1,
5990,114,Server disk space,2026-04-20T21:45:00,2026-04-20T23:07:00,2026-04-21T21:45:00,2026-04-21T21:45:00,true,9,13,700,3,1,
5612,111,MFA reset,2026-04-21T06:00:00,2026-04-21T07:45:00,2026-04-21T08:00:00,2026-04-21T08:00:00,true,9,13,769,4,1,
4744,105,Laptop running slowly,2026-04-21T08:00:00,,,,false,3,14,595,3,1,
6211,117,Password reset,2026-04-21T08:13:00,2026-04-21T10:00:00,2026-04-22T20:13:00,2026-04-22T20:13:00,true,9,14,603,1,2,
6563,120,Teams audio issue,2026-04-21T10:50:00,2026-04-21T12:39:00,2026-04-22T11:50:00,2026-04-22T11:50:00,true,9,15,659,4,2,
5744,112,New starter setup,2026-04-21T11:33:00,2026-04-21T12:21:00,2026-04-21T21:33:00,2026-04-21T21:33:00,true,9,16,807,2,1,
4067,100,Printer offline,2026-04-21T12:27:00,2026-04-21T13:03:00,2026-04-21T15:27:00,2026-04-21T15:27:00,true,9,16,513,3,2,
6916,124,Backup job failed,2026-04-21T13:45:00,2026-04-21T15:11:00,2026-04-22T18:45:00,2026-04-22T18:45:00,true,9,11,561,1,1,
5011,107,Backup job failed,2026-04-21T16:46:00,2026-04-21T18:08:00,2026-04-22T07:46:00,2026-04-22T07:46:00,true,9,16,701,2,1,
6358,118,Printer offline,2026-04-21T17:04:00,2026-04-21T17:56:00,2026-04-22T09:04:00,2026-04-22T09:04:00,true,9,15,684,1,1,
5988,114,Printer offline,2026-04-22T08:07:00,2026-04-22T09:02:00,2026-04-23T16:07:00,2026-04-23T16:07:00,true,9,12,749,4,1,
4281,101,Phone system fault,2026-04-22T08:52:00,2026-04-22T09:41:00,,,false,2,15,842,1,1,
5315,109,Password reset,2026-04-22T12:15:00,2026-04-22T13:18:00,2026-04-24T06:15:00,2026-04-24T06:15:00,true,9,12,821,1,1,
4396,102,MFA reset,2026-04-22T13:09:00,,,,false,1,16,713,1,1,
6674,121,MFA reset,2026-04-22T20:35:00,2026-04-22T20:53:00,2026-04-23T02:35:00,2026-04-23T02:35:00,true,9,15,745,4,1,
4740,105,Firewall rule change,2026-04-23T08:50:00,2026-04-23T10:34:00,2026-04-25T02:50:00,2026-04-25T02:50:00,true,9,12,567,1,2,
4286,101,Phone system fault,2026-04-23T10:01:00,2026-04-23T10:45:00,2026-04-23T21:01:00,2026-04-23T21:01:00,true,9,14,553,1,2,
6564,120,Software install request,2026-04-23T10:06:00,2026-04-23T10:59:00,2026-04-25T04:06:00,2026-04-25T04:06:00,true,9,12,541,3,1,
4069,100,Laptop running slowly,2026-04-23T11:47:00,2026-04-23T12:48:00,2026-04-24T21:47:00,2026-04-24T21:47:00,true,9,13,757,2,1,
5752,112,Mailbox full,2026-04-23T14:30:00,2026-04-23T14:46:00,2026-04-24T18:30:00,2026-04-24T18:30:00,true,9,13,807,3,2,
4398,102,Backup job failed,2026-04-23T15:44:00,,,,false,1,12,607,1,1,
5475,110,Outlook not syncing,2026-04-23T17:09:00,2026-04-23T18:01:00,,,false,1,,769,1,1,
6072,115,Phone system fault,2026-04-23T17:33:00,2026-04-23T18:11:00,2026-04-25T06:33:00,2026-04-25T06:33:00,true,9,12,532,4,2,
6206,117,Shared drive access,2026-04-24T02:23:00,2026-04-24T04:03:00,2026-04-25T17:23:00,2026-04-25T17:23:00,true,9,16,629,1,1,
6459,119,Shared drive access,2026-04-24T08:51:00,2026-04-24T09:22:00,2026-04-24T18:51:00,2026-04-24T18:51:00,true,9,12,782,3,2,
6461,119,Firewall rule change,2026-04-24T11:07:00,2026-04-24T11:38:00,2026-04-25T12:07:00,2026-04-25T12:07:00,true,9,13,590,3,2,
4284,101,Backup job failed,2026-04-24T11:50:00,,,,false,3,12,698,1,1,
4296,101,Teams audio issue,2026-04-24T12:02:00,2026-04-24T12:56:00,2026-04-25T06:02:00,2026-04-25T06:02:00,true,9,11,711,1,1,
6215,117,MFA reset,2026-04-24T14:55:00,2026-04-24T15:14:00,2026-04-26T03:55:00,2026-04-26T03:55:00,true,9,16,841,4,2,
4289,101,Password reset,2026-04-24T14:56:00,2026-04-24T16:17:00,2026-04-26T04:56:00,2026-04-26T04:56:00,true,9,16,740,1,2,
4876,106,Teams audio issue,2026-04-24T15:16:00,2026-04-24T17:08:00,2026-04-26T13:16:00,2026-04-26T13:16:00,true,9,12,504,2,2,
5328,109,Server disk space,2026-04-24T16:44:00,,,,false,1,11,862,4,1,
5149,108,Backup job failed,2026-04-24T17:52:00,2026-04-24T19:08:00,2026-04-24T23:52:00,2026-04-24T23:52:00,true,9,14,694,3,1,
6561,120,MFA reset,2026-04-27T08:13:00,2026-04-27T09:33:00,2026-04-27T14:13:00,2026-04-27T14:13:00,true,9,11,652,1,1,
6071,115,VPN connection dropping,2026-04-27T08:22:00,2026-04-27T09:55:00,2026-04-28T03:22:00,2026-04-28T03:22:00,true,9,15,853,3,2,
6569,120,Software install request,2026-04-27T08:47:00,2026-04-27T10:46:00,2026-04-27T12:47:00,2026-04-27T12:47:00,true,9,14,712,1,2,
5483,110,Server disk space,2026-04-27T08:53:00,2026-04-27T10:29:00,2026-04-28T21:53:00,2026-04-28T21:53:00,true,9,,598,2,1,
5462,110,Password reset,2026-04-27T09:23:00,2026-04-27T11:20:00,2026-04-27T23:23:00,2026-04-27T23:23:00,true,9,,659,3,2,
6462,119,Password reset,2026-04-27T09:36:00,2026-04-27T09:48:00,2026-04-27T13:36:00,2026-04-27T13:36:00,true,9,13,524,3,2,
6677,121,Outlook not syncing,2026-04-27T09:48:00,2026-04-27T10:26:00,2026-04-28T07:48:00,2026-04-28T07:48:00,true,9,16,628,4,2,
6847,123,Server disk space,2026-04-27T10:28:00,,,,false,3,16,724,3,1,
6460,119,Firewall rule change,2026-04-27T11:16:00,2026-04-27T12:01:00,2026-04-27T17:16:00,2026-04-27T17:16:00,true,9,13,661,1,2,
5481,110,Software install request,2026-04-27T11:27:00,2026-04-27T12:15:00,2026-04-27T16:27:00,2026-04-27T16:27:00,true,9,,534,2,1,
4754,105,Password reset,2026-04-27T12:27:00,2026-04-27T13:14:00,,,false,1,13,547,3,2,
4561,103,Teams audio issue,2026-04-27T12:36:00,2026-04-27T13:30:00,2026-04-28T02:36:00,2026-04-28T02:36:00,true,9,12,648,3,2,
4553,103,Outlook not syncing,2026-04-27T12:57:00,2026-04-27T14:30:00,2026-04-29T12:57:00,2026-04-29T12:57:00,true,9,12,659,3,2,
5325,109,Outlook not syncing,2026-04-27T13:15:00,2026-04-27T13:41:00,2026-04-29T13:15:00,2026-04-29T13:15:00,true,9,16,809,1,2,
5330,109,Mailbox full,2026-04-27T14:04:00,2026-04-27T14:49:00,2026-04-28T10:04:00,2026-04-28T10:04:00,true,9,16,547,2,2,
4394,102,MFA reset,2026-04-27T14:50:00,2026-04-27T15:07:00,2026-04-29T09:50:00,2026-04-29T09:50:00,true,9,14,770,4,1,
4734,105,Server disk space,2026-04-27T15:02:00,2026-04-27T15:18:00,2026-04-28T04:02:00,2026-04-28T04:02:00,true,9,13,820,2,2,
4301,101,Phone system fault,2026-04-27T15:32:00,2026-04-27T15:57:00,2026-04-29T12:32:00,2026-04-29T12:32:00,true,9,14,875,1,1,
6082,115,New starter setup,2026-04-27T15:36:00,2026-04-27T16:45:00,2026-04-28T01:36:00,2026-04-28T01:36:00,true,9,11,863,2,2,
5751,112,Backup job failed,2026-04-27T16:21:00,2026-04-27T17:59:00,2026-04-29T13:21:00,2026-04-29T13:21:00,true,9,13,861,3,2,
4549,103,New starter setup,2026-04-27T16:23:00,2026-04-27T18:00:00,2026-04-29T09:23:00,2026-04-29T09:23:00,true,9,14,835,4,1,
5329,109,Password reset,2026-04-27T16:30:00,,,,false,1,12,845,3,2,
5012,107,VPN connection dropping,2026-04-27T16:45:00,2026-04-27T18:44:00,2026-04-29T04:45:00,2026-04-29T04:45:00,true,9,15,701,4,1,
6069,115,MFA reset,2026-04-27T17:00:00,2026-04-27T17:19:00,2026-04-27T20:00:00,2026-04-27T20:00:00,true,9,13,817,2,1,
5142,108,Teams audio issue,2026-04-27T17:13:00,2026-04-27T19:11:00,2026-04-28T18:13:00,2026-04-28T18:13:00,true,9,14,767,1,1,
4560,103,Server disk space,2026-04-27T17:43:00,2026-04-27T18:47:00,2026-04-28T23:43:00,2026-04-28T23:43:00,true,9,13,528,3,2,
4755,105,Phone system fault,2026-04-27T17:55:00,,,,false,1,16,580,3,1,
4888,106,Firewall rule change,2026-04-27T23:20:00,2026-04-28T01:13:00,2026-04-28T10:20:00,2026-04-28T10:20:00,true,9,16,724,2,2,
4570,103,Printer offline,2026-04-27T23:51:00,2026-04-28T00:11:00,2026-04-29T08:51:00,2026-04-29T08:51:00,true,9,14,562,3,1,
5331,109,Mailbox full,2026-04-28T11:30:00,2026-04-28T12:10:00,2026-04-29T17:30:00,2026-04-29T17:30:00,true,9,15,522,1,1,
4074,100,Software install request,2026-04-28T12:31:00,2026-04-28T13:12:00,2026-04-30T12:31:00,2026-04-30T12:31:00,true,9,15,886,1,2,
5901,113,VPN connection dropping,2026-04-28T13:06:00,2026-04-28T14:49:00,2026-04-30T08:06:00,2026-04-30T08:06:00,true,9,16,883,4,1,
5154,108,VPN connection dropping,2026-04-28T14:09:00,2026-04-28T15:35:00,2026-04-29T14:09:00,2026-04-29T14:09:00,true,9,14,788,1,1,
4891,106,Password reset,2026-04-28T16:00:00,2026-04-28T16:51:00,2026-04-30T06:00:00,2026-04-30T06:00:00,true,9,13,683,3,1,
6690,121,Shared drive access,2026-04-28T16:16:00,2026-04-28T17:33:00,2026-04-29T16:16:00,2026-04-29T16:16:00,true,9,11,732,3,1,
5615,111,Backup job failed,2026-04-28T17:51:00,2026-04-28T18:43:00,2026-04-29T01:51:00,2026-04-29T01:51:00,true,9,14,595,3,1,
5902,113,Password reset,2026-04-29T08:34:00,2026-04-29T10:12:00,2026-04-29T16:34:00,2026-04-29T16:34:00,true,9,11,511,4,1,
4079,100,Mailbox full,2026-04-29T09:18:00,2026-04-29T10:37:00,2026-04-30T13:18:00,2026-04-30T13:18:00,true,9,13,766,3,1,
4078,100,Shared drive access,2026-04-29T10:16:00,2026-04-29T12:15:00,2026-04-30T14:16:00,2026-04-30T14:16:00,true,9,15,880,4,2,
5900,113,Shared drive access,2026-04-29T11:46:00,2026-04-29T12:43:00,2026-04-29T17:46:00,2026-04-29T17:46:00,true,9,12,521,3,1,
6845,123,Mailbox full,2026-04-29T14:12:00,2026-04-29T15:14:00,2026-05-01T05:12:00,2026-05-01T05:12:00,true,9,15,785,2,1,
6846,123,Mailbox full,2026-04-29T14:47:00,2026-04-29T15:41:00,2026-04-30T16:47:00,2026-04-30T16:47:00,true,9,16,703,1,1,
4887,106,Printer offline,2026-04-29T15:57:00,2026-04-29T17:06:00,2026-04-30T10:57:00,2026-04-30T10:57:00,true,9,12,599,3,1,
4879,106,VPN connection dropping,2026-04-29T17:59:00,2026-04-29T18:15:00,2026-04-30T20:59:00,2026-04-30T20:59:00,true,9,13,817,2,1,
4077,100,Password reset,2026-04-30T09:50:00,2026-04-30T11:31:00,2026-05-01T06:50:00,2026-05-01T06:50:00,true,9,15,563,4,1,
6468,119,Mailbox full,2026-04-30T11:18:00,2026-04-30T11:35:00,2026-05-01T12:18:00,2026-05-01T12:18:00,true,9,11,507,4,1,
4310,101,New starter setup,2026-04-30T15:12:00,2026-04-30T15:41:00,,,false,3,13,519,4,1,
5998,114,Laptop running slowly,2026-04-30T15:36:00,2026-04-30T17:11:00,2026-05-01T08:36:00,2026-05-01T08:36:00,true,9,11,835,1,2,
4081,100,Backup job failed,2026-04-30T16:18:00,2026-04-30T17:45:00,2026-05-02T16:18:00,2026-05-02T16:18:00,true,9,12,856,3,1,
4889,106,Server disk space,2026-04-30T17:53:00,2026-04-30T19:22:00,2026-05-01T21:53:00,2026-05-01T21:53:00,true,9,14,887,4,2,
5616,111,VPN connection dropping,2026-05-01T08:05:00,2026-05-01T09:03:00,2026-05-01T13:05:00,2026-05-01T13:05:00,true,9,13,580,3,1,
6365,118,Teams audio issue,2026-05-01T08:17:00,2026-05-01T10:15:00,2026-05-02T08:17:00,2026-05-02T08:17:00,true,9,15,500,1,1,
5618,111,Backup job failed,2026-05-01T10:40:00,2026-05-01T11:01:00,2026-05-01T15:40:00,2026-05-01T15:40:00,true,9,14,632,2,1,
6219,117,Firewall rule change,2026-05-01T10:56:00,2026-05-01T11:24:00,2026-05-03T05:56:00,2026-05-03T05:56:00,true,9,15,574,2,1,
5769,112,Shared drive access,2026-05-01T12:04:00,2026-05-01T13:37:00,2026-05-02T09:04:00,2026-05-02T09:04:00,true,9,16,837,4,2,
6784,122,Laptop running slowly,2026-05-01T12:20:00,2026-05-01T13:53:00,,,false,1,16,668,1,2,
4573,103,Software install request,2026-05-01T14:02:00,2026-05-01T15:40:00,2026-05-01T16:02:00,2026-05-01T16:02:00,true,9,12,708,3,1,
6467,119,New starter setup,2026-05-01T14:21:00,,,,false,1,13,801,4,1,
6691,121,Phone system fault,2026-05-01T15:49:00,2026-05-01T16:51:00,2026-05-01T23:49:00,2026-05-01T23:49:00,true,9,15,693,2,1,
4885,106,Password reset,2026-05-01T17:41:00,2026-05-01T19:37:00,2026-05-02T14:41:00,2026-05-02T14:41:00,true,9,15,674,3,2,
4568,103,Outlook not syncing,2026-05-01T22:19:00,2026-05-02T00:14:00,2026-05-03T05:19:00,2026-05-03T05:19:00,true,9,16,731,4,1,
4404,102,Server disk space,2026-05-02T19:42:00,2026-05-02T20:19:00,,,false,1,11,578,2,1,
4411,102,Software install request,2026-05-03T20:52:00,2026-05-03T21:03:00,2026-05-04T08:52:00,2026-05-04T08:52:00,true,9,12,691,4,1,
5766,112,Teams audio issue,2026-05-04T08:51:00,2026-05-04T09:53:00,,,false,2,16,584,3,1,
6364,118,Teams audio issue,2026-05-04T10:00:00,2026-05-04T11:55:00,2026-05-05T16:00:00,2026-05-05T16:00:00,true,9,11,551,1,1,
5764,112,VPN connection dropping,2026-05-04T10:04:00,2026-05-04T11:21:00,2026-05-06T05:04:00,2026-05-06T05:04:00,true,9,13,814,2,1,
6472,119,VPN connection dropping,2026-05-04T10:08:00,2026-05-04T10:44:00,2026-05-05T19:08:00,2026-05-05T19:08:00,true,9,11,647,3,1,
5486,110,Mailbox full,2026-05-04T10:19:00,2026-05-04T11:33:00,2026-05-04T23:19:00,2026-05-04T23:19:00,true,9,,684,2,1,
6474,119,Phone system fault,2026-05-04T10:43:00,2026-05-04T11:26:00,2026-05-05T14:43:00,2026-05-05T14:43:00,true,9,16,586,4,1,
5333,109,Outlook not syncing,2026-05-04T10:46:00,2026-05-04T11:13:00,2026-05-06T10:46:00,2026-05-06T10:46:00,true,9,15,699,3,1,
6571,120,Teams audio issue,2026-05-04T10:50:00,2026-05-04T11:46:00,2026-05-05T17:50:00,2026-05-05T17:50:00,true,9,16,528,1,1,
4566,103,Password reset,2026-05-04T10:56:00,,,,false,2,15,858,2,2,
5758,112,New starter setup,2026-05-04T11:21:00,2026-05-04T12:23:00,2026-05-06T04:21:00,2026-05-06T04:21:00,true,9,12,719,3,2,
5030,107,Mailbox full,2026-05-04T11:54:00,2026-05-04T12:20:00,2026-05-06T03:54:00,2026-05-06T03:54:00,true,9,13,701,2,1,
6785,122,Password reset,2026-05-04T12:33:00,2026-05-04T13:10:00,2026-05-06T06:33:00,2026-05-06T06:33:00,true,9,14,611,1,1,
5763,112,MFA reset,2026-05-04T13:12:00,2026-05-04T14:27:00,2026-05-04T19:12:00,2026-05-04T19:12:00,true,9,16,698,2,1,
6473,119,Teams audio issue,2026-05-04T13:20:00,2026-05-04T13:49:00,2026-05-05T20:20:00,2026-05-05T20:20:00,true,9,16,585,4,1,
6679,121,Firewall rule change,2026-05-04T13:39:00,2026-05-04T14:13:00,2026-05-06T13:39:00,2026-05-06T13:39:00,true,9,14,851,3,1,
4311,101,Outlook not syncing,2026-05-04T14:03:00,,,,false,1,13,715,2,1,
5338,109,Laptop running slowly,2026-05-04T14:09:00,2026-05-04T15:48:00,2026-05-06T10:09:00,2026-05-06T10:09:00,true,9,11,706,3,1,
5767,112,Firewall rule change,2026-05-04T14:59:00,2026-05-04T16:43:00,2026-05-04T16:59:00,2026-05-04T16:59:00,true,9,12,676,4,2,
5027,107,VPN connection dropping,2026-05-04T15:14:00,2026-05-04T15:54:00,2026-05-06T07:14:00,2026-05-06T07:14:00,true,9,15,702,3,1,
6000,114,Mailbox full,2026-05-04T15:18:00,2026-05-04T16:40:00,2026-05-05T14:18:00,2026-05-05T14:18:00,true,9,11,656,1,2,
4750,105,Outlook not syncing,2026-05-04T15:23:00,,,,false,3,14,838,3,1,
5621,111,Firewall rule change,2026-05-04T16:02:00,2026-05-04T16:50:00,2026-05-05T04:02:00,2026-05-05T04:02:00,true,9,12,759,3,1,
4407,102,Password reset,2026-05-04T16:09:00,2026-05-04T16:33:00,2026-05-06T16:09:00,2026-05-06T16:09:00,true,9,15,586,1,1,
4747,105,Shared drive access,2026-05-04T16:13:00,2026-05-04T17:53:00,2026-05-05T13:13:00,2026-05-05T13:13:00,true,9,15,741,4,1,
5153,108,Software install request,2026-05-04T16:16:00,2026-05-04T16:41:00,2026-05-05T17:16:00,2026-05-05T17:16:00,true,9,12,823,4,1,
4567,103,Printer offline,2026-05-04T16:33:00,,,,false,1,13,817,4,2,
4409,102,Printer offline,2026-05-04T16:45:00,2026-05-04T17:20:00,2026-05-06T13:45:00,2026-05-06T13:45:00,true,9,11,852,2,1,
4881,106,Teams audio issue,2026-05-04T16:47:00,2026-05-04T18:13:00,2026-05-05T05:47:00,2026-05-05T05:47:00,true,9,14,672,2,1,
5906,113,Phone system fault,2026-05-04T16:49:00,2026-05-04T18:01:00,2026-05-05T22:49:00,2026-05-05T22:49:00,true,9,13,836,4,1,
4302,101,Shared drive access,2026-05-04T17:23:00,2026-05-04T17:56:00,2026-05-05T08:23:00,2026-05-05T08:23:00,true,9,15,888,2,2,
6567,120,Teams audio issue,2026-05-04T17:38:00,2026-05-04T18:51:00,2026-05-06T16:38:00,2026-05-06T16:38:00,true,9,11,868,3,2,
5339,109,Password reset,2026-05-04T19:41:00,,,,false,1,14,818,3,1,
4406,102,Password reset,2026-05-04T20:05:00,2026-05-04T20:35:00,2026-05-06T06:05:00,2026-05-06T06:05:00,true,9,11,561,4,2,
4883,106,VPN connection dropping,2026-05-04T20:57:00,2026-05-04T22:07:00,2026-05-05T19:57:00,2026-05-05T19:57:00,true,9,13,645,2,1,
4412,102,VPN connection dropping,2026-05-05T10:18:00,2026-05-05T10:33:00,2026-05-06T10:18:00,2026-05-06T10:18:00,true,9,14,835,2,1,
5336,109,Shared drive access,2026-05-05T12:38:00,2026-05-05T12:53:00,2026-05-06T05:38:00,2026-05-06T05:38:00,true,9,13,577,2,1,
6078,115,Outlook not syncing,2026-05-05T13:48:00,2026-05-05T15:26:00,2026-05-06T20:48:00,2026-05-06T20:48:00,true,9,15,815,1,2,
4554,103,MFA reset,2026-05-05T14:00:00,2026-05-05T14:40:00,2026-05-05T19:00:00,2026-05-05T19:00:00,true,9,13,716,1,2,
6786,122,Mailbox full,2026-05-05T15:46:00,2026-05-05T16:45:00,2026-05-06T09:46:00,2026-05-06T09:46:00,true,9,11,771,1,1,
4075,100,New starter setup,2026-05-05T16:29:00,2026-05-05T17:28:00,2026-05-07T12:29:00,2026-05-07T12:29:00,true,9,15,694,2,1,
4757,105,Shared drive access,2026-05-05T17:34:00,,,,false,3,13,547,3,1,
5488,110,New starter setup,2026-05-06T08:10:00,2026-05-06T09:49:00,,,false,3,,530,3,2,
4890,106,Printer offline,2026-05-06T08:26:00,2026-05-06T10:15:00,2026-05-07T03:26:00,2026-05-07T03:26:00,true,9,16,531,4,1,
6077,115,Backup job failed,2026-05-06T10:16:00,2026-05-06T10:54:00,2026-05-07T08:16:00,2026-05-07T08:16:00,true,9,15,680,1,1,
4563,103,Software install request,2026-05-06T11:47:00,2026-05-06T12:37:00,2026-05-07T20:47:00,2026-05-07T20:47:00,true,9,14,786,4,1,
5997,114,Phone system fault,2026-05-06T11:59:00,2026-05-06T13:01:00,,,false,2,16,522,2,1,
6080,115,Phone system fault,2026-05-06T12:17:00,2026-05-06T13:45:00,2026-05-08T00:17:00,2026-05-08T00:17:00,true,9,15,898,4,2,
4893,106,Server disk space,2026-05-06T13:59:00,2026-05-06T15:47:00,2026-05-08T12:59:00,2026-05-08T12:59:00,true,9,11,585,2,2,
5614,111,VPN connection dropping,2026-05-06T15:33:00,2026-05-06T16:51:00,2026-05-07T01:33:00,2026-05-07T01:33:00,true,9,15,610,3,1,
5899,113,Laptop running slowly,2026-05-06T16:42:00,2026-05-06T17:07:00,2026-05-07T15:42:00,2026-05-07T15:42:00,true,9,15,650,3,1,
4313,101,Server disk space,2026-05-07T09:51:00,2026-05-07T11:32:00,2026-05-08T02:51:00,2026-05-08T02:51:00,true,9,11,839,2,1,
5907,113,VPN connection dropping,2026-05-07T09:56:00,2026-05-07T10:54:00,2026-05-08T08:56:00,2026-05-08T08:56:00,true,9,15,654,1,1,
6466,119,Firewall rule change,2026-05-07T11:40:00,2026-05-07T11:57:00,,,false,2,12,634,1,1,
5489,110,Mailbox full,2026-05-07T13:53:00,2026-05-07T15:19:00,2026-05-09T00:53:00,2026-05-09T00:53:00,true,9,,653,2,2,
5759,112,Phone system fault,2026-05-07T14:44:00,2026-05-07T15:04:00,2026-05-08T09:44:00,2026-05-08T09:44:00,true,9,13,626,4,1,
6469,119,Firewall rule change,2026-05-07T17:39:00,2026-05-07T18:00:00,2026-05-08T18:39:00,2026-05-08T18:39:00,true,9,11,876,4,1,
6921,124,Shared drive access,2026-05-08T09:39:00,2026-05-08T10:02:00,2026-05-10T02:39:00,2026-05-10T02:39:00,true,9,15,636,4,2,
4080,100,Printer offline,2026-05-08T10:08:00,2026-05-08T10:30:00,2026-05-08T20:08:00,2026-05-08T20:08:00,true,9,16,575,4,2,
4303,101,Backup job failed,2026-05-08T10:10:00,2026-05-08T11:13:00,2026-05-09T14:10:00,2026-05-09T14:10:00,true,9,15,786,2,1,
4892,106,VPN connection dropping,2026-05-08T14:22:00,2026-05-08T15:55:00,2026-05-08T18:22:00,2026-05-08T18:22:00,true,9,12,790,1,1,
6470,119,Software install request,2026-05-08T17:31:00,2026-05-08T17:46:00,2026-05-09T07:31:00,2026-05-09T07:31:00,true,9,16,511,3,2,
6680,121,Shared drive access,2026-05-08T23:02:00,2026-05-08T23:42:00,2026-05-10T19:02:00,2026-05-10T19:02:00,true,9,15,606,1,1,
5757,112,Software install request,2026-05-09T21:02:00,2026-05-09T22:00:00,2026-05-11T01:02:00,2026-05-11T01:02:00,true,9,13,564,1,2,
5898,113,MFA reset,2026-05-11T06:39:00,2026-05-11T07:12:00,2026-05-11T11:39:00,2026-05-11T11:39:00,true,9,13,603,1,2,
6787,122,Phone system fault,2026-05-11T08:02:00,2026-05-11T09:00:00,2026-05-12T10:02:00,2026-05-12T10:02:00,true,9,11,671,4,2,
6081,115,Software install request,2026-05-11T10:11:00,2026-05-11T10:47:00,2026-05-12T09:11:00,2026-05-12T09:11:00,true,9,13,634,1,1,
6682,121,VPN connection dropping,2026-05-11T10:48:00,2026-05-11T11:32:00,2026-05-12T19:48:00,2026-05-12T19:48:00,true,9,14,826,1,2,
5617,111,Software install request,2026-05-11T11:27:00,2026-05-11T12:15:00,2026-05-11T14:27:00,2026-05-11T14:27:00,true,9,14,878,2,1,
4559,103,Phone system fault,2026-05-11T12:39:00,2026-05-11T13:44:00,2026-05-13T08:39:00,2026-05-13T08:39:00,true,9,16,767,1,1,
5909,113,Backup job failed,2026-05-11T13:35:00,2026-05-11T13:51:00,2026-05-12T08:35:00,2026-05-12T08:35:00,true,9,14,695,4,1,
5480,110,Password reset,2026-05-11T13:53:00,2026-05-11T14:27:00,2026-05-12T10:53:00,2026-05-12T10:53:00,true,9,,874,3,1,
4878,106,Phone system fault,2026-05-11T13:58:00,2026-05-11T15:17:00,2026-05-12T21:58:00,2026-05-12T21:58:00,true,9,15,762,3,2,
6920,124,MFA reset,2026-05-11T14:48:00,2026-05-11T16:31:00,2026-05-12T03:48:00,2026-05-12T03:48:00,true,9,14,738,2,1,
5485,110,Laptop running slowly,2026-05-11T15:14:00,2026-05-11T16:44:00,2026-05-11T19:14:00,2026-05-11T19:14:00,true,9,,665,2,2,
6918,124,Firewall rule change,2026-05-11T15:14:00,2026-05-11T17:14:00,2026-05-12T02:14:00,2026-05-12T02:14:00,true,9,13,824,4,1,
4749,105,MFA reset,2026-05-11T15:28:00,2026-05-11T17:15:00,2026-05-12T00:28:00,2026-05-12T00:28:00,true,9,12,626,4,1,
5158,108,VPN connection dropping,2026-05-11T16:09:00,2026-05-11T17:59:00,2026-05-13T04:09:00,2026-05-13T04:09:00,true,9,15,812,4,1,
5157,108,Printer offline,2026-05-11T17:06:00,2026-05-11T17:38:00,2026-05-12T13:06:00,2026-05-12T13:06:00,true,9,12,698,1,1,
5484,110,New starter setup,2026-05-11T17:11:00,2026-05-11T18:27:00,2026-05-13T02:11:00,2026-05-13T02:11:00,true,9,,857,3,1,
5619,111,Teams audio issue,2026-05-11T17:32:00,2026-05-11T18:43:00,2026-05-12T03:32:00,2026-05-12T03:32:00,true,9,12,816,3,2,
4308,101,VPN connection dropping,2026-05-11T23:08:00,2026-05-11T23:36:00,2026-05-12T09:08:00,2026-05-12T09:08:00,true,9,14,646,1,1,
5025,107,Server disk space,2026-05-12T08:34:00,2026-05-12T08:50:00,2026-05-13T14:34:00,2026-05-13T14:34:00,true,9,12,701,3,1,
6360,118,Password reset,2026-05-12T09:05:00,2026-05-12T09:39:00,2026-05-14T00:05:00,2026-05-14T00:05:00,true,9,11,648,2,2,
6783,122,New starter setup,2026-05-12T13:21:00,2026-05-12T14:01:00,2026-05-13T14:21:00,2026-05-13T14:21:00,true,9,16,732,3,2,
6848,123,Printer offline,2026-05-12T13:58:00,2026-05-12T14:26:00,2026-05-13T19:58:00,2026-05-13T19:58:00,true,9,14,687,4,2,
5762,112,Outlook not syncing,2026-05-12T14:55:00,2026-05-12T15:40:00,2026-05-14T04:55:00,2026-05-14T04:55:00,true,9,11,743,2,2,
6683,121,Printer offline,2026-05-12T17:37:00,2026-05-12T18:33:00,,,false,3,14,731,1,2,
6692,121,Teams audio issue,2026-05-12T22:36:00,2026-05-13T00:27:00,2026-05-13T21:36:00,2026-05-13T21:36:00,true,9,13,752,3,1,
5479,110,Shared drive access,2026-05-13T08:00:00,2026-05-13T09:54:00,2026-05-14T17:00:00,2026-05-14T17:00:00,true,9,,738,4,2,
4557,103,Outlook not syncing,2026-05-13T08:21:00,2026-05-13T08:54:00,2026-05-14T05:21:00,2026-05-14T05:21:00,true,9,13,700,1,2,
5761,112,Backup job failed,2026-05-13T09:40:00,2026-05-13T10:45:00,2026-05-13T19:40:00,2026-05-13T19:40:00,true,9,16,885,1,1,
4076,100,Phone system fault,2026-05-13T12:49:00,2026-05-13T14:23:00,2026-05-15T10:49:00,2026-05-15T10:49:00,true,9,15,790,4,1,
6083,115,Shared drive access,2026-05-13T14:56:00,2026-05-13T15:44:00,2026-05-14T11:56:00,2026-05-14T11:56:00,true,9,13,784,2,1,
6566,120,Phone system fault,2026-05-13T15:16:00,2026-05-13T16:35:00,2026-05-14T23:16:00,2026-05-14T23:16:00,true,9,16,544,2,1,
4555,103,Backup job failed,2026-05-13T16:58:00,2026-05-13T18:00:00,,,false,1,14,809,2,2,
6223,117,Software install request,2026-05-13T17:53:00,2026-05-13T18:31:00,2026-05-15T06:53:00,2026-05-15T06:53:00,true,9,13,793,3,1,
4746,105,Software install request,2026-05-14T08:04:00,,,,false,2,13,900,2,2,
4571,103,Mailbox full,2026-05-14T11:20:00,2026-05-14T13:08:00,2026-05-14T19:20:00,2026-05-14T19:20:00,true,9,13,876,1,1,
5908,113,Mailbox full,2026-05-14T12:42:00,2026-05-14T14:41:00,2026-05-16T07:42:00,2026-05-16T07:42:00,true,9,12,865,1,2,
6002,114,Mailbox full,2026-05-14T13:37:00,2026-05-14T15:31:00,2026-05-15T23:37:00,2026-05-15T23:37:00,true,9,15,530,1,1,
4572,103,MFA reset,2026-05-14T15:05:00,2026-05-14T17:03:00,2026-05-15T12:05:00,2026-05-15T12:05:00,true,9,14,836,1,1,
5026,107,Mailbox full,2026-05-14T16:01:00,2026-05-14T17:08:00,2026-05-14T21:01:00,2026-05-14T21:01:00,true,9,15,701,4,1,
4408,102,New starter setup,2026-05-15T05:34:00,,,,false,3,16,772,1,1,
4880,106,Phone system fault,2026-05-15T08:06:00,2026-05-15T09:02:00,2026-05-15T12:06:00,2026-05-15T12:06:00,true,9,11,647,1,1,
4882,106,Teams audio issue,2026-05-15T10:50:00,2026-05-15T11:37:00,2026-05-16T08:50:00,2026-05-16T08:50:00,true,9,13,594,4,1,
4562,103,Phone system fault,2026-05-15T11:06:00,2026-05-15T11:53:00,2026-05-16T07:06:00,2026-05-16T07:06:00,true,9,16,547,1,1,
5029,107,Shared drive access,2026-05-15T12:28:00,2026-05-15T14:11:00,2026-05-16T21:28:00,2026-05-16T21:28:00,true,9,12,701,4,1,
4884,106,Mailbox full,2026-05-18T09:01:00,2026-05-18T09:42:00,2026-05-19T07:01:00,2026-05-19T07:01:00,true,9,14,544,3,1,
5482,110,Laptop running slowly,2026-05-18T09:16:00,2026-05-18T10:44:00,2026-05-20T01:16:00,2026-05-20T01:16:00,true,9,,840,2,1,
6570,120,New starter setup,2026-05-18T11:01:00,2026-05-18T11:46:00,2026-05-19T13:01:00,2026-05-19T13:01:00,true,9,15,658,1,1,
6922,124,Software install request,2026-05-18T11:02:00,2026-05-18T11:21:00,2026-05-19T04:02:00,2026-05-19T04:02:00,true,9,13,865,1,1,
6222,117,Laptop running slowly,2026-05-18T11:43:00,2026-05-18T13:23:00,2026-05-18T16:43:00,2026-05-18T16:43:00,true,9,13,579,3,1,
6686,121,New starter setup,2026-05-18T11:55:00,2026-05-18T13:37:00,2026-05-20T00:55:00,2026-05-20T00:55:00,true,9,16,748,4,1,
6788,122,Password reset,2026-05-18T12:07:00,2026-05-18T12:27:00,2026-05-19T02:07:00,2026-05-19T02:07:00,true,9,12,779,4,2,
5332,109,New starter setup,2026-05-18T12:44:00,2026-05-18T13:31:00,2026-05-18T17:44:00,2026-05-18T17:44:00,true,9,13,580,4,2,
6003,114,Outlook not syncing,2026-05-18T12:46:00,2026-05-18T13:18:00,2026-05-19T09:46:00,2026-05-19T09:46:00,true,9,16,872,1,2,
6689,121,VPN connection dropping,2026-05-18T13:18:00,2026-05-18T14:36:00,2026-05-19T23:18:00,2026-05-19T23:18:00,true,9,12,647,2,1,
5024,107,Server disk space,2026-05-18T14:04:00,2026-05-18T14:28:00,2026-05-20T10:04:00,2026-05-20T10:04:00,true,9,15,702,1,1,
6681,121,Firewall rule change,2026-05-18T14:31:00,2026-05-18T14:55:00,2026-05-19T05:31:00,2026-05-19T05:31:00,true,9,14,897,2,1,
4753,105,VPN connection dropping,2026-05-18T15:23:00,,,,false,2,12,692,4,1,
5905,113,Printer offline,2026-05-18T16:10:00,2026-05-18T16:56:00,2026-05-20T06:10:00,2026-05-20T06:10:00,true,9,14,874,4,1,
5155,108,Firewall rule change,2026-05-18T16:34:00,2026-05-18T16:54:00,2026-05-19T04:34:00,2026-05-19T04:34:00,true,9,13,676,1,1,
5335,109,Server disk space,2026-05-18T16:39:00,2026-05-18T17:47:00,2026-05-19T11:39:00,2026-05-19T11:39:00,true,9,11,562,3,1,
4886,106,Mailbox full,2026-05-18T16:45:00,2026-05-18T17:36:00,2026-05-19T01:45:00,2026-05-19T01:45:00,true,9,13,845,4,1,
6004,114,Outlook not syncing,2026-05-18T17:03:00,2026-05-18T19:01:00,2026-05-20T03:03:00,2026-05-20T03:03:00,true,9,15,680,4,1,
5337,109,Password reset,2026-05-19T08:47:00,2026-05-19T09:14:00,2026-05-19T13:47:00,2026-05-19T13:47:00,true,9,16,889,2,1,
6079,115,Outlook not syncing,2026-05-19T08:54:00,2026-05-19T10:17:00,2026-05-21T00:54:00,2026-05-21T00:54:00,true,9,13,749,2,1,
4745,105,Teams audio issue,2026-05-19T09:21:00,,,,false,3,13,778,2,1,
4569,103,Teams audio issue,2026-05-19T10:34:00,2026-05-19T12:23:00,2026-05-20T01:34:00,2026-05-20T01:34:00,true,9,15,748,2,2,
4309,101,Teams audio issue,2026-05-19T10:46:00,2026-05-19T11:11:00,2026-05-21T02:46:00,2026-05-21T02:46:00,true,9,12,823,2,2,
4300,101,VPN connection dropping,2026-05-19T11:24:00,2026-05-19T12:31:00,2026-05-19T20:24:00,2026-05-19T20:24:00,true,9,16,520,1,2,
5031,107,Mailbox full,2026-05-19T12:06:00,2026-05-19T13:26:00,2026-05-20T06:06:00,2026-05-20T06:06:00,true,9,15,701,3,2,
4305,101,Backup job failed,2026-05-19T15:45:00,2026-05-19T16:15:00,,,false,1,13,765,1,1,
4751,105,Server disk space,2026-05-19T16:43:00,2026-05-19T17:09:00,2026-05-21T15:43:00,2026-05-21T15:43:00,true,9,16,695,3,1,
5903,113,Shared drive access,2026-05-19T22:40:00,2026-05-20T00:26:00,2026-05-20T19:40:00,2026-05-20T19:40:00,true,9,16,584,4,1,
5487,110,New starter setup,2026-05-20T09:43:00,2026-05-20T10:20:00,,,false,2,,891,2,1,
4752,105,MFA reset,2026-05-20T09:52:00,2026-05-20T11:03:00,2026-05-20T12:52:00,2026-05-20T12:52:00,true,9,14,650,4,1,
4748,105,MFA reset,2026-05-20T11:35:00,,,,false,3,16,773,1,2,
4306,101,Phone system fault,2026-05-20T12:19:00,2026-05-20T12:43:00,2026-05-21T08:19:00,2026-05-21T08:19:00,true,9,11,596,1,2,
5028,107,Server disk space,2026-05-20T14:15:00,2026-05-20T15:20:00,2026-05-22T13:15:00,2026-05-22T13:15:00,true,9,12,701,2,2,
5476,110,Server disk space,2026-05-20T14:37:00,2026-05-20T15:44:00,2026-05-20T18:37:00,2026-05-20T18:37:00,true,9,,777,2,1,
5340,109,Firewall rule change,2026-05-20T15:03:00,2026-05-20T15:33:00,2026-05-20T20:03:00,2026-05-20T20:03:00,true,9,11,830,2,1,
5904,113,Outlook not syncing,2026-05-20T15:12:00,,,,false,2,12,648,2,2,
6005,114,Outlook not syncing,2026-05-20T15:31:00,2026-05-20T16:32:00,2026-05-21T09:31:00,2026-05-21T09:31:00,true,9,13,807,2,1,
6685,121,Mailbox full,2026-05-21T10:21:00,2026-05-21T12:11:00,,,false,2,12,802,1,2,
4756,105,MFA reset,2026-05-21T10:58:00,,,,false,1,14,768,1,1,
6687,121,Teams audio issue,2026-05-21T11:11:00,2026-05-21T13:08:00,2026-05-21T20:11:00,2026-05-21T20:11:00,true,9,16,543,1,2,
5477,110,Printer offline,2026-05-21T13:28:00,2026-05-21T15:18:00,2026-05-23T13:28:00,2026-05-23T13:28:00,true,9,,724,3,1,
6568,120,MFA reset,2026-05-21T16:57:00,2026-05-21T17:13:00,2026-05-23T07:57:00,2026-05-23T07:57:00,true,9,16,540,4,1,
6001,114,Firewall rule change,2026-05-21T16:58:00,2026-05-21T18:05:00,2026-05-22T14:58:00,2026-05-22T14:58:00,true,9,11,559,4,1,
6782,122,Printer offline,2026-05-21T22:03:00,2026-05-21T23:16:00,2026-05-23T05:03:00,2026-05-23T05:03:00,true,9,13,501,1,1,
5152,108,Teams audio issue,2026-05-22T11:49:00,2026-05-22T13:15:00,2026-05-22T23:49:00,2026-05-22T23:49:00,true,9,14,861,3,1,
4314,101,MFA reset,2026-05-22T13:32:00,2026-05-22T14:41:00,2026-05-23T06:32:00,2026-05-23T06:32:00,true,9,12,548,1,2,
4564,103,Teams audio issue,2026-05-22T16:58:00,2026-05-22T17:45:00,2026-05-22T22:58:00,2026-05-22T22:58:00,true,9,13,721,3,1,
6224,117,Backup job failed,2026-05-22T17:04:00,2026-05-22T18:35:00,2026-05-23T21:04:00,2026-05-23T21:04:00,true,9,12,762,3,2,
5023,107,Printer offline,2026-05-24T20:23:00,2026-05-24T20:56:00,2026-05-24T22:23:00,2026-05-24T22:23:00,true,9,12,701,1,1,
5624,111,Password reset,2026-05-25T06:51:00,2026-05-25T07:36:00,2026-05-25T12:51:00,2026-05-25T12:51:00,true,9,16,568,4,2,
5623,111,Outlook not syncing,2026-05-25T08:00:00,2026-05-25T08:43:00,2026-05-25T14:00:00,2026-05-25T14:00:00,true,9,12,699,1,1,
5334,109,Laptop running slowly,2026-05-25T11:37:00,2026-05-25T12:12:00,2026-05-26T18:37:00,2026-05-26T18:37:00,true,9,15,546,1,2,
4410,102,New starter setup,2026-05-25T11:52:00,2026-05-25T12:19:00,2026-05-25T22:52:00,2026-05-25T22:52:00,true,9,12,778,2,2,
5620,111,New starter setup,2026-05-25T12:13:00,2026-05-25T13:56:00,2026-05-25T22:13:00,2026-05-25T22:13:00,true,9,13,763,4,1,
6688,121,Phone system fault,2026-05-25T12:40:00,2026-05-25T13:57:00,2026-05-27T08:40:00,2026-05-27T08:40:00,true,9,15,675,2,1,
5999,114,Outlook not syncing,2026-05-25T12:43:00,2026-05-25T13:43:00,2026-05-27T06:43:00,2026-05-27T06:43:00,true,9,13,536,4,2,
5478,110,Firewall rule change,2026-05-25T12:48:00,2026-05-25T14:29:00,2026-05-26T19:48:00,2026-05-26T19:48:00,true,9,,751,1,2,
6220,117,Software install request,2026-05-25T13:03:00,2026-05-25T14:49:00,2026-05-25T20:03:00,2026-05-25T20:03:00,true,9,12,815,3,2,
6684,121,MFA reset,2026-05-25T14:22:00,2026-05-25T14:49:00,2026-05-26T12:22:00,2026-05-26T12:22:00,true,9,11,638,2,1,
4558,103,Server disk space,2026-05-25T14:54:00,2026-05-25T16:38:00,2026-05-26T12:54:00,2026-05-26T12:54:00,true,9,13,870,4,1,
6919,124,Outlook not syncing,2026-05-25T14:59:00,,,,false,2,15,625,3,1,
5760,112,Printer offline,2026-05-25T15:01:00,2026-05-25T16:33:00,2026-05-27T07:01:00,2026-05-27T07:01:00,true,9,15,622,3,1,
4556,103,New starter setup,2026-05-25T15:34:00,2026-05-25T17:06:00,2026-05-26T07:34:00,2026-05-26T07:34:00,true,9,12,818,2,2,
6361,118,Password reset,2026-05-25T15:38:00,2026-05-25T16:37:00,2026-05-26T15:38:00,2026-05-26T15:38:00,true,9,15,826,1,1,
5768,112,Password reset,2026-05-25T15:52:00,2026-05-25T17:45:00,2026-05-27T03:52:00,2026-05-27T03:52:00,true,9,11,814,1,1,
5765,112,Laptop running slowly,2026-05-25T16:11:00,2026-05-25T17:56:00,2026-05-27T09:11:00,2026-05-27T09:11:00,true,9,15,889,2,2,
6471,119,New starter setup,2026-05-25T16:11:00,2026-05-25T16:27:00,2026-05-27T14:11:00,2026-05-27T14:11:00,true,9,13,640,4,1,
6366,118,Printer offline,2026-05-25T16:13:00,2026-05-25T17:02:00,,,false,1,14,849,4,1,
4307,101,Mailbox full,2026-05-25T16:49:00,2026-05-25T18:25:00,,,false,1,12,785,1,2,
4565,103,Server disk space,2026-05-25T17:00:00,2026-05-25T17:21:00,2026-05-27T01:00:00,2026-05-27T01:00:00,true,9,12,772,4,2,
5151,108,Password reset,2026-05-25T17:06:00,2026-05-25T18:52:00,2026-05-25T19:06:00,2026-05-25T19:06:00,true,9,11,523,1,2,
6465,119,Shared drive access,2026-05-25T17:19:00,2026-05-25T17:54:00,2026-05-27T09:19:00,2026-05-27T09:19:00,true,9,16,734,3,2,
5756,112,Firewall rule change,2026-05-25T17:38:00,2026-05-25T18:18:00,2026-05-26T00:38:00,2026-05-26T00:38:00,true,9,15,890,3,2,
4304,101,MFA reset,2026-05-25T17:44:00,2026-05-25T19:16:00,2026-05-26T13:44:00,2026-05-26T13:44:00,true,9,14,860,2,1,
6789,122,Teams audio issue,2026-05-25T22:40:00,2026-05-26T00:00:00,2026-05-26T21:40:00,2026-05-26T21:40:00,true,9,13,648,4,1,
6221,117,Teams audio issue,2026-05-25T22:47:00,2026-05-25T23:57:00,2026-05-26T11:47:00,2026-05-26T11:47:00,true,9,16,886,1,1,
5622,111,Firewall rule change,2026-05-26T09:10:00,2026-05-26T09:56:00,2026-05-26T20:10:00,2026-05-26T20:10:00,true,9,11,855,3,1,
5156,108,Firewall rule change,2026-05-26T11:39:00,2026-05-26T13:37:00,2026-05-26T22:39:00,2026-05-26T22:39:00,true,9,11,687,4,2,
6362,118,VPN connection dropping,2026-05-26T11:45:00,2026-05-26T13:18:00,2026-05-27T05:45:00,2026-05-27T05:45:00,true,9,11,882,4,1,
6363,118,Server disk space,2026-05-26T12:18:00,2026-05-26T12:49:00,2026-05-26T14:18:00,2026-05-26T14:18:00,true,9,12,630,4,1,
6678,121,New starter setup,2026-05-26T15:22:00,2026-05-26T16:27:00,2026-05-27T07:22:00,2026-05-27T07:22:00,true,9,11,819,4,1,
6084,115,Server disk space,2026-05-26T17:22:00,2026-05-26T19:05:00,2026-05-28T15:22:00,2026-05-28T15:22:00,true,9,11,683,3,1,
4312,101,Backup job failed,2026-05-26T17:30:00,2026-05-26T19:11:00,2026-05-28T13:30:00,2026-05-28T13:30:00,true,9,14,712,2,2,
4405,102,Server disk space,2026-05-26T17:58:00,2026-05-26T18:38:00,,,false,2,16,544,2,1,
4416,102,Firewall rule change,2026-05-27T03:41:00,2026-05-27T07:41:00,2026-05-27T11:41:00,2026-05-27T11:41:00,true,9,12,688,4,1,
5038,107,Firewall rule change,2026-05-27T10:30:00,2026-05-27T12:03:00,,,false,3,11,701,3,2,
5165,108,Software install request,2026-05-27T14:19:00,2026-05-27T14:59:00,2026-05-29T05:19:00,2026-05-29T05:19:00,true,9,14,882,2,1,
4760,105,Laptop running slowly,2026-05-27T15:33:00,,,,false,3,11,664,2,1,
4088,100,Backup job failed,2026-05-27T16:21:00,2026-05-27T16:46:00,2026-05-29T12:21:00,2026-05-29T12:21:00,true,9,12,608,1,2,
5033,107,Software install request,2026-05-27T17:14:00,2026-05-27T18:01:00,2026-05-28T23:14:00,2026-05-28T23:14:00,true,9,14,701,4,1,
4316,101,Teams audio issue,2026-05-27T17:48:00,,,,false,2,12,522,2,1,
6702,121,Software install request,2026-05-28T02:16:00,2026-05-28T02:35:00,2026-05-29T07:16:00,2026-05-29T07:16:00,true,9,16,648,3,1,
6232,117,Firewall rule change,2026-05-28T03:20:00,2026-05-28T05:13:00,2026-05-29T10:20:00,2026-05-29T10:20:00,true,9,14,610,4,1,
5775,112,Shared drive access,2026-05-28T05:37:00,2026-05-28T06:34:00,2026-05-29T23:37:00,2026-05-29T23:37:00,true,9,16,880,1,2,
4761,105,Printer offline,2026-05-28T08:02:00,,,,false,2,11,886,2,1,
6700,121,Printer offline,2026-05-28T11:58:00,2026-05-28T13:00:00,2026-05-29T15:58:00,2026-05-29T15:58:00,true,9,14,669,3,1,
5032,107,Backup job failed,2026-05-28T14:27:00,2026-05-28T16:26:00,2026-05-29T19:27:00,2026-05-29T19:27:00,true,9,15,701,3,2,
5351,109,Outlook not syncing,2026-05-28T14:41:00,2026-05-28T15:58:00,2026-05-28T22:41:00,2026-05-28T22:41:00,true,9,14,796,3,1,
4420,102,Printer offline,2026-05-28T17:20:00,2026-05-29T00:22:00,2026-05-29T08:20:00,2026-05-29T08:20:00,true,9,14,838,4,1,
6575,120,Mailbox full,2026-05-29T08:52:00,2026-05-29T09:40:00,2026-05-31T05:52:00,2026-05-31T05:52:00,true,9,16,520,4,2,
6011,114,Password reset,2026-05-29T09:05:00,2026-05-29T10:36:00,2026-05-29T16:05:00,2026-05-29T16:05:00,true,9,13,560,3,2,
5041,107,VPN connection dropping,2026-05-29T09:57:00,2026-05-29T10:28:00,2026-05-29T19:57:00,2026-05-29T19:57:00,true,9,15,701,4,1,
5492,110,Mailbox full,2026-05-29T11:09:00,,,,false,1,,653,3,2,
6012,114,Software install request,2026-05-29T13:02:00,2026-05-29T14:32:00,2026-05-31T09:02:00,2026-05-31T09:02:00,true,9,11,668,2,1,
5625,111,VPN connection dropping,2026-05-29T14:06:00,2026-05-29T14:45:00,2026-06-01T10:06:00,2026-06-01T10:06:00,true,9,14,801,2,1,
6478,119,Server disk space,2026-05-29T16:27:00,2026-05-29T21:29:00,2026-05-31T13:27:00,2026-05-31T13:27:00,true,9,16,549,2,1,
5043,107,Phone system fault,2026-05-29T17:05:00,2026-05-29T18:17:00,2026-05-31T17:05:00,2026-05-31T17:05:00,true,9,11,702,3,1,
4903,106,Outlook not syncing,2026-05-30T05:20:00,2026-05-30T07:09:00,2026-06-01T04:20:00,2026-06-01T04:20:00,true,9,14,705,4,2,
6006,114,Phone system fault,2026-05-30T21:28:00,2026-05-30T23:02:00,2026-05-31T08:28:00,2026-05-31T08:28:00,true,9,13,514,4,1,
5919,113,Outlook not syncing,2026-05-30T21:58:00,2026-05-30T22:48:00,2026-06-01T17:58:00,2026-06-01T17:58:00,true,9,15,847,1,2,
4089,100,MFA reset,2026-06-01T02:52:00,2026-06-01T04:15:00,2026-06-01T22:52:00,2026-06-01T22:52:00,true,9,12,624,3,2,
5911,113,Mailbox full,2026-06-01T08:01:00,2026-06-01T09:10:00,2026-06-03T05:01:00,2026-06-03T05:01:00,true,9,14,891,4,1,
4084,100,VPN connection dropping,2026-06-01T08:16:00,2026-06-01T08:37:00,2026-06-01T22:16:00,2026-06-01T22:16:00,true,9,16,587,3,1,
5917,113,Mailbox full,2026-06-01T08:35:00,,,,false,1,12,728,3,2,
4094,100,MFA reset,2026-06-01T08:47:00,2026-06-01T10:03:00,2026-06-02T18:47:00,2026-06-02T18:47:00,true,9,16,797,3,2,
6240,117,Mailbox full,2026-06-01T08:51:00,2026-06-01T09:46:00,2026-06-02T22:51:00,2026-06-02T22:51:00,true,9,13,647,1,1,
5045,107,Outlook not syncing,2026-06-01T09:03:00,2026-06-01T09:43:00,2026-06-02T16:03:00,2026-06-02T16:03:00,true,9,13,701,2,2,
6479,119,Password reset,2026-06-01T09:33:00,2026-06-01T16:19:00,2026-06-01T22:33:00,2026-06-01T22:33:00,true,9,15,792,3,1,
5164,108,Server disk space,2026-06-01T10:09:00,2026-06-01T11:22:00,2026-06-03T02:09:00,2026-06-03T02:09:00,true,9,11,752,2,1,
4758,105,Backup job failed,2026-06-01T11:33:00,2026-06-01T13:17:00,2026-06-02T03:33:00,2026-06-02T03:33:00,true,9,15,557,4,1,
5497,110,Mailbox full,2026-06-01T12:07:00,2026-06-01T13:12:00,2026-06-01T23:07:00,2026-06-01T23:07:00,true,9,,544,2,2,
6234,117,Password reset,2026-06-01T13:00:00,2026-06-01T14:41:00,2026-06-02T06:00:00,2026-06-02T06:00:00,true,9,16,611,1,1,
6251,117,VPN connection dropping,2026-06-01T13:42:00,2026-06-01T14:56:00,2026-06-03T00:42:00,2026-06-03T00:42:00,true,9,12,759,1,2,
5358,109,Shared drive access,2026-06-01T13:53:00,2026-06-01T14:52:00,2026-06-02T02:53:00,2026-06-02T02:53:00,true,9,15,659,1,2,
5046,107,Firewall rule change,2026-06-01T14:19:00,2026-06-01T15:47:00,2026-06-01T22:19:00,2026-06-01T22:19:00,true,9,16,701,4,1,
6246,117,Server disk space,2026-06-01T14:45:00,2026-06-01T15:20:00,2026-06-02T23:45:00,2026-06-02T23:45:00,true,9,12,615,2,1,
5350,109,Printer offline,2026-06-01T14:46:00,2026-06-01T15:05:00,2026-06-03T07:46:00,2026-06-03T07:46:00,true,9,13,669,4,1,
6925,124,Backup job failed,2026-06-01T14:56:00,2026-06-01T16:05:00,2026-06-03T03:56:00,2026-06-03T03:56:00,true,9,16,705,1,2,
6923,124,Backup job failed,2026-06-01T15:00:00,2026-06-01T15:22:00,2026-06-02T21:00:00,2026-06-02T21:00:00,true,9,15,838,4,1,
4100,100,Mailbox full,2026-06-01T15:19:00,2026-06-01T16:20:00,2026-06-01T23:19:00,2026-06-01T23:19:00,true,9,13,534,2,1,
5039,107,Password reset,2026-06-01T16:40:00,2026-06-01T18:21:00,2026-06-03T10:40:00,2026-06-03T10:40:00,true,9,14,701,2,1,
5918,113,Laptop running slowly,2026-06-01T16:41:00,,,,false,2,15,871,4,1,
5047,107,Shared drive access,2026-06-01T17:22:00,2026-06-01T18:10:00,2026-06-02T12:22:00,2026-06-02T12:22:00,true,9,15,701,4,2,
5632,111,Printer offline,2026-06-01T17:34:00,,,,false,3,11,728,1,1,
4103,100,Outlook not syncing,2026-06-02T06:33:00,2026-06-02T07:34:00,2026-06-02T15:33:00,2026-06-02T15:33:00,true,9,16,692,2,1,
6228,117,Firewall rule change,2026-06-02T11:01:00,2026-06-02T11:34:00,2026-06-03T13:01:00,2026-06-03T13:01:00,true,9,14,628,3,1,
6241,117,MFA reset,2026-06-02T12:33:00,2026-06-02T14:28:00,2026-06-04T07:33:00,2026-06-04T07:33:00,true,9,12,580,2,1,
6231,117,Password reset,2026-06-02T13:38:00,2026-06-02T14:23:00,2026-06-02T17:38:00,2026-06-02T17:38:00,true,9,11,603,4,1,
6253,117,Backup job failed,2026-06-02T14:48:00,2026-06-02T15:08:00,2026-06-03T06:48:00,2026-06-03T06:48:00,true,9,14,638,3,2,
4586,103,Backup job failed,2026-06-02T16:41:00,2026-06-02T17:12:00,2026-06-03T11:41:00,2026-06-03T11:41:00,true,9,13,887,1,1,
4896,106,Software install request,2026-06-02T16:42:00,2026-06-02T18:00:00,2026-06-04T15:42:00,2026-06-04T15:42:00,true,9,16,694,2,1,
5498,110,Phone system fault,2026-06-02T17:48:00,2026-06-02T19:41:00,2026-06-03T06:48:00,2026-06-03T06:48:00,true,9,,540,2,1,
4905,106,Password reset,2026-06-02T21:13:00,2026-06-02T23:05:00,2026-06-04T02:13:00,2026-06-04T02:13:00,true,9,12,607,1,1,
6486,119,Password reset,2026-06-03T05:10:00,2026-06-03T09:25:00,2026-06-04T11:10:00,2026-06-04T11:10:00,true,9,11,688,2,1,
5354,109,Software install request,2026-06-03T10:44:00,2026-06-03T12:39:00,2026-06-03T15:44:00,2026-06-03T15:44:00,true,9,12,514,4,2,
6698,121,Firewall rule change,2026-06-03T10:46:00,,,,false,3,15,822,2,1,
6089,115,Phone system fault,2026-06-03T10:58:00,2026-06-03T12:39:00,2026-06-04T16:58:00,2026-06-04T16:58:00,true,9,15,837,3,2,
6791,122,Printer offline,2026-06-03T12:23:00,2026-06-03T13:26:00,2026-06-04T15:23:00,2026-06-04T15:23:00,true,9,12,728,1,1,
5912,113,Mailbox full,2026-06-03T13:06:00,2026-06-03T13:28:00,2026-06-04T22:06:00,2026-06-04T22:06:00,true,9,14,884,1,1,
5042,107,Software install request,2026-06-03T13:14:00,2026-06-03T13:46:00,2026-06-03T18:14:00,2026-06-03T18:14:00,true,9,16,701,3,1,
4096,100,Printer offline,2026-06-03T14:18:00,2026-06-03T16:08:00,2026-06-04T20:18:00,2026-06-04T20:18:00,true,9,14,790,1,2,
4587,103,Backup job failed,2026-06-03T16:38:00,2026-06-03T18:23:00,2026-06-04T09:38:00,2026-06-04T09:38:00,true,9,12,757,4,1,
6484,119,Password reset,2026-06-03T23:54:00,,,,false,1,11,544,2,1,
6481,119,Firewall rule change,2026-06-04T08:02:00,2026-06-04T13:42:00,2026-06-05T15:02:00,2026-06-05T15:02:00,true,9,16,576,4,1,
4414,102,Software install request,2026-06-04T08:21:00,2026-06-04T17:15:00,2026-06-04T22:21:00,2026-06-04T22:21:00,true,9,15,727,1,2,
5353,109,MFA reset,2026-06-04T08:57:00,2026-06-04T10:05:00,2026-06-06T00:57:00,2026-06-06T00:57:00,true,9,14,643,3,1,
6482,119,Software install request,2026-06-04T09:33:00,2026-06-04T13:58:00,2026-06-05T06:33:00,2026-06-05T06:33:00,true,9,14,515,3,1,
5159,108,New starter setup,2026-06-04T10:49:00,2026-06-04T11:36:00,2026-06-06T06:49:00,2026-06-06T06:49:00,true,9,12,876,4,1,
5499,110,Teams audio issue,2026-06-04T12:49:00,,,,false,2,,860,4,2,
6485,119,Laptop running slowly,2026-06-04T13:26:00,2026-06-04T22:33:00,,,false,1,15,900,1,2,
5923,113,Software install request,2026-06-04T15:38:00,,,,false,3,14,574,2,1,
6013,114,Outlook not syncing,2026-06-04T16:10:00,2026-06-04T16:47:00,2026-06-06T15:10:00,2026-06-06T15:10:00,true,9,14,884,4,2,
6574,120,Laptop running slowly,2026-06-04T16:38:00,2026-06-04T17:22:00,2026-06-06T04:38:00,2026-06-06T04:38:00,true,9,12,631,2,1,
5920,113,Firewall rule change,2026-06-04T19:57:00,2026-06-04T21:45:00,2026-06-06T19:57:00,2026-06-06T19:57:00,true,9,16,720,4,1,
6927,124,Server disk space,2026-06-05T11:22:00,2026-06-05T11:37:00,2026-06-05T16:22:00,2026-06-05T16:22:00,true,9,12,715,3,2,
6233,117,New starter setup,2026-06-05T14:14:00,2026-06-05T14:48:00,2026-06-06T03:14:00,2026-06-06T03:14:00,true,9,12,645,2,2,
6229,117,Teams audio issue,2026-06-05T14:28:00,2026-06-05T15:05:00,2026-06-06T07:28:00,2026-06-06T07:28:00,true,9,14,662,4,1,
4580,103,Printer offline,2026-06-05T16:55:00,2026-06-05T18:10:00,2026-06-06T07:55:00,2026-06-06T07:55:00,true,9,13,763,2,1,
6851,123,Server disk space,2026-06-05T17:41:00,2026-06-05T18:06:00,2026-06-07T07:41:00,2026-06-07T07:41:00,true,9,16,836,3,2,
4901,106,Teams audio issue,2026-06-05T21:02:00,2026-06-05T22:27:00,2026-06-07T03:02:00,2026-06-07T03:02:00,true,9,16,772,4,2,
4895,106,Firewall rule change,2026-06-06T02:22:00,2026-06-06T03:10:00,2026-06-06T13:22:00,2026-06-06T13:22:00,true,9,14,679,1,2,
5626,111,VPN connection dropping,2026-06-07T06:28:00,2026-06-07T08:23:00,2026-06-15T03:28:00,2026-06-15T03:28:00,true,9,13,897,3,1,
4894,106,Mailbox full,2026-06-07T22:35:00,2026-06-07T23:59:00,2026-06-08T22:35:00,2026-06-08T22:35:00,true,9,14,530,3,2,
4762,105,Laptop running slowly,2026-06-08T08:12:00,,,,false,2,15,843,4,2,
4582,103,Shared drive access,2026-06-08T09:20:00,2026-06-08T10:53:00,2026-06-08T19:20:00,2026-06-08T19:20:00,true,9,11,543,1,1,
6573,120,Server disk space,2026-06-08T09:23:00,2026-06-08T11:07:00,2026-06-09T18:23:00,2026-06-09T18:23:00,true,9,13,724,1,1,
6577,120,MFA reset,2026-06-08T09:52:00,2026-06-08T11:14:00,2026-06-09T03:52:00,2026-06-09T03:52:00,true,9,16,546,3,1,
6852,123,Backup job failed,2026-06-08T10:06:00,2026-06-08T11:23:00,2026-06-09T06:06:00,2026-06-09T06:06:00,true,9,11,636,1,1,
5630,111,Software install request,2026-06-08T10:12:00,2026-06-08T11:06:00,2026-06-14T08:12:00,2026-06-14T08:12:00,true,9,15,896,4,1,
5628,111,Laptop running slowly,2026-06-08T11:38:00,2026-06-08T13:09:00,2026-06-13T05:38:00,2026-06-13T05:38:00,true,9,11,720,4,1,
4765,105,Firewall rule change,2026-06-08T12:04:00,,,,false,2,11,768,2,2,
6230,117,Password reset,2026-06-08T12:06:00,2026-06-08T12:58:00,2026-06-10T05:06:00,2026-06-10T05:06:00,true,9,12,705,2,1,
5162,108,Mailbox full,2026-06-08T12:42:00,2026-06-08T14:15:00,2026-06-10T09:42:00,2026-06-10T09:42:00,true,9,11,565,3,2,
6247,117,Software install request,2026-06-08T13:12:00,2026-06-08T15:06:00,2026-06-10T04:12:00,2026-06-10T04:12:00,true,9,14,862,4,1,
6476,119,Outlook not syncing,2026-06-08T13:28:00,,,,false,3,15,591,1,1,
4764,105,Firewall rule change,2026-06-08T14:13:00,,,,false,1,11,577,2,1,
6248,117,New starter setup,2026-06-08T14:39:00,2026-06-08T15:20:00,2026-06-09T05:39:00,2026-06-09T05:39:00,true,9,11,661,4,2,
5773,112,Printer offline,2026-06-08T15:14:00,2026-06-08T15:36:00,2026-06-10T08:14:00,2026-06-10T08:14:00,true,9,13,623,1,2,
4102,100,Backup job failed,2026-06-08T16:00:00,2026-06-08T16:24:00,2026-06-09T21:00:00,2026-06-09T21:00:00,true,9,16,792,2,1,
6483,119,Backup job failed,2026-06-08T16:04:00,2026-06-09T00:03:00,2026-06-09T01:04:00,2026-06-09T01:04:00,true,9,15,702,2,2,
6252,117,Shared drive access,2026-06-08T22:07:00,2026-06-08T22:59:00,2026-06-09T22:07:00,2026-06-09T22:07:00,true,9,16,799,1,1,
5035,107,Shared drive access,2026-06-09T08:32:00,2026-06-09T09:48:00,2026-06-10T04:32:00,2026-06-10T04:32:00,true,9,16,701,1,2,
6243,117,VPN connection dropping,2026-06-09T09:18:00,2026-06-09T09:45:00,2026-06-10T00:18:00,2026-06-10T00:18:00,true,9,16,811,1,1,
4101,100,Password reset,2026-06-09T11:20:00,2026-06-09T12:36:00,2026-06-09T15:20:00,2026-06-09T15:20:00,true,9,16,640,3,2,
5774,112,Server disk space,2026-06-09T12:19:00,2026-06-09T13:13:00,2026-06-11T12:19:00,2026-06-11T12:19:00,true,9,13,655,3,2,
4574,103,MFA reset,2026-06-09T12:36:00,2026-06-09T13:34:00,2026-06-09T23:36:00,2026-06-09T23:36:00,true,9,16,704,3,1,
5496,110,Software install request,2026-06-09T15:44:00,,,,false,2,,597,2,2,
5776,112,Backup job failed,2026-06-09T17:24:00,2026-06-09T18:40:00,2026-06-09T22:24:00,2026-06-09T22:24:00,true,9,15,513,2,1,
5344,109,MFA reset,2026-06-09T17:39:00,2026-06-09T18:32:00,2026-06-09T20:39:00,2026-06-09T20:39:00,true,9,11,615,2,2,
6087,115,Backup job failed,2026-06-09T17:44:00,2026-06-09T18:56:00,2026-06-10T05:44:00,2026-06-10T05:44:00,true,9,11,706,4,1,
6086,115,Laptop running slowly,2026-06-10T08:00:00,2026-06-10T09:36:00,,,false,2,11,553,4,2,
4087,100,VPN connection dropping,2026-06-10T08:28:00,2026-06-10T10:12:00,2026-06-11T11:28:00,2026-06-11T11:28:00,true,9,16,598,1,1,
5343,109,Software install request,2026-06-10T09:40:00,2026-06-10T10:14:00,2026-06-10T18:40:00,2026-06-10T18:40:00,true,9,13,588,4,2,
6239,117,Laptop running slowly,2026-06-10T10:06:00,2026-06-10T12:02:00,2026-06-12T02:06:00,2026-06-12T02:06:00,true,9,12,874,1,1,
5495,110,Outlook not syncing,2026-06-10T10:44:00,2026-06-10T12:16:00,2026-06-12T01:44:00,2026-06-12T01:44:00,true,9,,898,2,2,
6790,122,Phone system fault,2026-06-10T11:45:00,2026-06-10T13:42:00,2026-06-10T17:45:00,2026-06-10T17:45:00,true,9,14,892,1,1,
6477,119,Backup job failed,2026-06-10T12:03:00,2026-06-10T19:41:00,2026-06-10T19:03:00,2026-06-10T19:03:00,true,9,16,509,4,2,
6576,120,Laptop running slowly,2026-06-10T13:31:00,2026-06-10T13:55:00,2026-06-11T15:31:00,2026-06-11T15:31:00,true,9,12,526,3,1,
5044,107,Password reset,2026-06-10T14:28:00,2026-06-10T14:47:00,2026-06-11T13:28:00,2026-06-11T13:28:00,true,9,14,702,1,1,
4083,100,New starter setup,2026-06-10T16:27:00,2026-06-10T17:56:00,2026-06-12T05:27:00,2026-06-12T05:27:00,true,9,11,644,1,2,
6372,118,Teams audio issue,2026-06-10T23:07:00,2026-06-10T23:45:00,,,false,1,11,750,2,1,
5493,110,Outlook not syncing,2026-06-11T13:25:00,,,,false,2,,723,1,1,
4588,103,Firewall rule change,2026-06-11T14:08:00,2026-06-11T16:06:00,2026-06-12T04:08:00,2026-06-12T04:08:00,true,9,14,732,4,1,
4422,102,MFA reset,2026-06-11T16:13:00,2026-06-11T23:22:00,2026-06-13T02:13:00,2026-06-13T02:13:00,true,9,12,880,4,1,
4897,106,New starter setup,2026-06-11T23:23:00,2026-06-12T01:06:00,2026-06-13T06:23:00,2026-06-13T06:23:00,true,9,15,760,4,1,
4097,100,New starter setup,2026-06-12T02:00:00,2026-06-12T02:32:00,2026-06-13T09:00:00,2026-06-13T09:00:00,true,9,14,568,4,1,
6085,115,Printer offline,2026-06-12T08:37:00,2026-06-12T10:32:00,2026-06-13T19:37:00,2026-06-13T19:37:00,true,9,11,540,1,1,
5349,109,New starter setup,2026-06-12T08:54:00,2026-06-12T09:57:00,2026-06-13T15:54:00,2026-06-13T15:54:00,true,9,12,773,3,2,
6088,115,MFA reset,2026-06-12T09:29:00,2026-06-12T10:02:00,2026-06-14T06:29:00,2026-06-14T06:29:00,true,9,14,812,3,1,
4575,103,MFA reset,2026-06-12T09:58:00,2026-06-12T10:50:00,2026-06-14T06:58:00,2026-06-14T06:58:00,true,9,15,548,2,1,
6578,120,Shared drive access,2026-06-12T13:22:00,2026-06-12T14:15:00,2026-06-13T01:22:00,2026-06-13T01:22:00,true,9,15,826,2,1,
5037,107,New starter setup,2026-06-12T14:53:00,2026-06-12T16:02:00,2026-06-13T08:53:00,2026-06-13T08:53:00,true,9,11,701,3,1,
4585,103,Password reset,2026-06-12T16:18:00,2026-06-12T17:49:00,2026-06-14T06:18:00,2026-06-14T06:18:00,true,9,15,836,2,2,
5357,109,Shared drive access,2026-06-12T16:27:00,2026-06-12T18:13:00,2026-06-14T00:27:00,2026-06-14T00:27:00,true,9,15,840,2,1,
6849,123,Teams audio issue,2026-06-13T03:12:00,2026-06-13T03:40:00,2026-06-14T09:12:00,2026-06-14T09:12:00,true,9,16,592,3,2,
6928,124,VPN connection dropping,2026-06-13T23:47:00,2026-06-14T00:32:00,2026-06-14T11:47:00,2026-06-14T11:47:00,true,9,13,850,2,2,
5160,108,Mailbox full,2026-06-14T05:18:00,2026-06-14T06:36:00,2026-06-15T02:18:00,2026-06-15T02:18:00,true,9,15,881,4,2,
5166,108,Printer offline,2026-06-15T08:24:00,2026-06-15T09:24:00,2026-06-15T18:24:00,2026-06-15T18:24:00,true,9,12,727,1,2,
4418,102,Mailbox full,2026-06-15T08:58:00,2026-06-15T17:58:00,2026-06-15T14:58:00,2026-06-15T14:58:00,true,9,16,789,3,2,
5034,107,Teams audio issue,2026-06-15T09:14:00,2026-06-15T10:53:00,2026-06-16T08:14:00,2026-06-16T08:14:00,true,9,14,702,3,1,
6226,117,Password reset,2026-06-15T09:28:00,2026-06-15T11:25:00,2026-06-15T12:28:00,2026-06-15T12:28:00,true,9,12,725,2,1,
4099,100,Laptop running slowly,2026-06-15T11:09:00,2026-06-15T13:04:00,2026-06-15T18:09:00,2026-06-15T18:09:00,true,9,16,715,2,1,
5770,112,Teams audio issue,2026-06-15T12:46:00,2026-06-15T13:07:00,2026-06-15T15:46:00,2026-06-15T15:46:00,true,9,15,871,2,1,
5910,113,Firewall rule change,2026-06-15T12:55:00,2026-06-15T13:50:00,2026-06-16T09:55:00,2026-06-16T09:55:00,true,9,14,843,4,1,
6572,120,New starter setup,2026-06-15T13:21:00,2026-06-15T14:53:00,2026-06-16T03:21:00,2026-06-16T03:21:00,true,9,11,882,2,1,
4415,102,Laptop running slowly,2026-06-15T13:46:00,2026-06-15T18:16:00,2026-06-17T09:46:00,2026-06-17T09:46:00,true,9,11,753,2,1,
4421,102,Printer offline,2026-06-15T13:53:00,2026-06-15T21:20:00,2026-06-16T03:53:00,2026-06-16T03:53:00,true,9,13,576,2,2,
4581,103,Backup job failed,2026-06-15T14:49:00,2026-06-15T15:05:00,2026-06-17T10:49:00,2026-06-17T10:49:00,true,9,11,784,3,2,
6695,121,Printer offline,2026-06-15T14:54:00,2026-06-15T16:27:00,2026-06-17T08:54:00,2026-06-17T08:54:00,true,9,16,549,4,1,
5500,110,Software install request,2026-06-15T15:01:00,2026-06-15T17:01:00,2026-06-17T05:01:00,2026-06-17T05:01:00,true,9,,585,3,1,
5913,113,Printer offline,2026-06-15T15:12:00,2026-06-15T15:51:00,2026-06-16T08:12:00,2026-06-16T08:12:00,true,9,16,596,3,2,
5347,109,Laptop running slowly,2026-06-15T15:14:00,,,,false,2,13,755,3,1,
5494,110,Password reset,2026-06-15T15:54:00,2026-06-15T17:06:00,2026-06-16T21:54:00,2026-06-16T21:54:00,true,9,,563,3,1,
6370,118,MFA reset,2026-06-15T16:26:00,,,,false,3,12,523,2,1,
5163,108,Software install request,2026-06-15T17:06:00,2026-06-15T18:08:00,2026-06-16T19:06:00,2026-06-16T19:06:00,true,9,14,890,3,1,
4419,102,Mailbox full,2026-06-15T17:20:00,2026-06-16T03:06:00,2026-06-16T03:20:00,2026-06-16T03:20:00,true,9,11,735,3,1,
4589,103,Teams audio issue,2026-06-15T17:42:00,2026-06-15T19:18:00,2026-06-16T01:42:00,2026-06-16T01:42:00,true,9,11,864,2,1,
6924,124,Phone system fault,2026-06-15T21:42:00,2026-06-15T23:31:00,2026-06-16T15:42:00,2026-06-16T15:42:00,true,9,11,616,4,1,
4579,103,Software install request,2026-06-16T06:12:00,2026-06-16T07:12:00,,,false,3,11,632,4,2,
6693,121,Firewall rule change,2026-06-16T11:32:00,2026-06-16T12:41:00,2026-06-17T16:32:00,2026-06-17T16:32:00,true,9,15,702,1,1,
4766,105,VPN connection dropping,2026-06-16T11:43:00,,,,false,1,16,766,4,2,
5341,109,New starter setup,2026-06-16T12:00:00,2026-06-16T13:42:00,2026-06-17T08:00:00,2026-06-17T08:00:00,true,9,13,718,4,1,
4413,102,New starter setup,2026-06-16T12:22:00,2026-06-16T19:42:00,2026-06-16T23:22:00,2026-06-16T23:22:00,true,9,13,530,1,1,
5491,110,Printer offline,2026-06-16T13:13:00,2026-06-16T14:27:00,2026-06-17T03:13:00,2026-06-17T03:13:00,true,9,,725,4,1,
4578,103,VPN connection dropping,2026-06-16T13:55:00,2026-06-16T14:24:00,2026-06-17T05:55:00,2026-06-17T05:55:00,true,9,12,566,2,2,
5352,109,VPN connection dropping,2026-06-16T16:23:00,2026-06-16T16:38:00,2026-06-18T12:23:00,2026-06-18T12:23:00,true,9,14,548,1,2,
4902,106,Laptop running slowly,2026-06-16T23:22:00,2026-06-17T00:05:00,2026-06-17T16:22:00,2026-06-17T16:22:00,true,9,13,828,3,2,
4086,100,Software install request,2026-06-17T09:27:00,2026-06-17T10:16:00,2026-06-17T14:27:00,2026-06-17T14:27:00,true,9,11,599,2,1,
4898,106,Password reset,2026-06-17T13:15:00,2026-06-17T14:50:00,2026-06-18T06:15:00,2026-06-18T06:15:00,true,9,15,798,2,1,
5345,109,VPN connection dropping,2026-06-17T14:34:00,2026-06-17T15:47:00,2026-06-19T13:34:00,2026-06-19T13:34:00,true,9,11,555,3,1,
5915,113,Server disk space,2026-06-17T15:51:00,2026-06-17T16:58:00,2026-06-19T09:51:00,2026-06-19T09:51:00,true,9,14,720,4,2,
6579,120,Software install request,2026-06-17T19:23:00,2026-06-17T20:26:00,2026-06-19T07:23:00,2026-06-19T07:23:00,true,9,12,856,3,1,
6480,119,Printer offline,2026-06-18T10:26:00,2026-06-18T18:12:00,2026-06-19T22:26:00,2026-06-19T22:26:00,true,9,15,745,3,1,
5503,110,Server disk space,2026-06-18T12:12:00,2026-06-18T13:24:00,2026-06-18T18:12:00,2026-06-18T18:12:00,true,9,,576,1,2,
6010,114,Backup job failed,2026-06-18T13:27:00,2026-06-18T14:13:00,2026-06-19T17:27:00,2026-06-19T17:27:00,true,9,16,535,4,1,
6475,119,Software install request,2026-06-18T15:54:00,2026-06-19T01:18:00,2026-06-19T02:54:00,2026-06-19T02:54:00,true,9,15,614,2,2,
6701,121,Teams audio issue,2026-06-18T16:11:00,2026-06-18T16:28:00,2026-06-20T12:11:00,2026-06-20T12:11:00,true,9,16,679,4,1,
5921,113,Shared drive access,2026-06-18T17:55:00,2026-06-18T18:13:00,2026-06-19T18:55:00,2026-06-19T18:55:00,true,9,15,661,3,1,
6227,117,New starter setup,2026-06-19T10:27:00,2026-06-19T11:56:00,2026-06-20T05:27:00,2026-06-20T05:27:00,true,9,14,732,1,1,
5161,108,Shared drive access,2026-06-19T10:35:00,2026-06-19T10:51:00,2026-06-19T17:35:00,2026-06-19T17:35:00,true,9,14,825,2,1,
4576,103,Firewall rule change,2026-06-19T10:41:00,2026-06-19T10:56:00,2026-06-19T23:41:00,2026-06-19T23:41:00,true,9,12,880,3,1,
5772,112,Password reset,2026-06-19T11:14:00,2026-06-19T12:16:00,2026-06-19T23:14:00,2026-06-19T23:14:00,true,9,12,756,4,2,
4093,100,Firewall rule change,2026-06-19T11:42:00,2026-06-19T13:26:00,2026-06-19T13:42:00,2026-06-19T13:42:00,true,9,13,877,2,1,
6008,114,New starter setup,2026-06-19T12:06:00,2026-06-19T14:06:00,2026-06-20T01:06:00,2026-06-20T01:06:00,true,9,11,849,1,1,
6369,118,Printer offline,2026-06-19T12:23:00,2026-06-19T13:23:00,2026-06-19T21:23:00,2026-06-19T21:23:00,true,9,12,858,4,1,
4899,106,Firewall rule change,2026-06-19T12:40:00,2026-06-19T13:32:00,2026-06-20T02:40:00,2026-06-20T02:40:00,true,9,14,668,2,1,
6850,123,Software install request,2026-06-19T14:02:00,2026-06-19T14:45:00,2026-06-20T20:02:00,2026-06-20T20:02:00,true,9,11,766,2,1,
6853,123,VPN connection dropping,2026-06-19T15:35:00,2026-06-19T16:12:00,2026-06-19T20:35:00,2026-06-19T20:35:00,true,9,11,880,1,2,
5627,111,VPN connection dropping,2026-06-19T16:47:00,2026-06-19T17:48:00,2026-06-26T18:47:00,2026-06-26T18:47:00,true,9,14,600,2,2,
6236,117,Mailbox full,2026-06-19T16:51:00,2026-06-19T17:50:00,2026-06-20T15:51:00,2026-06-20T15:51:00,true,9,12,615,2,1,
4092,100,Password reset,2026-06-20T23:40:00,2026-06-21T00:26:00,2026-06-21T05:40:00,2026-06-21T05:40:00,true,9,13,591,2,2,
4904,106,Outlook not syncing,2026-06-21T03:42:00,2026-06-21T04:30:00,2026-06-22T18:42:00,2026-06-22T18:42:00,true,9,14,615,3,1,
6225,117,VPN connection dropping,2026-06-22T02:07:00,2026-06-22T03:14:00,,,false,2,16,832,1,2,
6235,117,Software install request,2026-06-22T08:15:00,2026-06-22T10:07:00,2026-06-23T00:15:00,2026-06-23T00:15:00,true,9,14,788,2,1,
6245,117,Printer offline,2026-06-22T08:33:00,2026-06-22T10:15:00,2026-06-22T14:33:00,2026-06-22T14:33:00,true,9,16,746,4,2,
5777,112,Phone system fault,2026-06-22T08:51:00,2026-06-22T10:44:00,2026-06-23T16:51:00,2026-06-23T16:51:00,true,9,12,537,2,1,
6699,121,Mailbox full,2026-06-22T08:56:00,2026-06-22T09:52:00,2026-06-22T18:56:00,2026-06-22T18:56:00,true,9,11,609,2,1,
6242,117,Software install request,2026-06-22T09:38:00,2026-06-22T11:29:00,2026-06-22T23:38:00,2026-06-22T23:38:00,true,9,11,730,1,1,
6237,117,VPN connection dropping,2026-06-22T10:07:00,2026-06-22T11:03:00,2026-06-22T15:07:00,2026-06-22T15:07:00,true,9,15,593,2,2,
4082,100,Teams audio issue,2026-06-22T10:17:00,2026-06-22T11:00:00,2026-06-23T05:17:00,2026-06-23T05:17:00,true,9,13,606,2,1,
5348,109,Server disk space,2026-06-22T10:17:00,2026-06-22T12:17:00,2026-06-23T04:17:00,2026-06-23T04:17:00,true,9,12,552,3,1,
6238,117,Server disk space,2026-06-22T10:33:00,2026-06-22T11:44:00,2026-06-23T10:33:00,2026-06-23T10:33:00,true,9,13,526,2,2,
4900,106,VPN connection dropping,2026-06-22T10:49:00,2026-06-22T11:06:00,2026-06-22T15:49:00,2026-06-22T15:49:00,true,9,13,697,1,1,
4763,105,Phone system fault,2026-06-22T10:57:00,2026-06-22T12:39:00,2026-06-23T03:57:00,2026-06-23T03:57:00,true,9,14,674,1,2,
4085,100,Outlook not syncing,2026-06-22T11:33:00,2026-06-22T13:02:00,2026-06-23T16:33:00,2026-06-23T16:33:00,true,9,16,832,1,1,
5631,111,MFA reset,2026-06-22T11:35:00,,,,false,2,12,758,4,1,
6009,114,Printer offline,2026-06-22T11:37:00,2026-06-22T12:03:00,2026-06-23T08:37:00,2026-06-23T08:37:00,true,9,11,683,4,1,
6368,118,Phone system fault,2026-06-22T11:37:00,2026-06-22T13:04:00,2026-06-23T10:37:00,2026-06-23T10:37:00,true,9,13,697,3,1,
6250,117,Software install request,2026-06-22T11:41:00,2026-06-22T12:23:00,2026-06-23T08:41:00,2026-06-23T08:41:00,true,9,16,734,1,1,
5501,110,VPN connection dropping,2026-06-22T11:57:00,2026-06-22T13:48:00,2026-06-23T03:57:00,2026-06-23T03:57:00,true,9,,535,2,1,
4315,101,Mailbox full,2026-06-22T13:23:00,2026-06-22T15:13:00,2026-06-24T13:23:00,2026-06-24T13:23:00,true,9,11,566,3,1,
4417,102,Outlook not syncing,2026-06-22T13:51:00,2026-06-22T23:27:00,2026-06-23T14:51:00,2026-06-23T14:51:00,true,9,13,873,1,1,
4090,100,Outlook not syncing,2026-06-22T14:15:00,2026-06-22T14:42:00,2026-06-24T07:15:00,2026-06-24T07:15:00,true,9,14,508,2,2,
4091,100,Outlook not syncing,2026-06-22T15:59:00,2026-06-22T16:52:00,2026-06-23T08:59:00,2026-06-23T08:59:00,true,9,12,897,1,2,
6696,121,Mailbox full,2026-06-22T16:02:00,2026-06-22T17:37:00,,,false,2,12,515,2,1,
5922,113,Mailbox full,2026-06-22T16:10:00,2026-06-22T17:58:00,2026-06-23T06:10:00,2026-06-23T06:10:00,true,9,12,611,4,1,
6249,117,Phone system fault,2026-06-22T16:11:00,2026-06-22T16:47:00,2026-06-23T03:11:00,2026-06-23T03:11:00,true,9,11,528,4,1,
4759,105,Teams audio issue,2026-06-22T16:36:00,2026-06-22T18:33:00,2026-06-23T18:36:00,2026-06-23T18:36:00,true,9,12,753,4,2,
6007,114,Firewall rule change,2026-06-22T16:56:00,2026-06-22T18:00:00,2026-06-24T03:56:00,2026-06-24T03:56:00,true,9,14,802,3,1,
6367,118,Password reset,2026-06-22T17:29:00,2026-06-22T19:00:00,2026-06-23T16:29:00,2026-06-23T16:29:00,true,9,12,785,4,1,
5771,112,Mailbox full,2026-06-22T17:31:00,2026-06-22T17:47:00,2026-06-24T16:31:00,2026-06-24T16:31:00,true,9,11,710,1,2,
5359,109,Printer offline,2026-06-22T17:37:00,2026-06-22T19:29:00,2026-06-24T10:37:00,2026-06-24T10:37:00,true,9,16,670,3,2,
5502,110,Outlook not syncing,2026-06-22T21:26:00,2026-06-22T22:10:00,2026-06-24T15:26:00,2026-06-24T15:26:00,true,9,,500,2,1,
6694,121,Printer offline,2026-06-23T08:21:00,2026-06-23T08:55:00,2026-06-24T23:21:00,2026-06-24T23:21:00,true,9,11,738,3,1,
5040,107,Shared drive access,2026-06-23T09:13:00,2026-06-23T11:10:00,2026-06-25T05:13:00,2026-06-25T05:13:00,true,9,16,701,4,1,
6792,122,Phone system fault,2026-06-23T10:00:00,2026-06-23T10:31:00,2026-06-25T03:00:00,2026-06-25T03:00:00,true,9,12,754,2,1,
5048,107,MFA reset,2026-06-23T11:08:00,2026-06-23T12:31:00,2026-06-24T21:08:00,2026-06-24T21:08:00,true,9,16,701,4,1,
4583,103,Outlook not syncing,2026-06-23T11:44:00,2026-06-23T13:07:00,2026-06-24T21:44:00,2026-06-24T21:44:00,true,9,16,649,2,2,
6697,121,MFA reset,2026-06-23T12:49:00,2026-06-23T13:15:00,2026-06-25T11:49:00,2026-06-25T11:49:00,true,9,13,863,4,2,
5490,110,Software install request,2026-06-23T13:25:00,,,,false,2,,851,2,2,
5342,109,New starter setup,2026-06-23T15:10:00,2026-06-23T16:14:00,2026-06-24T22:10:00,2026-06-24T22:10:00,true,9,11,720,3,1,
4584,103,Shared drive access,2026-06-24T08:28:00,2026-06-24T09:01:00,2026-06-24T18:28:00,2026-06-24T18:28:00,true,9,15,849,4,2,
6090,115,Outlook not syncing,2026-06-24T10:10:00,2026-06-24T11:15:00,2026-06-25T00:10:00,2026-06-25T00:10:00,true,9,16,685,1,1,
4095,100,Software install request,2026-06-24T12:04:00,2026-06-24T13:53:00,2026-06-26T06:04:00,2026-06-26T06:04:00,true,9,13,509,2,2,
6703,121,Laptop running slowly,2026-06-24T16:52:00,2026-06-24T17:24:00,2026-06-25T07:52:00,2026-06-25T07:52:00,true,9,13,546,3,2,
5356,109,Phone system fault,2026-06-25T08:03:00,2026-06-25T09:56:00,2026-06-26T09:03:00,2026-06-26T09:03:00,true,9,12,879,2,1,
6244,117,Firewall rule change,2026-06-25T08:26:00,2026-06-25T10:18:00,2026-06-27T06:26:00,2026-06-27T06:26:00,true,9,14,831,4,2,
5916,113,Laptop running slowly,2026-06-25T08:50:00,2026-06-25T10:23:00,2026-06-26T04:50:00,2026-06-26T04:50:00,true,9,14,606,2,2,
5914,113,Laptop running slowly,2026-06-25T08:56:00,2026-06-25T10:53:00,2026-06-27T03:56:00,2026-06-27T03:56:00,true,9,13,578,3,2,
5036,107,Printer offline,2026-06-25T10:24:00,2026-06-25T12:02:00,2026-06-27T04:24:00,2026-06-27T04:24:00,true,9,12,701,4,2,
5346,109,Backup job failed,2026-06-25T11:36:00,2026-06-25T12:20:00,2026-06-26T05:36:00,2026-06-26T05:36:00,true,9,15,765,2,2,
4098,100,Backup job failed,2026-06-25T14:27:00,2026-06-25T15:06:00,2026-06-26T01:27:00,2026-06-26T01:27:00,true,9,13,689,2,1,
5629,111,Printer offline,2026-06-25T15:07:00,2026-06-25T16:50:00,2026-07-02T16:07:00,2026-07-02T16:07:00,true,9,14,702,4,1,
4577,103,Shared drive access,2026-06-25T15:10:00,2026-06-25T17:07:00,,,false,2,11,608,4,1,
6926,124,Outlook not syncing,2026-06-25T15:47:00,2026-06-25T16:28:00,2026-06-27T10:47:00,2026-06-27T10:47:00,true,9,12,627,4,1,
6371,118,New starter setup,2026-06-25T17:30:00,2026-06-25T19:30:00,2026-06-26T17:30:00,2026-06-26T17:30:00,true,9,11,626,3,1,
5355,109,New starter setup,2026-06-25T19:49:00,2026-06-25T20:16:00,2026-06-27T05:49:00,2026-06-27T05:49:00,true,9,15,531,2,2,
6260,117,Password reset,2026-06-26T09:32:00,2026-06-26T11:20:00,2026-06-27T06:32:00,2026-06-27T06:32:00,true,9,15,744,1,1,
5171,108,Backup job failed,2026-06-26T11:00:00,2026-06-26T11:37:00,2026-06-26T14:00:00,2026-06-26T14:00:00,true,9,16,518,1,2,
5375,109,Phone system fault,2026-06-26T11:12:00,2026-06-26T12:32:00,2026-06-26T17:12:00,2026-06-26T17:12:00,true,9,13,581,3,1,
5377,109,Outlook not syncing,2026-06-26T11:29:00,2026-06-26T12:19:00,2026-06-27T12:29:00,2026-06-27T12:29:00,true,9,16,766,3,1,
5051,107,Software install request,2026-06-26T14:02:00,2026-06-26T15:47:00,2026-06-27T21:02:00,2026-06-27T21:02:00,true,9,11,701,1,1,
5173,108,Laptop running slowly,2026-06-26T15:44:00,2026-06-26T17:01:00,,,false,2,11,684,2,1,
6801,122,Password reset,2026-06-26T16:06:00,2026-06-26T17:04:00,2026-06-27T10:06:00,2026-06-27T10:06:00,true,9,14,843,4,2,
6256,117,Printer offline,2026-06-26T16:23:00,2026-06-26T18:20:00,2026-06-28T00:23:00,2026-06-28T00:23:00,true,9,15,775,2,1,
4915,106,Phone system fault,2026-06-27T05:02:00,2026-06-27T06:05:00,2026-06-28T17:02:00,2026-06-28T17:02:00,true,9,14,573,1,2,
4914,106,Laptop running slowly,2026-06-28T23:03:00,2026-06-29T00:10:00,2026-06-29T17:03:00,2026-06-29T17:03:00,true,9,12,776,3,1,
4908,106,Firewall rule change,2026-06-29T08:04:00,2026-06-29T09:33:00,2026-06-29T23:04:00,2026-06-29T23:04:00,true,9,15,559,1,1,
5050,107,Firewall rule change,2026-06-29T08:11:00,2026-06-29T09:03:00,2026-06-29T11:11:00,2026-06-29T11:11:00,true,9,14,701,1,1,
4773,105,Printer offline,2026-06-29T08:23:00,,,,false,2,16,718,2,1,
6797,122,Backup job failed,2026-06-29T08:56:00,2026-06-29T09:16:00,,,false,3,14,550,4,1,
6931,124,Outlook not syncing,2026-06-29T09:43:00,2026-06-29T11:10:00,2026-06-30T19:43:00,2026-06-30T19:43:00,true,9,15,720,2,2,
6276,117,Mailbox full,2026-06-29T10:12:00,2026-06-29T10:48:00,2026-07-01T00:12:00,2026-07-01T00:12:00,true,9,16,714,3,1,
4593,103,Mailbox full,2026-06-29T10:18:00,2026-06-29T11:31:00,2026-06-30T12:18:00,2026-06-30T12:18:00,true,9,15,697,1,2,
5517,110,VPN connection dropping,2026-06-29T10:42:00,2026-06-29T12:16:00,2026-06-30T08:42:00,2026-06-30T08:42:00,true,9,,512,4,1,
5780,112,Outlook not syncing,2026-06-29T11:28:00,2026-06-29T12:52:00,2026-06-30T09:28:00,2026-06-30T09:28:00,true,9,14,880,4,1,
5924,113,Software install request,2026-06-29T12:18:00,2026-06-29T13:04:00,2026-07-01T05:18:00,2026-07-01T05:18:00,true,9,15,884,4,1,
6934,124,Software install request,2026-06-29T12:47:00,2026-06-29T13:02:00,2026-06-30T13:47:00,2026-06-30T13:47:00,true,9,16,544,3,2,
4120,100,Phone system fault,2026-06-29T13:01:00,2026-06-29T14:06:00,2026-06-30T16:01:00,2026-06-30T16:01:00,true,9,13,558,1,1,
5788,112,Outlook not syncing,2026-06-29T13:29:00,2026-06-29T14:38:00,2026-06-30T10:29:00,2026-06-30T10:29:00,true,9,16,709,3,2,
6932,124,VPN connection dropping,2026-06-29T13:29:00,2026-06-29T15:02:00,2026-07-01T03:29:00,2026-07-01T03:29:00,true,9,12,836,3,2,
4106,100,VPN connection dropping,2026-06-29T13:40:00,2026-06-29T14:25:00,2026-06-30T02:40:00,2026-06-30T02:40:00,true,9,14,657,3,2,
5061,107,Software install request,2026-06-29T13:40:00,2026-06-29T15:00:00,2026-06-30T01:40:00,2026-06-30T01:40:00,true,9,15,701,3,1,
5058,107,Laptop running slowly,2026-06-29T14:27:00,2026-06-29T14:45:00,2026-07-01T08:27:00,2026-07-01T08:27:00,true,9,16,702,1,1,
6019,114,Shared drive access,2026-06-29T14:53:00,,,,false,2,12,783,4,1,
4768,105,Shared drive access,2026-06-29T14:59:00,,,,false,1,16,671,2,1,
6269,117,Shared drive access,2026-06-29T15:21:00,2026-06-29T16:36:00,2026-06-29T17:21:00,2026-06-29T17:21:00,true,9,14,591,1,1,
5787,112,Shared drive access,2026-06-29T16:07:00,2026-06-29T16:30:00,2026-06-30T16:07:00,2026-06-30T16:07:00,true,9,15,506,2,1,
6376,118,MFA reset,2026-06-29T16:07:00,2026-06-29T16:25:00,2026-06-30T20:07:00,2026-06-30T20:07:00,true,9,12,703,1,1,
4429,102,Teams audio issue,2026-06-29T16:24:00,2026-06-29T22:34:00,2026-07-01T04:24:00,2026-07-01T04:24:00,true,9,15,809,2,2,
6854,123,Shared drive access,2026-06-29T17:03:00,2026-06-29T17:56:00,2026-07-01T09:03:00,2026-07-01T09:03:00,true,9,16,515,2,1,
6279,117,MFA reset,2026-06-29T17:12:00,2026-06-29T18:00:00,2026-07-01T15:12:00,2026-07-01T15:12:00,true,9,15,662,4,1,
5052,107,Server disk space,2026-06-29T17:17:00,2026-06-29T18:32:00,2026-07-01T02:17:00,2026-07-01T02:17:00,true,9,14,701,2,1,
5177,108,Shared drive access,2026-06-30T08:39:00,2026-06-30T09:12:00,2026-06-30T15:39:00,2026-06-30T15:39:00,true,9,16,756,1,1,
6282,117,MFA reset,2026-06-30T09:09:00,2026-06-30T11:04:00,,,false,3,14,678,4,1,
6254,117,Firewall rule change,2026-06-30T09:50:00,2026-06-30T11:48:00,2026-07-01T03:50:00,2026-07-01T03:50:00,true,9,12,875,4,1,
6490,119,Shared drive access,2026-06-30T13:15:00,2026-06-30T21:35:00,2026-07-01T01:15:00,2026-07-01T01:15:00,true,9,11,736,1,2,
5376,109,Mailbox full,2026-06-30T14:19:00,2026-06-30T15:03:00,2026-07-01T09:19:00,2026-07-01T09:19:00,true,9,14,684,2,2,
5509,110,Mailbox full,2026-06-30T15:04:00,2026-06-30T16:10:00,2026-07-01T15:04:00,2026-07-01T15:04:00,true,9,,757,1,1,
5778,112,Backup job failed,2026-06-30T15:18:00,2026-06-30T15:50:00,2026-07-02T14:18:00,2026-07-02T14:18:00,true,9,11,679,3,1,
4428,102,Shared drive access,2026-06-30T15:52:00,2026-06-30T23:16:00,2026-07-02T02:52:00,2026-07-02T02:52:00,true,9,13,887,1,1,
6268,117,Server disk space,2026-06-30T15:55:00,2026-06-30T16:47:00,2026-07-01T08:55:00,2026-07-01T08:55:00,true,9,11,506,1,2,
6800,122,MFA reset,2026-07-01T11:18:00,2026-07-01T11:33:00,2026-07-03T01:18:00,2026-07-03T01:18:00,true,9,15,614,3,2,
6708,121,New starter setup,2026-07-01T11:59:00,2026-07-01T12:42:00,2026-07-03T05:59:00,2026-07-03T05:59:00,true,9,14,717,4,1,
4601,103,Printer offline,2026-07-01T12:43:00,2026-07-01T13:08:00,2026-07-02T15:43:00,2026-07-02T15:43:00,true,9,11,607,3,2,
6094,115,Backup job failed,2026-07-01T14:13:00,2026-07-01T15:58:00,2026-07-03T02:13:00,2026-07-03T02:13:00,true,9,16,716,4,2,
6583,120,Software install request,2026-07-01T14:51:00,2026-07-01T16:17:00,2026-07-03T08:51:00,2026-07-03T08:51:00,true,9,11,866,4,1,
5789,112,VPN connection dropping,2026-07-01T16:25:00,2026-07-01T18:17:00,2026-07-02T11:25:00,2026-07-02T11:25:00,true,9,16,598,3,1,
6378,118,Shared drive access,2026-07-01T17:57:00,2026-07-01T19:40:00,2026-07-02T14:57:00,2026-07-02T14:57:00,true,9,11,821,1,2,
4594,103,Backup job failed,2026-07-01T19:19:00,,,,false,3,14,806,1,1,
4125,100,Phone system fault,2026-07-02T03:19:00,2026-07-02T04:01:00,2026-07-03T01:19:00,2026-07-03T01:19:00,true,9,15,700,2,2,
4105,100,New starter setup,2026-07-02T09:34:00,2026-07-02T10:46:00,2026-07-02T18:34:00,2026-07-02T18:34:00,true,9,12,794,2,1,
4104,100,Shared drive access,2026-07-02T11:13:00,2026-07-02T12:54:00,2026-07-02T15:13:00,2026-07-02T15:13:00,true,9,13,719,3,2,
4423,102,Backup job failed,2026-07-02T12:09:00,2026-07-02T17:17:00,2026-07-04T06:09:00,2026-07-04T06:09:00,true,9,13,613,2,1,
4769,105,VPN connection dropping,2026-07-02T14:30:00,,,,false,2,11,676,2,2,
4597,103,MFA reset,2026-07-02T15:26:00,2026-07-02T17:09:00,2026-07-04T11:26:00,2026-07-04T11:26:00,true,9,14,771,4,2,
6856,123,Shared drive access,2026-07-03T09:45:00,2026-07-03T10:32:00,2026-07-03T15:45:00,2026-07-03T15:45:00,true,9,12,555,2,1,
6373,118,VPN connection dropping,2026-07-03T09:49:00,2026-07-03T10:34:00,,,false,3,12,647,3,2,
6488,119,Phone system fault,2026-07-03T10:47:00,2026-07-03T17:33:00,2026-07-04T23:47:00,2026-07-04T23:47:00,true,9,13,602,3,1,
6494,119,Mailbox full,2026-07-03T12:13:00,2026-07-03T20:01:00,2026-07-05T02:13:00,2026-07-05T02:13:00,true,9,16,528,1,2,
4113,100,Shared drive access,2026-07-03T12:53:00,2026-07-03T13:46:00,,,false,1,11,688,4,2,
6271,117,New starter setup,2026-07-03T13:35:00,2026-07-03T14:33:00,2026-07-04T02:35:00,2026-07-04T02:35:00,true,9,13,718,2,1,
5175,108,Password reset,2026-07-03T15:36:00,2026-07-03T17:04:00,2026-07-04T00:36:00,2026-07-04T00:36:00,true,9,12,770,4,2,
5363,109,Outlook not syncing,2026-07-03T16:43:00,2026-07-03T17:21:00,,,false,1,12,653,3,2,
5637,111,VPN connection dropping,2026-07-03T16:53:00,2026-07-03T17:08:00,2026-07-11T22:53:00,2026-07-11T22:53:00,true,9,16,723,3,2,
4112,100,Software install request,2026-07-04T03:46:00,2026-07-04T04:04:00,,,false,1,13,682,2,1,
4913,106,Teams audio issue,2026-07-04T06:50:00,2026-07-04T07:17:00,2026-07-06T06:50:00,2026-07-06T06:50:00,true,9,14,882,3,1,
6091,115,Firewall rule change,2026-07-06T08:15:00,2026-07-06T10:09:00,2026-07-06T14:15:00,2026-07-06T14:15:00,true,9,14,689,4,1,
6277,117,Firewall rule change,2026-07-06T08:16:00,2026-07-06T08:39:00,2026-07-08T07:16:00,2026-07-08T07:16:00,true,9,14,784,2,1,
6706,121,VPN connection dropping,2026-07-06T08:17:00,2026-07-06T09:09:00,2026-07-07T18:17:00,2026-07-07T18:17:00,true,9,11,709,3,2,
4907,106,Laptop running slowly,2026-07-06T08:37:00,2026-07-06T10:14:00,2026-07-06T22:37:00,2026-07-06T22:37:00,true,9,16,679,3,2,
4110,100,Firewall rule change,2026-07-06T09:42:00,2026-07-06T10:19:00,2026-07-07T20:42:00,2026-07-07T20:42:00,true,9,16,866,3,2,
5053,107,MFA reset,2026-07-06T10:18:00,2026-07-06T11:14:00,2026-07-07T05:18:00,2026-07-07T05:18:00,true,9,13,702,2,2,
4426,102,Backup job failed,2026-07-06T10:48:00,2026-07-06T19:21:00,2026-07-06T18:48:00,2026-07-06T18:48:00,true,9,13,818,2,1,
5781,112,Software install request,2026-07-06T10:49:00,2026-07-06T11:41:00,2026-07-08T10:49:00,2026-07-08T10:49:00,true,9,16,624,2,1,
6255,117,Server disk space,2026-07-06T11:35:00,2026-07-06T12:02:00,2026-07-07T23:35:00,2026-07-07T23:35:00,true,9,16,899,4,1,
5054,107,Phone system fault,2026-07-06T12:03:00,2026-07-06T13:22:00,2026-07-07T15:03:00,2026-07-07T15:03:00,true,9,15,701,1,1,
6794,122,Software install request,2026-07-06T12:47:00,2026-07-06T14:17:00,2026-07-06T20:47:00,2026-07-06T20:47:00,true,9,12,703,3,1,
6267,117,Mailbox full,2026-07-06T14:04:00,2026-07-06T14:40:00,2026-07-08T09:04:00,2026-07-08T09:04:00,true,9,13,665,2,2,
6261,117,Printer offline,2026-07-06T14:24:00,2026-07-06T15:47:00,2026-07-08T07:24:00,2026-07-08T07:24:00,true,9,13,638,2,1,
5168,108,Phone system fault,2026-07-06T14:40:00,2026-07-06T16:27:00,2026-07-07T21:40:00,2026-07-07T21:40:00,true,9,15,880,1,2,
6793,122,Shared drive access,2026-07-06T15:16:00,2026-07-06T15:41:00,2026-07-06T20:16:00,2026-07-06T20:16:00,true,9,14,776,1,2,
4771,105,VPN connection dropping,2026-07-06T15:19:00,2026-07-06T16:20:00,2026-07-07T17:19:00,2026-07-07T17:19:00,true,9,11,851,4,1,
5515,110,New starter setup,2026-07-06T16:37:00,2026-07-06T18:25:00,2026-07-08T13:37:00,2026-07-08T13:37:00,true,9,,779,2,1,
6584,120,Password reset,2026-07-06T16:52:00,2026-07-06T17:28:00,2026-07-07T06:52:00,2026-07-07T06:52:00,true,9,14,735,3,2,
6855,123,Phone system fault,2026-07-07T08:09:00,2026-07-07T08:41:00,2026-07-07T23:09:00,2026-07-07T23:09:00,true,9,16,696,3,2,
4431,102,Outlook not syncing,2026-07-07T08:19:00,2026-07-07T16:03:00,,,false,1,16,675,2,2,
6711,121,Laptop running slowly,2026-07-07T08:42:00,2026-07-07T09:48:00,2026-07-08T21:42:00,2026-07-08T21:42:00,true,9,14,675,4,1,
4427,102,New starter setup,2026-07-07T11:34:00,2026-07-07T15:48:00,2026-07-09T08:34:00,2026-07-09T08:34:00,true,9,14,766,2,2,
4119,100,Phone system fault,2026-07-07T12:52:00,2026-07-07T14:15:00,2026-07-07T21:52:00,2026-07-07T21:52:00,true,9,15,693,3,1,
4775,105,Phone system fault,2026-07-07T13:23:00,,,,false,3,15,723,1,1,
6582,120,Software install request,2026-07-07T16:31:00,2026-07-07T17:41:00,2026-07-09T15:31:00,2026-07-09T15:31:00,true,9,11,706,4,1,
6495,119,Teams audio issue,2026-07-07T17:49:00,,,,false,2,16,834,4,1,
4425,102,Teams audio issue,2026-07-08T02:28:00,2026-07-08T09:47:00,,,false,2,12,735,4,2,
5638,111,Password reset,2026-07-08T05:36:00,2026-07-08T06:28:00,2026-07-11T15:36:00,2026-07-11T15:36:00,true,9,11,875,2,2,
5505,110,Printer offline,2026-07-08T10:09:00,2026-07-08T10:53:00,2026-07-10T02:09:00,2026-07-10T02:09:00,true,9,,858,2,2,
6496,119,Software install request,2026-07-08T11:32:00,2026-07-08T16:19:00,2026-07-09T16:32:00,2026-07-09T16:32:00,true,9,14,832,4,1,
6272,117,Mailbox full,2026-07-08T12:46:00,2026-07-08T14:09:00,2026-07-10T07:46:00,2026-07-10T07:46:00,true,9,11,861,4,2,
5640,111,Outlook not syncing,2026-07-08T14:15:00,2026-07-08T15:38:00,2026-07-16T20:15:00,2026-07-16T20:15:00,true,9,14,712,2,1,
5057,107,Teams audio issue,2026-07-08T14:51:00,2026-07-08T16:46:00,2026-07-09T13:51:00,2026-07-09T13:51:00,true,9,13,701,4,2,
5645,111,Backup job failed,2026-07-08T15:06:00,2026-07-08T16:01:00,2026-07-13T22:06:00,2026-07-13T22:06:00,true,9,14,525,3,2,
4115,100,New starter setup,2026-07-08T15:24:00,2026-07-08T16:58:00,2026-07-09T15:24:00,2026-07-09T15:24:00,true,9,13,795,2,1,
4432,102,New starter setup,2026-07-08T17:58:00,2026-07-09T03:29:00,2026-07-09T00:58:00,2026-07-09T00:58:00,true,9,11,819,2,1,
5644,111,Shared drive access,2026-07-09T08:22:00,2026-07-09T09:56:00,2026-07-14T22:22:00,2026-07-14T22:22:00,true,9,11,794,4,1,
5512,110,MFA reset,2026-07-09T08:43:00,2026-07-09T10:02:00,2026-07-10T18:43:00,2026-07-10T18:43:00,true,9,,759,4,2,
4111,100,Password reset,2026-07-09T11:22:00,2026-07-09T12:14:00,2026-07-10T03:22:00,2026-07-10T03:22:00,true,9,14,597,2,2,
5506,110,MFA reset,2026-07-09T13:11:00,2026-07-09T14:05:00,2026-07-11T04:11:00,2026-07-11T04:11:00,true,9,,639,2,1,
5059,107,Teams audio issue,2026-07-09T13:12:00,2026-07-09T13:38:00,2026-07-10T16:12:00,2026-07-10T16:12:00,true,9,11,701,3,1,
4595,103,Laptop running slowly,2026-07-09T16:24:00,2026-07-09T17:59:00,2026-07-11T01:24:00,2026-07-11T01:24:00,true,9,14,708,2,2,
6580,120,VPN connection dropping,2026-07-09T16:55:00,2026-07-09T18:12:00,2026-07-10T08:55:00,2026-07-10T08:55:00,true,9,11,687,1,1,
4910,106,Mailbox full,2026-07-10T06:07:00,2026-07-10T07:26:00,2026-07-10T09:07:00,2026-07-10T09:07:00,true,9,12,703,1,1,
6257,117,New starter setup,2026-07-10T08:36:00,2026-07-10T10:13:00,2026-07-10T20:36:00,2026-07-10T20:36:00,true,9,14,587,3,1,
4911,106,Outlook not syncing,2026-07-10T09:15:00,2026-07-10T10:22:00,2026-07-12T02:15:00,2026-07-12T02:15:00,true,9,16,624,3,1,
5169,108,Printer offline,2026-07-10T10:06:00,2026-07-10T11:13:00,,,false,1,11,629,2,1,
4770,105,Outlook not syncing,2026-07-10T10:37:00,2026-07-10T10:56:00,2026-07-12T04:37:00,2026-07-12T04:37:00,true,9,16,579,2,1,
5372,109,Outlook not syncing,2026-07-10T13:30:00,2026-07-10T14:46:00,2026-07-11T22:30:00,2026-07-11T22:30:00,true,9,11,718,3,1,
4591,103,New starter setup,2026-07-10T14:02:00,2026-07-10T14:27:00,2026-07-11T05:02:00,2026-07-11T05:02:00,true,9,15,548,4,2,
6380,118,New starter setup,2026-07-10T14:39:00,2026-07-10T15:33:00,2026-07-11T21:39:00,2026-07-11T21:39:00,true,9,13,878,1,1,
6095,115,Printer offline,2026-07-10T14:48:00,2026-07-10T16:14:00,2026-07-11T00:48:00,2026-07-11T00:48:00,true,9,12,753,2,1,
5361,109,New starter setup,2026-07-10T15:03:00,2026-07-10T16:33:00,2026-07-10T19:03:00,2026-07-10T19:03:00,true,9,14,761,3,1,
5176,108,Firewall rule change,2026-07-10T17:11:00,2026-07-10T18:44:00,2026-07-11T07:11:00,2026-07-11T07:11:00,true,9,15,656,2,1,
5060,107,Software install request,2026-07-12T06:14:00,,,,false,3,13,701,1,1,
4906,106,MFA reset,2026-07-13T06:46:00,2026-07-13T07:29:00,2026-07-13T08:46:00,2026-07-13T08:46:00,true,9,14,535,1,1,
4124,100,Laptop running slowly,2026-07-13T08:14:00,2026-07-13T09:32:00,2026-07-15T01:14:00,2026-07-15T01:14:00,true,9,13,652,3,1,
6704,121,Server disk space,2026-07-13T08:18:00,2026-07-13T08:37:00,2026-07-14T15:18:00,2026-07-14T15:18:00,true,9,15,612,1,1,
4603,103,Server disk space,2026-07-13T08:25:00,2026-07-13T09:45:00,2026-07-14T20:25:00,2026-07-14T20:25:00,true,9,11,632,4,1,
6273,117,Laptop running slowly,2026-07-13T09:07:00,2026-07-13T09:44:00,2026-07-13T20:07:00,2026-07-13T20:07:00,true,9,14,721,3,1,
6280,117,Backup job failed,2026-07-13T09:49:00,2026-07-13T11:45:00,2026-07-15T08:49:00,2026-07-15T08:49:00,true,9,13,875,4,1,
6264,117,Mailbox full,2026-07-13T09:50:00,2026-07-13T10:12:00,,,false,3,11,663,1,1,
4774,105,MFA reset,2026-07-13T10:40:00,2026-07-13T11:07:00,2026-07-15T03:40:00,2026-07-15T03:40:00,true,9,12,843,3,2,
5362,109,Backup job failed,2026-07-13T10:41:00,2026-07-13T11:18:00,2026-07-14T19:41:00,2026-07-14T19:41:00,true,9,14,731,1,2,
4599,103,Mailbox full,2026-07-13T10:44:00,2026-07-13T11:14:00,2026-07-15T00:44:00,2026-07-15T00:44:00,true,9,12,702,3,1,
6274,117,Backup job failed,2026-07-13T11:23:00,2026-07-13T12:44:00,2026-07-14T07:23:00,2026-07-14T07:23:00,true,9,11,653,2,1,
6493,119,Mailbox full,2026-07-13T11:34:00,2026-07-13T18:22:00,2026-07-13T15:34:00,2026-07-13T15:34:00,true,9,11,863,4,2,
6278,117,Laptop running slowly,2026-07-13T11:38:00,2026-07-13T12:31:00,2026-07-15T08:38:00,2026-07-15T08:38:00,true,9,16,613,2,1,
6259,117,Firewall rule change,2026-07-13T12:15:00,2026-07-13T14:08:00,,,false,3,14,876,3,2,
5360,109,Outlook not syncing,2026-07-13T12:41:00,2026-07-13T14:29:00,2026-07-14T22:41:00,2026-07-14T22:41:00,true,9,13,837,1,2,
4602,103,Backup job failed,2026-07-13T13:00:00,2026-07-13T14:53:00,2026-07-13T20:00:00,2026-07-13T20:00:00,true,9,14,553,3,2,
6258,117,Server disk space,2026-07-13T13:21:00,2026-07-13T14:40:00,2026-07-15T11:21:00,2026-07-15T11:21:00,true,9,12,770,4,2,
6709,121,Software install request,2026-07-13T13:22:00,2026-07-13T13:37:00,2026-07-14T05:22:00,2026-07-14T05:22:00,true,9,15,827,3,1,
6374,118,Password reset,2026-07-13T13:25:00,2026-07-13T14:32:00,2026-07-13T15:25:00,2026-07-13T15:25:00,true,9,13,807,3,2,
6491,119,Printer offline,2026-07-13T14:03:00,2026-07-13T23:49:00,2026-07-14T21:03:00,2026-07-14T21:03:00,true,9,15,566,1,2,
4116,100,Shared drive access,2026-07-13T14:12:00,2026-07-13T15:45:00,2026-07-15T05:12:00,2026-07-15T05:12:00,true,9,16,845,3,1,
5929,113,Laptop running slowly,2026-07-13T14:41:00,2026-07-13T16:23:00,2026-07-14T12:41:00,2026-07-14T12:41:00,true,9,15,583,3,1,
4912,106,New starter setup,2026-07-13T15:52:00,2026-07-13T16:11:00,2026-07-13T18:52:00,2026-07-13T18:52:00,true,9,16,662,3,1,
6498,119,Backup job failed,2026-07-13T16:32:00,2026-07-13T21:21:00,2026-07-13T20:32:00,2026-07-13T20:32:00,true,9,13,715,4,1,
5174,108,Teams audio issue,2026-07-13T17:21:00,2026-07-13T18:23:00,2026-07-14T02:21:00,2026-07-14T02:21:00,true,9,14,848,1,1,
5368,109,Shared drive access,2026-07-13T17:27:00,2026-07-13T19:15:00,2026-07-15T16:27:00,2026-07-15T16:27:00,true,9,16,724,2,1,
6265,117,Printer offline,2026-07-13T17:28:00,2026-07-13T19:22:00,2026-07-15T01:28:00,2026-07-15T01:28:00,true,9,11,863,4,2,
4600,103,Printer offline,2026-07-13T17:33:00,2026-07-13T18:55:00,,,false,1,14,718,4,1,
4108,100,Phone system fault,2026-07-13T22:40:00,2026-07-14T00:07:00,2026-07-15T15:40:00,2026-07-15T15:40:00,true,9,13,610,3,2,
6093,115,Firewall rule change,2026-07-13T22:47:00,2026-07-13T23:55:00,2026-07-14T14:47:00,2026-07-14T14:47:00,true,9,11,539,2,2,
5516,110,Firewall rule change,2026-07-14T08:46:00,2026-07-14T09:34:00,2026-07-14T10:46:00,2026-07-14T10:46:00,true,9,,899,2,2,
4118,100,Server disk space,2026-07-14T09:58:00,2026-07-14T11:54:00,2026-07-16T04:58:00,2026-07-16T04:58:00,true,9,11,642,2,1,
6018,114,Shared drive access,2026-07-14T11:45:00,2026-07-14T12:53:00,2026-07-15T11:45:00,2026-07-15T11:45:00,true,9,13,890,1,2,
5643,111,Printer offline,2026-07-14T12:58:00,2026-07-14T14:29:00,2026-07-22T17:58:00,2026-07-22T17:58:00,true,9,13,604,4,2,
4121,100,Backup job failed,2026-07-14T17:55:00,2026-07-14T19:09:00,2026-07-14T19:55:00,2026-07-14T19:55:00,true,9,12,827,1,1,
5633,111,VPN connection dropping,2026-07-14T20:14:00,2026-07-14T21:09:00,2026-07-21T19:14:00,2026-07-21T19:14:00,true,9,13,606,1,1,
5373,109,Firewall rule change,2026-07-15T11:00:00,2026-07-15T11:47:00,2026-07-17T01:00:00,2026-07-17T01:00:00,true,9,16,559,1,2,
5641,111,Phone system fault,2026-07-15T13:28:00,2026-07-15T13:47:00,2026-07-21T06:28:00,2026-07-21T06:28:00,true,9,16,572,2,2,
5507,110,MFA reset,2026-07-15T15:14:00,2026-07-15T16:27:00,2026-07-16T23:14:00,2026-07-16T23:14:00,true,9,,688,3,2,
6375,118,MFA reset,2026-07-15T15:31:00,2026-07-15T15:46:00,2026-07-17T12:31:00,2026-07-17T12:31:00,true,9,13,759,1,1,
5634,111,Teams audio issue,2026-07-15T16:27:00,2026-07-15T17:10:00,2026-07-22T18:27:00,2026-07-22T18:27:00,true,9,14,636,1,2,
5514,110,Backup job failed,2026-07-15T17:07:00,2026-07-15T17:48:00,2026-07-17T10:07:00,2026-07-17T10:07:00,true,9,,780,2,1,
5642,111,Firewall rule change,2026-07-15T17:35:00,2026-07-15T19:04:00,2026-07-22T13:35:00,2026-07-22T13:35:00,true,9,16,565,4,1,
6712,121,Shared drive access,2026-07-15T21:20:00,2026-07-15T23:04:00,2026-07-17T02:20:00,2026-07-17T02:20:00,true,9,14,878,4,2,
6707,121,Mailbox full,2026-07-15T22:41:00,2026-07-15T23:26:00,2026-07-17T01:41:00,2026-07-17T01:41:00,true,9,13,582,3,1,
4317,101,Server disk space,2026-07-16T09:07:00,2026-07-16T10:06:00,2026-07-16T14:07:00,2026-07-16T14:07:00,true,9,13,826,1,1,
5783,112,Laptop running slowly,2026-07-16T09:27:00,2026-07-16T09:48:00,2026-07-17T23:27:00,2026-07-17T23:27:00,true,9,13,811,1,1,
6266,117,MFA reset,2026-07-16T09:59:00,2026-07-16T11:14:00,,,false,1,12,547,1,2,
4604,103,Mailbox full,2026-07-16T10:28:00,2026-07-16T11:10:00,2026-07-18T03:28:00,2026-07-18T03:28:00,true,9,13,764,4,1,
4596,103,Outlook not syncing,2026-07-16T11:54:00,2026-07-16T12:29:00,2026-07-18T08:54:00,2026-07-18T08:54:00,true,9,14,645,4,2,
6489,119,Mailbox full,2026-07-16T13:40:00,2026-07-16T22:49:00,,,false,1,16,551,1,2,
6275,117,Password reset,2026-07-16T15:49:00,2026-07-16T16:38:00,2026-07-18T11:49:00,2026-07-18T11:49:00,true,9,16,537,4,1,
6281,117,Backup job failed,2026-07-16T17:57:00,2026-07-16T19:45:00,,,false,1,12,716,3,1,
4909,106,Mailbox full,2026-07-16T22:14:00,2026-07-16T23:51:00,2026-07-17T02:14:00,2026-07-17T02:14:00,true,9,11,712,1,1,
6705,121,Shared drive access,2026-07-17T08:03:00,2026-07-17T09:57:00,2026-07-18T04:03:00,2026-07-18T04:03:00,true,9,16,774,2,1,
5635,111,MFA reset,2026-07-17T08:34:00,2026-07-17T10:22:00,2026-07-25T02:34:00,2026-07-25T02:34:00,true,9,15,533,4,1,
5782,112,Mailbox full,2026-07-17T09:42:00,2026-07-17T10:01:00,2026-07-17T11:42:00,2026-07-17T11:42:00,true,9,11,778,3,2,
4318,101,New starter setup,2026-07-17T10:45:00,2026-07-17T12:10:00,2026-07-18T10:45:00,2026-07-18T10:45:00,true,9,14,809,1,1,
5371,109,Teams audio issue,2026-07-17T12:18:00,2026-07-17T13:56:00,2026-07-19T12:18:00,2026-07-19T12:18:00,true,9,14,510,2,2,
4123,100,Password reset,2026-07-17T12:56:00,2026-07-17T14:53:00,2026-07-18T16:56:00,2026-07-18T16:56:00,true,9,16,710,2,2,
4590,103,VPN connection dropping,2026-07-17T15:01:00,2026-07-17T16:39:00,2026-07-19T14:01:00,2026-07-19T14:01:00,true,9,16,714,4,1,
5513,110,Teams audio issue,2026-07-17T16:09:00,2026-07-17T16:29:00,,,false,1,,861,1,1,
4109,100,Server disk space,2026-07-19T02:09:00,2026-07-19T03:52:00,2026-07-19T10:09:00,2026-07-19T10:09:00,true,9,14,513,3,1,
4592,103,Phone system fault,2026-07-19T20:22:00,2026-07-19T20:51:00,2026-07-20T01:22:00,2026-07-20T01:22:00,true,9,14,629,3,1,
6796,122,Printer offline,2026-07-20T08:14:00,,,,false,1,11,813,2,1,
6933,124,New starter setup,2026-07-20T08:14:00,2026-07-20T09:35:00,2026-07-22T00:14:00,2026-07-22T00:14:00,true,9,16,898,1,1,
5508,110,Printer offline,2026-07-20T08:29:00,2026-07-20T08:58:00,2026-07-22T03:29:00,2026-07-22T03:29:00,true,9,,876,2,1,
5374,109,Mailbox full,2026-07-20T08:45:00,2026-07-20T10:31:00,2026-07-21T16:45:00,2026-07-21T16:45:00,true,9,13,796,1,2,
4117,100,Mailbox full,2026-07-20T09:05:00,2026-07-20T09:49:00,2026-07-20T17:05:00,2026-07-20T17:05:00,true,9,12,831,1,1,
4126,100,Laptop running slowly,2026-07-20T09:17:00,2026-07-20T11:06:00,2026-07-20T21:17:00,2026-07-20T21:17:00,true,9,15,665,2,1,
5926,113,Password reset,2026-07-20T10:11:00,2026-07-20T11:53:00,2026-07-20T20:11:00,2026-07-20T20:11:00,true,9,12,510,1,2,
5167,108,Mailbox full,2026-07-20T10:35:00,2026-07-20T11:31:00,2026-07-22T06:35:00,2026-07-22T06:35:00,true,9,15,689,4,2,
6015,114,Printer offline,2026-07-20T10:36:00,2026-07-20T10:53:00,,,false,3,12,714,1,2,
4776,105,Shared drive access,2026-07-20T10:39:00,,,,false,1,12,773,4,2,
6092,115,Firewall rule change,2026-07-20T11:00:00,2026-07-20T11:57:00,2026-07-20T17:00:00,2026-07-20T17:00:00,true,9,15,872,4,1,
6581,120,Phone system fault,2026-07-20T11:18:00,2026-07-20T11:58:00,2026-07-22T04:18:00,2026-07-22T04:18:00,true,9,12,579,4,1,
5639,111,Mailbox full,2026-07-20T12:36:00,2026-07-20T13:07:00,2026-07-28T08:36:00,2026-07-28T08:36:00,true,9,12,806,1,2,
4598,103,MFA reset,2026-07-20T12:40:00,2026-07-20T14:11:00,2026-07-21T18:40:00,2026-07-21T18:40:00,true,9,16,520,2,1,
5172,108,Server disk space,2026-07-20T12:41:00,2026-07-20T13:25:00,2026-07-22T09:41:00,2026-07-22T09:41:00,true,9,15,644,4,1,
6283,117,New starter setup,2026-07-20T12:56:00,2026-07-20T13:16:00,2026-07-21T13:56:00,2026-07-21T13:56:00,true,9,12,750,3,2,
5786,112,VPN connection dropping,2026-07-20T13:52:00,2026-07-20T15:09:00,2026-07-20T22:52:00,2026-07-20T22:52:00,true,9,14,843,2,1,
6585,120,Teams audio issue,2026-07-20T14:49:00,2026-07-20T16:12:00,2026-07-21T20:49:00,2026-07-21T20:49:00,true,9,14,866,2,1,
5930,113,VPN connection dropping,2026-07-20T14:52:00,2026-07-20T15:49:00,2026-07-22T08:52:00,2026-07-22T08:52:00,true,9,12,513,4,1,
4424,102,Mailbox full,2026-07-20T15:03:00,2026-07-20T22:48:00,2026-07-22T02:03:00,2026-07-22T02:03:00,true,9,12,640,1,1,
5366,109,Password reset,2026-07-20T15:11:00,2026-07-20T15:33:00,2026-07-21T01:11:00,2026-07-21T01:11:00,true,9,13,855,1,2,
4114,100,Software install request,2026-07-20T15:20:00,2026-07-20T16:02:00,2026-07-21T01:20:00,2026-07-21T01:20:00,true,9,15,895,2,2,
6270,117,Shared drive access,2026-07-20T15:38:00,2026-07-20T17:31:00,2026-07-22T05:38:00,2026-07-22T05:38:00,true,9,11,602,1,2,
5504,110,Teams audio issue,2026-07-20T15:42:00,2026-07-20T16:16:00,2026-07-21T00:42:00,2026-07-21T00:42:00,true,9,,585,2,1,
5369,109,Shared drive access,2026-07-20T16:15:00,2026-07-20T18:00:00,2026-07-21T01:15:00,2026-07-21T01:15:00,true,9,12,867,2,1,
6492,119,MFA reset,2026-07-20T16:59:00,2026-07-20T23:15:00,2026-07-21T13:59:00,2026-07-21T13:59:00,true,9,14,819,4,2,
5927,113,Backup job failed,2026-07-20T17:05:00,2026-07-20T18:03:00,2026-07-22T10:05:00,2026-07-22T10:05:00,true,9,14,882,1,1,
6799,122,Firewall rule change,2026-07-20T17:14:00,2026-07-20T18:25:00,2026-07-22T13:14:00,2026-07-22T13:14:00,true,9,15,695,4,1,
5931,113,New starter setup,2026-07-20T17:21:00,2026-07-20T18:36:00,2026-07-21T12:21:00,2026-07-21T12:21:00,true,9,12,573,3,1,
6497,119,Outlook not syncing,2026-07-20T17:38:00,2026-07-21T00:43:00,2026-07-21T14:38:00,2026-07-21T14:38:00,true,9,15,680,1,2,
6930,124,Printer offline,2026-07-21T08:28:00,2026-07-21T08:44:00,2026-07-21T20:28:00,2026-07-21T20:28:00,true,9,16,671,3,2,
6795,122,Shared drive access,2026-07-21T13:48:00,2026-07-21T15:01:00,2026-07-23T12:48:00,2026-07-23T12:48:00,true,9,12,590,1,2,
5636,111,Backup job failed,2026-07-21T14:07:00,2026-07-21T14:23:00,2026-07-25T12:07:00,2026-07-25T12:07:00,true,9,16,531,1,2,
5928,113,New starter setup,2026-07-21T16:14:00,2026-07-21T16:51:00,2026-07-22T15:14:00,2026-07-22T15:14:00,true,9,12,774,2,1,
5784,112,Outlook not syncing,2026-07-21T17:43:00,2026-07-21T18:48:00,2026-07-23T01:43:00,2026-07-23T01:43:00,true,9,11,603,2,2,
6377,118,Server disk space,2026-07-21T17:43:00,2026-07-21T19:37:00,2026-07-23T10:43:00,2026-07-23T10:43:00,true,9,16,721,1,2,
5779,112,Shared drive access,2026-07-21T17:57:00,2026-07-21T18:16:00,2026-07-22T23:57:00,2026-07-22T23:57:00,true,9,11,836,4,1,
6262,117,Software install request,2026-07-22T06:42:00,2026-07-22T06:58:00,2026-07-22T17:42:00,2026-07-22T17:42:00,true,9,13,667,2,2,
6798,122,Server disk space,2026-07-22T09:16:00,2026-07-22T10:27:00,,,false,2,11,581,3,1,
5511,110,Shared drive access,2026-07-22T11:29:00,2026-07-22T12:01:00,2026-07-24T04:29:00,2026-07-24T04:29:00,true,9,,854,2,1,
6263,117,Mailbox full,2026-07-22T12:14:00,,,,false,2,11,784,1,1,
6586,120,Firewall rule change,2026-07-22T14:24:00,2026-07-22T15:06:00,2026-07-22T19:24:00,2026-07-22T19:24:00,true,9,12,543,3,2,
5049,107,Server disk space,2026-07-22T14:32:00,2026-07-22T15:48:00,2026-07-24T04:32:00,2026-07-24T04:32:00,true,9,14,701,3,1,
5510,110,MFA reset,2026-07-22T16:02:00,2026-07-22T16:27:00,,,false,3,,824,2,1,
5925,113,Outlook not syncing,2026-07-22T16:28:00,2026-07-22T17:27:00,2026-07-23T14:28:00,2026-07-23T14:28:00,true,9,12,562,1,1,
6710,121,Firewall rule change,2026-07-22T16:57:00,2026-07-22T18:53:00,2026-07-24T15:57:00,2026-07-24T15:57:00,true,9,13,733,2,2,
6499,119,Shared drive access,2026-07-22T16:59:00,2026-07-22T23:20:00,2026-07-23T08:59:00,2026-07-23T08:59:00,true,9,15,738,1,1,
5785,112,Backup job failed,2026-07-23T14:07:00,,,,false,2,13,670,4,1,
6929,124,Teams audio issue,2026-07-23T14:31:00,2026-07-23T15:15:00,2026-07-24T06:31:00,2026-07-24T06:31:00,true,9,15,685,1,1,
4772,105,Software install request,2026-07-23T15:49:00,,,,false,1,14,856,1,1,
6014,114,Software install request,2026-07-23T16:52:00,2026-07-23T18:08:00,2026-07-25T09:52:00,2026-07-25T09:52:00,true,9,15,581,4,2,
6016,114,Laptop running slowly,2026-07-24T10:30:00,2026-07-24T12:05:00,2026-07-25T05:30:00,2026-07-25T05:30:00,true,9,14,752,3,1,
5365,109,New starter setup,2026-07-24T11:00:00,2026-07-24T12:57:00,,,false,3,16,631,1,2,
5367,109,New starter setup,2026-07-24T15:09:00,2026-07-24T16:00:00,2026-07-25T07:09:00,2026-07-25T07:09:00,true,9,13,807,1,1,
5364,109,Software install request,2026-07-24T16:20:00,,,,false,1,15,748,2,2,
4430,102,New starter setup,2026-07-24T17:22:00,,,,false,3,11,850,2,2,
5055,107,New starter setup,2026-07-27T08:10:00,2026-07-27T10:00:00,2026-07-29T07:10:00,2026-07-29T07:10:00,true,9,15,701,3,2,
4107,100,Backup job failed,2026-07-27T08:13:00,2026-07-27T09:36:00,2026-07-28T19:13:00,2026-07-28T19:13:00,true,9,12,849,3,1,
4122,100,Laptop running slowly,2026-07-27T09:37:00,2026-07-27T11:08:00,2026-07-27T11:37:00,2026-07-27T11:37:00,true,9,13,831,4,1,
5070,107,Shared drive access,2026-07-27T09:38:00,2026-07-27T11:08:00,2026-07-27T16:38:00,2026-07-27T16:38:00,true,9,16,701,3,1,
5385,109,Mailbox full,2026-07-27T09:44:00,2026-07-27T11:35:00,2026-07-27T17:44:00,2026-07-27T17:44:00,true,9,15,668,1,2,
6487,119,Mailbox full,2026-07-27T09:56:00,2026-07-27T13:58:00,2026-07-27T14:56:00,2026-07-27T14:56:00,true,9,15,696,4,2,
5932,113,Software install request,2026-07-27T10:21:00,2026-07-27T10:57:00,2026-07-29T00:21:00,2026-07-29T00:21:00,true,9,13,879,3,2,
6303,117,VPN connection dropping,2026-07-27T10:31:00,2026-07-27T11:50:00,2026-07-28T01:31:00,2026-07-28T01:31:00,true,9,11,599,3,1,
5384,109,Password reset,2026-07-27T10:35:00,2026-07-27T11:51:00,2026-07-29T01:35:00,2026-07-29T01:35:00,true,9,16,759,1,2,
4780,105,Software install request,2026-07-27T10:36:00,,,,false,1,12,501,4,1,
5936,113,Server disk space,2026-07-27T10:43:00,2026-07-27T12:27:00,2026-07-27T16:43:00,2026-07-27T16:43:00,true,9,16,658,4,2,
6858,123,MFA reset,2026-07-27T11:21:00,2026-07-27T11:57:00,2026-07-28T10:21:00,2026-07-28T10:21:00,true,9,15,638,3,2,
5170,108,Firewall rule change,2026-07-27T11:26:00,2026-07-27T13:06:00,2026-07-28T06:26:00,2026-07-28T06:26:00,true,9,14,552,1,1,
6809,122,Password reset,2026-07-27T11:34:00,2026-07-27T12:45:00,2026-07-29T02:34:00,2026-07-29T02:34:00,true,9,15,517,3,1,
5370,109,Teams audio issue,2026-07-27T12:35:00,2026-07-27T14:10:00,2026-07-28T10:35:00,2026-07-28T10:35:00,true,9,16,669,4,2,
5066,107,Teams audio issue,2026-07-27T13:18:00,,,,false,3,14,701,3,2,
6295,117,Backup job failed,2026-07-27T13:33:00,2026-07-27T15:08:00,2026-07-28T01:33:00,2026-07-28T01:33:00,true,9,14,566,3,1,
6098,115,Printer offline,2026-07-27T13:58:00,2026-07-27T14:33:00,2026-07-28T17:58:00,2026-07-28T17:58:00,true,9,12,642,3,2,
6017,114,New starter setup,2026-07-27T14:27:00,2026-07-27T16:27:00,2026-07-28T19:27:00,2026-07-28T19:27:00,true,9,11,618,4,2,
4785,105,Backup job failed,2026-07-27T14:37:00,,,,false,1,12,854,2,2,
5056,107,Server disk space,2026-07-27T14:38:00,2026-07-27T15:42:00,2026-07-28T20:38:00,2026-07-28T20:38:00,true,9,15,702,2,1,
6501,119,Shared drive access,2026-07-27T15:23:00,2026-07-27T23:20:00,2026-07-29T06:23:00,2026-07-29T06:23:00,true,9,16,715,3,1,
6714,121,Printer offline,2026-07-27T15:56:00,2026-07-27T16:46:00,2026-07-28T00:56:00,2026-07-28T00:56:00,true,9,13,606,2,1,
4767,105,Password reset,2026-07-27T16:27:00,,,,false,1,16,880,1,2,
4145,100,Teams audio issue,2026-07-27T16:30:00,2026-07-27T17:55:00,2026-07-29T11:30:00,2026-07-29T11:30:00,true,9,16,676,4,1,
4133,100,Outlook not syncing,2026-07-27T16:49:00,2026-07-27T17:43:00,2026-07-28T07:49:00,2026-07-28T07:49:00,true,9,11,547,3,2,
6020,114,Software install request,2026-07-27T17:00:00,2026-07-27T18:18:00,2026-07-28T12:00:00,2026-07-28T12:00:00,true,9,12,885,1,2,
5389,109,Printer offline,2026-07-27T17:02:00,2026-07-27T18:00:00,2026-07-29T06:02:00,2026-07-29T06:02:00,true,9,15,574,2,1,
4787,105,Shared drive access,2026-07-27T17:04:00,2026-07-27T17:30:00,2026-07-28T21:04:00,2026-07-28T21:04:00,true,9,13,705,4,1,
6588,120,VPN connection dropping,2026-07-27T17:47:00,2026-07-27T19:17:00,2026-07-29T02:47:00,2026-07-29T02:47:00,true,9,11,875,3,1,
6379,118,Firewall rule change,2026-07-27T17:59:00,2026-07-27T18:18:00,2026-07-29T06:59:00,2026-07-29T06:59:00,true,9,15,802,2,2,
4154,100,Phone system fault,2026-07-27T21:30:00,2026-07-27T22:23:00,2026-07-29T10:30:00,2026-07-29T10:30:00,true,9,14,615,1,1,
4923,106,MFA reset,2026-07-27T23:23:00,2026-07-28T01:00:00,2026-07-28T02:23:00,2026-07-28T02:23:00,true,9,14,816,4,1,
6382,118,Software install request,2026-07-28T10:14:00,2026-07-28T10:36:00,2026-07-29T14:14:00,2026-07-29T14:14:00,true,9,16,831,4,1,
5652,111,Teams audio issue,2026-07-28T10:19:00,2026-07-28T11:04:00,2026-08-02T09:19:00,2026-08-02T09:19:00,true,9,12,577,2,1,
4147,100,Phone system fault,2026-07-28T11:46:00,2026-07-28T13:07:00,2026-07-30T05:46:00,2026-07-30T05:46:00,true,9,11,750,3,1,
6721,121,Firewall rule change,2026-07-28T12:42:00,2026-07-28T14:39:00,2026-07-30T09:42:00,2026-07-30T09:42:00,true,9,15,575,4,2,
4129,100,Password reset,2026-07-28T12:48:00,2026-07-28T14:46:00,2026-07-28T21:48:00,2026-07-28T21:48:00,true,9,16,665,3,1,
6507,119,New starter setup,2026-07-28T13:06:00,2026-07-28T18:46:00,2026-07-30T08:06:00,2026-07-30T08:06:00,true,9,14,686,3,1,
6802,122,Backup job failed,2026-07-28T14:51:00,2026-07-28T15:07:00,2026-07-29T04:51:00,2026-07-29T04:51:00,true,9,11,655,1,1,
6505,119,Mailbox full,2026-07-28T16:49:00,2026-07-29T02:47:00,2026-07-29T03:49:00,2026-07-29T03:49:00,true,9,16,618,4,1,
6304,117,Phone system fault,2026-07-28T17:13:00,2026-07-28T18:45:00,2026-07-30T06:13:00,2026-07-30T06:13:00,true,9,13,573,4,2,
6589,120,Phone system fault,2026-07-28T20:06:00,2026-07-28T21:02:00,2026-07-30T08:06:00,2026-07-30T08:06:00,true,9,13,634,4,2,
4929,106,Laptop running slowly,2026-07-28T20:46:00,2026-07-28T21:56:00,2026-07-29T05:46:00,2026-07-29T05:46:00,true,9,16,700,2,1,
6100,115,Mailbox full,2026-07-29T08:20:00,2026-07-29T09:43:00,2026-07-29T23:20:00,2026-07-29T23:20:00,true,9,13,827,4,1,
4153,100,Printer offline,2026-07-29T11:05:00,2026-07-29T12:53:00,2026-07-30T11:05:00,2026-07-30T11:05:00,true,9,12,814,1,2,
6506,119,VPN connection dropping,2026-07-29T12:07:00,2026-07-29T18:59:00,2026-07-31T01:07:00,2026-07-31T01:07:00,true,9,11,576,3,1,
5646,111,Phone system fault,2026-07-29T13:53:00,2026-07-29T14:57:00,2026-08-01T11:53:00,2026-08-01T11:53:00,true,9,13,695,3,1,
4926,106,Printer offline,2026-07-29T14:48:00,2026-07-29T16:01:00,2026-07-30T20:48:00,2026-07-30T20:48:00,true,9,11,680,2,1,
5179,108,Password reset,2026-07-29T15:11:00,2026-07-29T15:30:00,2026-07-30T14:11:00,2026-07-30T14:11:00,true,9,11,727,1,2,
5793,112,MFA reset,2026-07-29T16:34:00,2026-07-29T17:43:00,2026-07-31T11:34:00,2026-07-31T11:34:00,true,9,11,692,3,2,
5380,109,Password reset,2026-07-29T17:16:00,2026-07-29T18:34:00,2026-07-30T09:16:00,2026-07-30T09:16:00,true,9,14,771,4,2,
6294,117,Mailbox full,2026-07-29T17:55:00,,,,false,3,13,543,3,2,
4437,102,Outlook not syncing,2026-07-29T17:59:00,2026-07-30T00:30:00,2026-07-31T15:59:00,2026-07-31T15:59:00,true,9,16,655,1,2,
4919,106,Server disk space,2026-07-30T03:55:00,2026-07-30T04:24:00,2026-07-31T19:55:00,2026-07-31T19:55:00,true,9,14,890,3,2,
4917,106,Password reset,2026-07-30T06:20:00,2026-07-30T07:19:00,2026-07-31T18:20:00,2026-07-31T18:20:00,true,9,11,710,4,1,
4921,106,Printer offline,2026-07-30T06:56:00,2026-07-30T07:16:00,2026-07-31T22:56:00,2026-07-31T22:56:00,true,9,13,705,2,1,
4606,103,Laptop running slowly,2026-07-30T12:04:00,2026-07-30T12:43:00,2026-08-01T02:04:00,2026-08-01T02:04:00,true,9,12,684,2,2,
5647,111,Shared drive access,2026-07-30T12:32:00,2026-07-30T13:14:00,2026-08-04T18:32:00,2026-08-04T18:32:00,true,9,11,690,1,1,
5388,109,Shared drive access,2026-07-30T14:12:00,2026-07-30T14:44:00,2026-07-31T15:12:00,2026-07-31T15:12:00,true,9,15,524,1,1,
5064,107,Phone system fault,2026-07-30T14:20:00,2026-07-30T14:57:00,2026-08-01T03:20:00,2026-08-01T03:20:00,true,9,15,701,4,1,
5521,110,Printer offline,2026-07-30T15:24:00,2026-07-30T16:29:00,2026-07-31T04:24:00,2026-07-31T04:24:00,true,9,,610,2,2,
6803,122,New starter setup,2026-07-30T16:02:00,2026-07-30T17:22:00,2026-08-01T00:02:00,2026-08-01T00:02:00,true,9,11,504,2,1,
6305,117,VPN connection dropping,2026-07-31T09:52:00,2026-07-31T10:40:00,2026-08-01T01:52:00,2026-08-01T01:52:00,true,9,14,704,1,1,
4136,100,VPN connection dropping,2026-07-31T10:34:00,2026-07-31T11:48:00,2026-07-31T18:34:00,2026-07-31T18:34:00,true,9,12,560,1,2,
6101,115,Backup job failed,2026-07-31T11:47:00,2026-07-31T13:41:00,2026-08-01T05:47:00,2026-08-01T05:47:00,true,9,16,889,2,1,
6718,121,VPN connection dropping,2026-07-31T13:54:00,2026-07-31T15:06:00,2026-08-02T10:54:00,2026-08-02T10:54:00,true,9,14,781,4,2,
4152,100,Phone system fault,2026-07-31T14:30:00,,,,false,2,15,652,1,2,
6935,124,Shared drive access,2026-07-31T14:41:00,2026-07-31T16:05:00,2026-08-01T12:41:00,2026-08-01T12:41:00,true,9,13,874,2,1,
4155,100,Phone system fault,2026-07-31T16:55:00,2026-07-31T17:59:00,2026-07-31T19:55:00,2026-07-31T19:55:00,true,9,12,664,2,1,
4783,105,Shared drive access,2026-07-31T23:21:00,,,,false,1,13,678,2,1,
4922,106,Teams audio issue,2026-08-01T23:49:00,2026-08-02T00:55:00,2026-08-02T07:49:00,2026-08-02T07:49:00,true,9,13,692,2,1,
4128,100,Phone system fault,2026-08-02T02:27:00,2026-08-02T03:58:00,2026-08-03T00:27:00,2026-08-03T00:27:00,true,9,16,811,4,2,
4924,106,Laptop running slowly,2026-08-02T20:32:00,2026-08-02T21:51:00,2026-08-02T23:32:00,2026-08-02T23:32:00,true,9,14,571,1,1,
4436,102,Password reset,2026-08-02T23:06:00,2026-08-03T05:20:00,2026-08-04T20:06:00,2026-08-04T20:06:00,true,9,13,575,1,1,
6384,118,Laptop running slowly,2026-08-03T03:08:00,2026-08-03T03:52:00,2026-08-05T03:08:00,2026-08-05T03:08:00,true,9,12,858,1,1,
5063,107,Mailbox full,2026-08-03T08:05:00,2026-08-03T08:39:00,2026-08-03T17:05:00,2026-08-03T17:05:00,true,9,11,701,4,1,
6104,115,Teams audio issue,2026-08-03T08:10:00,,,,false,3,15,669,2,1,
6937,124,Software install request,2026-08-03T08:13:00,2026-08-03T09:36:00,2026-08-03T12:13:00,2026-08-03T12:13:00,true,9,12,633,3,2,
4148,100,Teams audio issue,2026-08-03T08:14:00,2026-08-03T09:05:00,2026-08-05T03:14:00,2026-08-05T03:14:00,true,9,14,834,4,1,
5180,108,New starter setup,2026-08-03T08:20:00,2026-08-03T09:28:00,2026-08-03T23:20:00,2026-08-03T23:20:00,true,9,11,863,1,1,
5804,112,Mailbox full,2026-08-03T08:51:00,2026-08-03T09:37:00,2026-08-03T19:51:00,2026-08-03T19:51:00,true,9,14,673,2,1,
5062,107,Software install request,2026-08-03T09:48:00,2026-08-03T11:47:00,2026-08-04T00:48:00,2026-08-04T00:48:00,true,9,11,701,1,1,
5068,107,Shared drive access,2026-08-03T10:38:00,2026-08-03T12:33:00,2026-08-05T02:38:00,2026-08-05T02:38:00,true,9,12,701,2,2,
4927,106,Laptop running slowly,2026-08-03T10:54:00,,,,false,3,16,746,3,1,
6717,121,Teams audio issue,2026-08-03T11:08:00,2026-08-03T11:51:00,2026-08-04T21:08:00,2026-08-04T21:08:00,true,9,11,849,4,2,
6306,117,Outlook not syncing,2026-08-03T11:44:00,2026-08-03T13:13:00,2026-08-04T15:44:00,2026-08-04T15:44:00,true,9,11,837,4,1,
6103,115,Teams audio issue,2026-08-03T11:50:00,2026-08-03T13:16:00,,,false,2,11,826,3,1,
5649,111,MFA reset,2026-08-03T12:26:00,2026-08-03T13:49:00,2026-08-08T01:26:00,2026-08-08T01:26:00,true,9,14,565,3,1,
6860,123,Backup job failed,2026-08-03T12:26:00,2026-08-03T14:14:00,2026-08-04T02:26:00,2026-08-04T02:26:00,true,9,11,808,4,2,
6097,115,Outlook not syncing,2026-08-03T13:43:00,2026-08-03T15:41:00,2026-08-04T16:43:00,2026-08-04T16:43:00,true,9,13,629,4,1,
6291,117,Printer offline,2026-08-03T14:02:00,2026-08-03T14:29:00,2026-08-04T18:02:00,2026-08-04T18:02:00,true,9,16,605,4,1,
5800,112,Software install request,2026-08-03T14:15:00,2026-08-03T16:01:00,2026-08-04T01:15:00,2026-08-04T01:15:00,true,9,15,869,3,1,
6715,121,Teams audio issue,2026-08-03T14:43:00,2026-08-03T15:16:00,2026-08-04T04:43:00,2026-08-04T04:43:00,true,9,11,863,3,1,
6936,124,Shared drive access,2026-08-03T14:50:00,2026-08-03T16:29:00,2026-08-04T18:50:00,2026-08-04T18:50:00,true,9,16,706,3,2,
5073,107,Firewall rule change,2026-08-03T14:59:00,2026-08-03T15:22:00,2026-08-04T11:59:00,2026-08-04T11:59:00,true,9,13,701,3,1,
4781,105,Printer offline,2026-08-03T15:21:00,,,,false,2,12,880,2,2,
6301,117,Firewall rule change,2026-08-03T15:33:00,2026-08-03T16:29:00,2026-08-04T08:33:00,2026-08-04T08:33:00,true,9,14,622,3,1,
4784,105,VPN connection dropping,2026-08-03T15:45:00,2026-08-03T17:05:00,2026-08-05T04:45:00,2026-08-05T04:45:00,true,9,16,544,3,1,
6381,118,Firewall rule change,2026-08-03T15:49:00,2026-08-03T17:42:00,2026-08-04T17:49:00,2026-08-04T17:49:00,true,9,14,621,1,1,
4131,100,New starter setup,2026-08-03T16:10:00,2026-08-03T17:41:00,2026-08-04T06:10:00,2026-08-04T06:10:00,true,9,12,834,1,1,
6299,117,New starter setup,2026-08-03T16:19:00,2026-08-03T16:48:00,2026-08-04T01:19:00,2026-08-04T01:19:00,true,9,14,763,1,2,
5519,110,Teams audio issue,2026-08-03T17:09:00,,,,false,3,,863,2,2,
5795,112,New starter setup,2026-08-03T17:13:00,2026-08-03T17:31:00,2026-08-04T22:13:00,2026-08-04T22:13:00,true,9,14,749,3,1,
5392,109,Mailbox full,2026-08-04T03:42:00,2026-08-04T05:18:00,2026-08-04T21:42:00,2026-08-04T21:42:00,true,9,11,797,1,1,
6307,117,Shared drive access,2026-08-04T08:09:00,2026-08-04T08:46:00,2026-08-05T13:09:00,2026-08-05T13:09:00,true,9,16,611,3,2,
4134,100,Outlook not syncing,2026-08-04T08:14:00,2026-08-04T09:30:00,2026-08-05T04:14:00,2026-08-05T04:14:00,true,9,14,550,4,1,
5394,109,Firewall rule change,2026-08-04T08:22:00,2026-08-04T09:02:00,2026-08-05T09:22:00,2026-08-05T09:22:00,true,9,13,794,1,1,
5391,109,Laptop running slowly,2026-08-04T10:15:00,2026-08-04T12:07:00,2026-08-04T16:15:00,2026-08-04T16:15:00,true,9,12,774,3,1,
4611,103,Software install request,2026-08-04T11:40:00,2026-08-04T12:44:00,2026-08-05T12:40:00,2026-08-05T12:40:00,true,9,12,827,1,1,
5387,109,Backup job failed,2026-08-04T13:40:00,2026-08-04T14:20:00,2026-08-04T23:40:00,2026-08-04T23:40:00,true,9,12,861,1,2,
5396,109,Password reset,2026-08-04T14:25:00,2026-08-04T15:47:00,2026-08-05T15:25:00,2026-08-05T15:25:00,true,9,13,564,1,1,
6286,117,Phone system fault,2026-08-04T21:19:00,2026-08-04T21:35:00,2026-08-06T17:19:00,2026-08-06T17:19:00,true,9,12,616,2,2,
4605,103,Server disk space,2026-08-05T10:42:00,2026-08-05T11:11:00,2026-08-06T19:42:00,2026-08-06T19:42:00,true,9,14,576,1,1,
5792,112,Server disk space,2026-08-05T13:44:00,2026-08-05T15:01:00,2026-08-05T17:44:00,2026-08-05T17:44:00,true,9,13,843,3,2,
5801,112,Server disk space,2026-08-05T13:49:00,2026-08-05T14:31:00,2026-08-06T03:49:00,2026-08-06T03:49:00,true,9,13,755,4,2,
4140,100,VPN connection dropping,2026-08-05T14:35:00,2026-08-05T15:36:00,2026-08-06T22:35:00,2026-08-06T22:35:00,true,9,15,879,4,1,
4135,100,Server disk space,2026-08-05T16:33:00,2026-08-05T18:30:00,2026-08-06T21:33:00,2026-08-06T21:33:00,true,9,15,799,2,1,
5802,112,New starter setup,2026-08-05T17:56:00,2026-08-05T18:22:00,2026-08-07T12:56:00,2026-08-07T12:56:00,true,9,13,524,3,1,
6308,117,MFA reset,2026-08-06T08:26:00,2026-08-06T09:07:00,2026-08-07T12:26:00,2026-08-07T12:26:00,true,9,16,861,2,2,
5528,110,Shared drive access,2026-08-06T12:49:00,2026-08-06T14:28:00,2026-08-07T23:49:00,2026-08-07T23:49:00,true,9,,856,2,2,
4150,100,Printer offline,2026-08-06T13:54:00,2026-08-06T15:40:00,2026-08-07T03:54:00,2026-08-07T03:54:00,true,9,15,769,2,2,
5184,108,Printer offline,2026-08-06T14:52:00,2026-08-06T16:47:00,2026-08-07T10:52:00,2026-08-07T10:52:00,true,9,11,618,4,1,
6503,119,Shared drive access,2026-08-06T15:34:00,2026-08-06T23:28:00,2026-08-07T05:34:00,2026-08-07T05:34:00,true,9,16,538,3,1,
4149,100,Backup job failed,2026-08-06T16:57:00,2026-08-06T17:20:00,2026-08-06T20:57:00,2026-08-06T20:57:00,true,9,12,709,4,1,
4920,106,Mailbox full,2026-08-07T02:26:00,2026-08-07T03:23:00,2026-08-08T13:26:00,2026-08-08T13:26:00,true,9,13,647,2,2,
5072,107,Mailbox full,2026-08-07T03:41:00,2026-08-07T05:26:00,2026-08-07T06:41:00,2026-08-07T06:41:00,true,9,11,701,1,1,
5934,113,Firewall rule change,2026-08-07T08:00:00,2026-08-07T09:04:00,2026-08-08T13:00:00,2026-08-08T13:00:00,true,9,12,777,4,1,
4435,102,Teams audio issue,2026-08-07T11:09:00,2026-08-07T16:19:00,2026-08-08T00:09:00,2026-08-08T00:09:00,true,9,12,820,1,2,
5071,107,Teams audio issue,2026-08-07T11:36:00,2026-08-07T12:56:00,2026-08-08T15:36:00,2026-08-08T15:36:00,true,9,16,701,3,1,
4146,100,Mailbox full,2026-08-07T12:15:00,,,,false,3,12,710,1,1,
6511,119,Backup job failed,2026-08-07T13:04:00,2026-08-07T20:28:00,2026-08-08T03:04:00,2026-08-08T03:04:00,true,9,11,750,1,2,
5182,108,Software install request,2026-08-07T15:01:00,2026-08-07T16:24:00,2026-08-09T00:01:00,2026-08-09T00:01:00,true,9,12,634,4,2,
6859,123,Phone system fault,2026-08-07T15:54:00,2026-08-07T17:00:00,2026-08-07T23:54:00,2026-08-07T23:54:00,true,9,15,814,3,2,
5798,112,Mailbox full,2026-08-08T03:21:00,2026-08-08T04:47:00,2026-08-09T18:21:00,2026-08-09T18:21:00,true,9,12,526,4,1,
5381,109,Teams audio issue,2026-08-09T02:06:00,2026-08-09T02:54:00,2026-08-09T09:06:00,2026-08-09T09:06:00,true,9,15,551,3,2,
5069,107,Teams audio issue,2026-08-10T03:25:00,2026-08-10T05:08:00,2026-08-11T22:25:00,2026-08-11T22:25:00,true,9,16,701,2,2,
5393,109,MFA reset,2026-08-10T09:50:00,2026-08-10T10:42:00,2026-08-10T17:50:00,2026-08-10T17:50:00,true,9,16,562,4,1,
6808,122,Laptop running slowly,2026-08-10T09:54:00,2026-08-10T11:37:00,2026-08-11T03:54:00,2026-08-11T03:54:00,true,9,16,799,4,2,
5378,109,Outlook not syncing,2026-08-10T09:58:00,2026-08-10T10:34:00,2026-08-10T21:58:00,2026-08-10T21:58:00,true,9,14,504,4,1,
5067,107,Software install request,2026-08-10T09:59:00,2026-08-10T11:24:00,2026-08-11T19:59:00,2026-08-11T19:59:00,true,9,14,702,2,1,
6025,114,Outlook not syncing,2026-08-10T10:07:00,2026-08-10T12:04:00,2026-08-11T17:07:00,2026-08-11T17:07:00,true,9,12,900,4,1,
6512,119,Phone system fault,2026-08-10T10:16:00,2026-08-10T15:22:00,2026-08-11T14:16:00,2026-08-11T14:16:00,true,9,11,751,3,1,
5648,111,MFA reset,2026-08-10T11:20:00,2026-08-10T11:58:00,2026-08-15T02:20:00,2026-08-15T02:20:00,true,9,14,524,1,1,
4151,100,MFA reset,2026-08-10T12:41:00,2026-08-10T14:25:00,2026-08-10T22:41:00,2026-08-10T22:41:00,true,9,11,720,1,1,
5523,110,New starter setup,2026-08-10T13:00:00,2026-08-10T13:36:00,2026-08-11T18:00:00,2026-08-11T18:00:00,true,9,,803,4,2,
5797,112,Printer offline,2026-08-10T13:24:00,2026-08-10T14:22:00,2026-08-10T20:24:00,2026-08-10T20:24:00,true,9,13,762,2,1,
6105,115,Backup job failed,2026-08-10T13:26:00,2026-08-10T14:15:00,2026-08-10T21:26:00,2026-08-10T21:26:00,true,9,11,733,2,1,
6292,117,Outlook not syncing,2026-08-10T13:46:00,2026-08-10T14:07:00,2026-08-11T12:46:00,2026-08-11T12:46:00,true,9,12,554,3,2,
5074,107,Printer offline,2026-08-10T14:06:00,2026-08-10T15:39:00,,,false,1,12,701,3,1,
4433,102,MFA reset,2026-08-10T14:27:00,2026-08-10T22:01:00,,,false,3,11,753,3,1,
5178,108,Firewall rule change,2026-08-10T14:29:00,2026-08-10T16:10:00,2026-08-10T16:29:00,2026-08-10T16:29:00,true,9,15,603,3,1,
5383,109,Backup job failed,2026-08-10T14:54:00,,,,false,3,12,859,3,1,
4139,100,Outlook not syncing,2026-08-10T15:06:00,2026-08-10T16:41:00,2026-08-11T07:06:00,2026-08-11T07:06:00,true,9,16,677,1,2,
4141,100,Software install request,2026-08-10T15:37:00,2026-08-10T17:23:00,2026-08-10T23:37:00,2026-08-10T23:37:00,true,9,12,521,4,1,
6510,119,VPN connection dropping,2026-08-10T16:29:00,2026-08-11T00:27:00,2026-08-11T09:29:00,2026-08-11T09:29:00,true,9,13,550,3,2,
4928,106,Mailbox full,2026-08-10T16:47:00,2026-08-10T17:03:00,2026-08-11T16:47:00,2026-08-11T16:47:00,true,9,15,657,1,1,
4438,102,Backup job failed,2026-08-10T17:12:00,2026-08-11T02:46:00,2026-08-12T16:12:00,2026-08-12T16:12:00,true,9,11,705,2,1,
6287,117,New starter setup,2026-08-10T17:41:00,2026-08-10T19:08:00,2026-08-11T05:41:00,2026-08-11T05:41:00,true,9,12,631,4,1,
6504,119,VPN connection dropping,2026-08-10T17:56:00,2026-08-11T02:53:00,2026-08-12T03:56:00,2026-08-12T03:56:00,true,9,11,597,2,1,
4925,106,MFA reset,2026-08-11T05:40:00,2026-08-11T06:17:00,2026-08-12T23:40:00,2026-08-12T23:40:00,true,9,16,836,3,2,
5806,112,New starter setup,2026-08-11T08:03:00,,,,false,3,12,620,4,1,
4615,103,Server disk space,2026-08-11T08:41:00,2026-08-11T09:48:00,2026-08-12T13:41:00,2026-08-12T13:41:00,true,9,15,645,4,1,
5524,110,New starter setup,2026-08-11T08:49:00,2026-08-11T10:24:00,2026-08-13T05:49:00,2026-08-13T05:49:00,true,9,,546,2,1,
5382,109,Phone system fault,2026-08-11T10:00:00,2026-08-11T11:56:00,2026-08-12T19:00:00,2026-08-12T19:00:00,true,9,11,806,4,2,
5386,109,Software install request,2026-08-11T10:37:00,2026-08-11T11:14:00,2026-08-12T23:37:00,2026-08-12T23:37:00,true,9,12,595,1,1,
4607,103,Software install request,2026-08-11T10:45:00,2026-08-11T11:27:00,2026-08-12T22:45:00,2026-08-12T22:45:00,true,9,16,590,1,1,
4143,100,Firewall rule change,2026-08-11T11:29:00,2026-08-11T12:00:00,2026-08-11T13:29:00,2026-08-11T13:29:00,true,9,15,600,1,1,
5933,113,Shared drive access,2026-08-11T14:42:00,2026-08-11T15:03:00,2026-08-12T07:42:00,2026-08-12T07:42:00,true,9,16,758,3,1,
6508,119,Phone system fault,2026-08-11T15:34:00,2026-08-11T20:59:00,2026-08-13T01:34:00,2026-08-13T01:34:00,true,9,14,501,1,2,
5183,108,Teams audio issue,2026-08-11T15:45:00,2026-08-11T16:26:00,2026-08-12T02:45:00,2026-08-12T02:45:00,true,9,11,658,1,1,
6298,117,Backup job failed,2026-08-11T16:38:00,2026-08-11T17:16:00,2026-08-13T05:38:00,2026-08-13T05:38:00,true,9,11,738,3,2,
6513,119,VPN connection dropping,2026-08-11T16:52:00,2026-08-12T01:41:00,2026-08-13T12:52:00,2026-08-13T12:52:00,true,9,11,814,2,2,
5651,111,Shared drive access,2026-08-11T17:00:00,2026-08-11T18:53:00,2026-08-14T18:00:00,2026-08-14T18:00:00,true,9,12,648,4,1,
6502,119,VPN connection dropping,2026-08-12T08:04:00,2026-08-12T14:45:00,2026-08-13T06:04:00,2026-08-13T06:04:00,true,9,11,698,1,1,
6293,117,Shared drive access,2026-08-12T10:58:00,2026-08-12T11:58:00,2026-08-12T12:58:00,2026-08-12T12:58:00,true,9,11,876,3,1,
4779,105,Printer offline,2026-08-12T12:15:00,2026-08-12T12:57:00,2026-08-13T09:15:00,2026-08-13T09:15:00,true,9,16,574,1,2,
5527,110,Software install request,2026-08-12T14:05:00,2026-08-12T14:24:00,2026-08-13T10:05:00,2026-08-13T10:05:00,true,9,,800,4,2,
4442,102,Shared drive access,2026-08-12T14:49:00,2026-08-12T20:01:00,2026-08-13T00:49:00,2026-08-13T00:49:00,true,9,13,665,1,2,
6021,114,Server disk space,2026-08-12T16:21:00,2026-08-12T18:20:00,2026-08-12T23:21:00,2026-08-12T23:21:00,true,9,16,750,2,1,
6099,115,Shared drive access,2026-08-12T16:39:00,2026-08-12T17:33:00,2026-08-14T13:39:00,2026-08-14T13:39:00,true,9,14,674,3,2,
5803,112,Firewall rule change,2026-08-12T17:13:00,,,,false,3,13,714,4,1,
4614,103,Laptop running slowly,2026-08-12T17:32:00,2026-08-12T18:09:00,2026-08-13T04:32:00,2026-08-13T04:32:00,true,9,11,530,3,2,
5065,107,VPN connection dropping,2026-08-12T21:06:00,2026-08-12T22:08:00,2026-08-13T10:06:00,2026-08-13T10:06:00,true,9,15,702,3,1,
4142,100,Shared drive access,2026-08-12T21:13:00,2026-08-12T22:49:00,2026-08-13T16:13:00,2026-08-13T16:13:00,true,9,14,745,2,2,
5185,108,Server disk space,2026-08-13T09:00:00,2026-08-13T09:58:00,2026-08-13T20:00:00,2026-08-13T20:00:00,true,9,15,712,2,1,
5525,110,Backup job failed,2026-08-13T10:18:00,2026-08-13T11:38:00,2026-08-14T19:18:00,2026-08-14T19:18:00,true,9,,513,3,1,
6296,117,Server disk space,2026-08-13T10:22:00,2026-08-13T11:21:00,2026-08-14T06:22:00,2026-08-14T06:22:00,true,9,13,559,2,2,
4319,101,Firewall rule change,2026-08-13T12:03:00,2026-08-13T13:12:00,2026-08-14T13:03:00,2026-08-14T13:03:00,true,9,12,660,1,2,
4610,103,New starter setup,2026-08-13T12:29:00,2026-08-13T14:13:00,,,false,2,12,830,1,1,
6285,117,Backup job failed,2026-08-13T12:46:00,2026-08-13T14:18:00,2026-08-14T03:46:00,2026-08-14T03:46:00,true,9,14,555,2,2,
5390,109,Password reset,2026-08-13T12:49:00,2026-08-13T14:28:00,2026-08-14T12:49:00,2026-08-14T12:49:00,true,9,12,817,4,1,
6807,122,VPN connection dropping,2026-08-13T14:34:00,2026-08-13T15:24:00,2026-08-13T17:34:00,2026-08-13T17:34:00,true,9,13,778,2,1,
5805,112,Server disk space,2026-08-13T14:50:00,2026-08-13T16:34:00,2026-08-15T07:50:00,2026-08-15T07:50:00,true,9,12,650,1,1,
6284,117,Mailbox full,2026-08-13T17:46:00,2026-08-13T19:35:00,2026-08-15T09:46:00,2026-08-15T09:46:00,true,9,11,895,3,1,
6289,117,Mailbox full,2026-08-13T17:47:00,2026-08-13T18:49:00,2026-08-14T06:47:00,2026-08-14T06:47:00,true,9,16,656,2,1,
5790,112,Firewall rule change,2026-08-13T22:58:00,2026-08-13T23:40:00,2026-08-15T12:58:00,2026-08-15T12:58:00,true,9,15,693,4,2,
6806,122,Software install request,2026-08-14T09:04:00,2026-08-14T10:55:00,2026-08-15T10:04:00,2026-08-15T10:04:00,true,9,11,596,2,2,
5650,111,Shared drive access,2026-08-14T14:29:00,2026-08-14T15:48:00,,,false,3,11,872,2,2,
6022,114,Backup job failed,2026-08-14T14:33:00,2026-08-14T15:59:00,2026-08-15T22:33:00,2026-08-15T22:33:00,true,9,11,710,2,2,
6857,123,Software install request,2026-08-14T15:16:00,2026-08-14T17:10:00,2026-08-14T17:16:00,2026-08-14T17:16:00,true,9,16,605,3,2,
6861,123,MFA reset,2026-08-14T15:16:00,2026-08-14T16:50:00,2026-08-15T21:16:00,2026-08-15T21:16:00,true,9,16,716,1,1,
6024,114,Firewall rule change,2026-08-14T17:08:00,2026-08-14T17:30:00,2026-08-15T15:08:00,2026-08-15T15:08:00,true,9,11,650,3,2,
6023,114,Outlook not syncing,2026-08-17T08:38:00,2026-08-17T09:14:00,2026-08-17T12:38:00,2026-08-17T12:38:00,true,9,15,550,2,1,
6804,122,Password reset,2026-08-17T08:50:00,2026-08-17T09:36:00,2026-08-18T11:50:00,2026-08-18T11:50:00,true,9,15,552,3,1,
6290,117,Mailbox full,2026-08-17T10:26:00,2026-08-17T11:12:00,2026-08-19T00:26:00,2026-08-19T00:26:00,true,9,15,646,2,1,
4137,100,Mailbox full,2026-08-17T10:39:00,2026-08-17T11:07:00,2026-08-19T04:39:00,2026-08-19T04:39:00,true,9,14,748,4,1,
4609,103,Firewall rule change,2026-08-17T10:54:00,2026-08-17T11:53:00,2026-08-18T18:54:00,2026-08-18T18:54:00,true,9,16,880,3,1,
6500,119,Password reset,2026-08-17T13:07:00,2026-08-17T20:12:00,2026-08-19T05:07:00,2026-08-19T05:07:00,true,9,14,734,2,1,
4320,101,Software install request,2026-08-17T14:24:00,2026-08-17T15:53:00,2026-08-17T19:24:00,2026-08-17T19:24:00,true,9,15,609,1,2,
4138,100,Printer offline,2026-08-17T14:30:00,2026-08-17T14:50:00,2026-08-18T03:30:00,2026-08-18T03:30:00,true,9,13,549,1,1,
6288,117,Firewall rule change,2026-08-17T15:30:00,2026-08-17T17:26:00,2026-08-17T20:30:00,2026-08-17T20:30:00,true,9,16,617,1,2,
6716,121,Mailbox full,2026-08-17T15:32:00,2026-08-17T17:01:00,2026-08-19T10:32:00,2026-08-19T10:32:00,true,9,15,812,2,1,
6383,118,Software install request,2026-08-17T16:01:00,2026-08-17T17:56:00,2026-08-18T13:01:00,2026-08-18T13:01:00,true,9,16,864,3,1,
4441,102,Printer offline,2026-08-17T16:03:00,2026-08-17T21:47:00,2026-08-17T23:03:00,2026-08-17T23:03:00,true,9,11,556,1,1,
4778,105,Server disk space,2026-08-17T17:23:00,,,,false,3,16,758,4,1,
4144,100,New starter setup,2026-08-17T17:45:00,2026-08-17T18:57:00,2026-08-19T17:45:00,2026-08-19T17:45:00,true,9,14,765,2,2,
4156,100,Software install request,2026-08-17T17:57:00,2026-08-17T18:47:00,2026-08-19T14:57:00,2026-08-19T14:57:00,true,9,12,508,2,2,
4789,105,Firewall rule change,2026-08-18T09:22:00,2026-08-18T09:46:00,2026-08-18T22:22:00,2026-08-18T22:22:00,true,9,12,618,4,1,
5935,113,Password reset,2026-08-18T09:57:00,2026-08-18T11:51:00,2026-08-19T08:57:00,2026-08-19T08:57:00,true,9,14,763,3,1,
5791,112,Password reset,2026-08-18T09:58:00,2026-08-18T10:58:00,2026-08-20T00:58:00,2026-08-20T00:58:00,true,9,14,549,1,1,
6096,115,Software install request,2026-08-18T13:14:00,2026-08-18T14:55:00,2026-08-19T18:14:00,2026-08-19T18:14:00,true,9,11,505,3,1,
6300,117,Server disk space,2026-08-18T23:23:00,2026-08-19T00:19:00,2026-08-19T10:23:00,2026-08-19T10:23:00,true,9,16,578,3,1,
6587,120,Teams audio issue,2026-08-19T09:18:00,2026-08-19T09:50:00,2026-08-21T01:18:00,2026-08-21T01:18:00,true,9,16,644,4,2,
5794,112,Backup job failed,2026-08-19T10:28:00,2026-08-19T10:44:00,2026-08-20T13:28:00,2026-08-20T13:28:00,true,9,15,634,4,1,
5379,109,Backup job failed,2026-08-19T12:01:00,2026-08-19T12:28:00,2026-08-19T21:01:00,2026-08-19T21:01:00,true,9,12,567,2,1,
6302,117,Laptop running slowly,2026-08-19T12:18:00,2026-08-19T13:12:00,2026-08-19T20:18:00,2026-08-19T20:18:00,true,9,11,543,1,1,
4608,103,Laptop running slowly,2026-08-19T14:31:00,2026-08-19T15:26:00,2026-08-20T14:31:00,2026-08-20T14:31:00,true,9,12,632,1,1,
5186,108,Laptop running slowly,2026-08-19T15:05:00,2026-08-19T15:21:00,2026-08-21T12:05:00,2026-08-21T12:05:00,true,9,13,534,4,1,
4127,100,Mailbox full,2026-08-19T17:27:00,2026-08-19T17:56:00,2026-08-20T06:27:00,2026-08-20T06:27:00,true,9,12,749,1,2,
6713,121,Mailbox full,2026-08-19T21:26:00,2026-08-19T21:54:00,2026-08-20T20:26:00,2026-08-20T20:26:00,true,9,16,852,1,1,
5181,108,VPN connection dropping,2026-08-20T03:57:00,2026-08-20T05:00:00,2026-08-20T22:57:00,2026-08-20T22:57:00,true,9,16,661,1,2,
4613,103,VPN connection dropping,2026-08-20T08:48:00,2026-08-20T10:18:00,2026-08-21T07:48:00,2026-08-21T07:48:00,true,9,11,798,1,1,
6805,122,Outlook not syncing,2026-08-20T09:34:00,2026-08-20T11:01:00,2026-08-21T04:34:00,2026-08-21T04:34:00,true,9,12,898,1,1,
4132,100,Outlook not syncing,2026-08-20T10:10:00,2026-08-20T10:50:00,2026-08-21T23:10:00,2026-08-21T23:10:00,true,9,12,554,2,2,
4788,105,VPN connection dropping,2026-08-20T11:30:00,,,,false,1,11,522,3,1,
4916,106,Shared drive access,2026-08-20T12:10:00,2026-08-20T13:38:00,2026-08-21T23:10:00,2026-08-21T23:10:00,true,9,12,558,2,1,
5075,107,Outlook not syncing,2026-08-20T17:05:00,2026-08-20T17:28:00,2026-08-21T12:05:00,2026-08-21T12:05:00,true,9,11,701,3,1,
4918,106,Mailbox full,2026-08-20T19:27:00,2026-08-20T21:15:00,2026-08-22T09:27:00,2026-08-22T09:27:00,true,9,13,848,3,1,
6297,117,Outlook not syncing,2026-08-21T08:28:00,2026-08-21T09:15:00,2026-08-22T15:28:00,2026-08-22T15:28:00,true,9,13,512,1,1,
5522,110,VPN connection dropping,2026-08-21T11:47:00,2026-08-21T13:36:00,2026-08-22T09:47:00,2026-08-22T09:47:00,true,9,,527,2,2,
5796,112,Server disk space,2026-08-21T12:54:00,2026-08-21T13:49:00,2026-08-22T00:54:00,2026-08-22T00:54:00,true,9,12,550,1,1,
5526,110,Printer offline,2026-08-21T19:33:00,2026-08-21T21:07:00,2026-08-23T19:33:00,2026-08-23T19:33:00,true,9,,738,4,1,
4786,105,Server disk space,2026-08-23T21:00:00,,,,false,3,12,596,1,2,
4130,100,Laptop running slowly,2026-08-24T09:44:00,2026-08-24T10:06:00,2026-08-25T02:44:00,2026-08-25T02:44:00,true,9,16,694,4,2,
4439,102,Password reset,2026-08-24T10:08:00,2026-08-24T17:48:00,2026-08-24T22:08:00,2026-08-24T22:08:00,true,9,13,801,4,1,
4612,103,Laptop running slowly,2026-08-24T10:43:00,2026-08-24T11:10:00,2026-08-25T23:43:00,2026-08-25T23:43:00,true,9,11,545,3,1,
4777,105,Firewall rule change,2026-08-24T11:01:00,2026-08-24T12:01:00,2026-08-26T09:01:00,2026-08-26T09:01:00,true,9,12,512,3,1,
5518,110,Server disk space,2026-08-24T11:38:00,2026-08-24T13:17:00,2026-08-24T19:38:00,2026-08-24T19:38:00,true,9,,660,2,1,
6719,121,Mailbox full,2026-08-24T12:22:00,2026-08-24T13:13:00,2026-08-26T01:22:00,2026-08-26T01:22:00,true,9,16,625,2,1,
6102,115,Phone system fault,2026-08-24T13:37:00,2026-08-24T14:25:00,2026-08-25T18:37:00,2026-08-25T18:37:00,true,9,13,648,2,2,
5653,111,VPN connection dropping,2026-08-24T13:44:00,2026-08-24T15:37:00,2026-09-01T02:44:00,2026-09-01T02:44:00,true,9,12,504,1,1,
4782,105,Software install request,2026-08-24T14:37:00,,,,false,3,15,634,3,1,
5799,112,Outlook not syncing,2026-08-24T15:21:00,2026-08-24T16:15:00,2026-08-24T17:21:00,2026-08-24T17:21:00,true,9,16,568,2,2,
4440,102,Outlook not syncing,2026-08-24T15:40:00,2026-08-25T01:11:00,2026-08-25T23:40:00,2026-08-25T23:40:00,true,9,12,690,4,1,
5395,109,Backup job failed,2026-08-24T16:09:00,2026-08-24T17:35:00,2026-08-25T16:09:00,2026-08-25T16:09:00,true,9,15,858,1,1,
6509,119,Outlook not syncing,2026-08-24T16:23:00,2026-08-25T01:01:00,2026-08-25T13:23:00,2026-08-25T13:23:00,true,9,13,668,2,1,
4434,102,Password reset,2026-08-24T16:58:00,2026-08-25T00:21:00,2026-08-25T01:58:00,2026-08-25T01:58:00,true,9,15,500,4,2,
6720,121,Backup job failed,2026-08-24T17:42:00,2026-08-24T19:11:00,2026-08-24T22:42:00,2026-08-24T22:42:00,true,9,14,619,3,1,
5520,110,Outlook not syncing,2026-08-24T19:13:00,2026-08-24T20:32:00,2026-08-25T16:13:00,2026-08-25T16:13:00,true,9,,501,2,2,
